/*
 Navicat Premium Dump SQL

 Source Server         : mysql80
 Source Server Type    : MySQL
 Source Server Version : 80036 (8.0.36)
 Source Host           : localhost:3306
 Source Schema         : moxun

 Target Server Type    : MySQL
 Target Server Version : 80036 (8.0.36)
 File Encoding         : 65001

 Date: 29/03/2026 13:29:49
*/

SET NAMES utf8mb4;
SET FOREIGN_KEY_CHECKS = 0;

-- ----------------------------
-- Table structure for answer_likes
-- ----------------------------
DROP TABLE IF EXISTS `answer_likes`;
CREATE TABLE `answer_likes`  (
  `id` bigint NOT NULL AUTO_INCREMENT COMMENT '点赞ID',
  `answer_id` bigint NOT NULL COMMENT '回答ID',
  `user_id` bigint NOT NULL COMMENT '用户ID',
  `create_time` datetime NOT NULL DEFAULT CURRENT_TIMESTAMP COMMENT '创建时间',
  PRIMARY KEY (`id`) USING BTREE,
  UNIQUE INDEX `uk_user_answer`(`user_id` ASC, `answer_id` ASC) USING BTREE,
  INDEX `fk_answer_likes_answer`(`answer_id` ASC) USING BTREE,
  CONSTRAINT `fk_answer_likes_answer` FOREIGN KEY (`answer_id`) REFERENCES `answers` (`id`) ON DELETE CASCADE ON UPDATE RESTRICT,
  CONSTRAINT `fk_answer_likes_user` FOREIGN KEY (`user_id`) REFERENCES `users` (`id`) ON DELETE CASCADE ON UPDATE RESTRICT
) ENGINE = InnoDB AUTO_INCREMENT = 84 CHARACTER SET = utf8mb4 COLLATE = utf8mb4_0900_ai_ci COMMENT = '回答点赞表' ROW_FORMAT = Dynamic;

-- ----------------------------
-- Records of answer_likes
-- ----------------------------
INSERT INTO `answer_likes` VALUES (1, 1, 1, '2025-11-21 13:45:30');
INSERT INTO `answer_likes` VALUES (2, 1, 2, '2025-11-21 13:45:30');
INSERT INTO `answer_likes` VALUES (3, 1, 5, '2025-11-21 13:45:30');
INSERT INTO `answer_likes` VALUES (4, 1, 6, '2025-11-21 13:45:30');
INSERT INTO `answer_likes` VALUES (5, 1, 8, '2025-11-21 13:45:30');
INSERT INTO `answer_likes` VALUES (6, 1, 9, '2025-11-21 13:45:30');
INSERT INTO `answer_likes` VALUES (7, 2, 1, '2025-11-21 13:45:30');
INSERT INTO `answer_likes` VALUES (8, 2, 2, '2025-11-21 13:45:30');
INSERT INTO `answer_likes` VALUES (9, 2, 5, '2025-11-21 13:45:30');
INSERT INTO `answer_likes` VALUES (10, 2, 9, '2025-11-21 13:45:30');
INSERT INTO `answer_likes` VALUES (11, 3, 2, '2025-11-21 13:45:30');
INSERT INTO `answer_likes` VALUES (12, 3, 5, '2025-11-21 13:45:30');
INSERT INTO `answer_likes` VALUES (13, 4, 1, '2025-11-21 13:45:30');
INSERT INTO `answer_likes` VALUES (14, 4, 2, '2025-11-21 13:45:30');
INSERT INTO `answer_likes` VALUES (15, 4, 5, '2025-11-21 13:45:30');
INSERT INTO `answer_likes` VALUES (16, 4, 6, '2025-11-21 13:45:30');
INSERT INTO `answer_likes` VALUES (17, 4, 8, '2025-11-21 13:45:30');
INSERT INTO `answer_likes` VALUES (18, 4, 9, '2025-11-21 13:45:30');
INSERT INTO `answer_likes` VALUES (19, 5, 1, '2025-11-21 13:45:30');
INSERT INTO `answer_likes` VALUES (20, 5, 2, '2025-11-21 13:45:30');
INSERT INTO `answer_likes` VALUES (21, 5, 6, '2025-11-21 13:45:30');
INSERT INTO `answer_likes` VALUES (22, 6, 1, '2025-11-21 13:45:30');
INSERT INTO `answer_likes` VALUES (23, 6, 8, '2025-11-21 13:45:30');
INSERT INTO `answer_likes` VALUES (24, 7, 2, '2025-11-21 13:45:30');
INSERT INTO `answer_likes` VALUES (25, 7, 9, '2025-11-21 13:45:30');
INSERT INTO `answer_likes` VALUES (26, 8, 1, '2025-11-21 13:45:30');
INSERT INTO `answer_likes` VALUES (27, 8, 2, '2025-11-21 13:45:30');
INSERT INTO `answer_likes` VALUES (28, 8, 5, '2025-11-21 13:45:30');
INSERT INTO `answer_likes` VALUES (29, 8, 9, '2025-11-21 13:45:30');
INSERT INTO `answer_likes` VALUES (30, 9, 1, '2025-11-21 13:45:30');
INSERT INTO `answer_likes` VALUES (31, 9, 5, '2025-11-21 13:45:30');
INSERT INTO `answer_likes` VALUES (32, 10, 2, '2025-11-21 13:45:30');
INSERT INTO `answer_likes` VALUES (33, 10, 6, '2025-11-21 13:45:30');
INSERT INTO `answer_likes` VALUES (34, 11, 1, '2025-11-21 13:45:30');
INSERT INTO `answer_likes` VALUES (35, 11, 2, '2025-11-21 13:45:30');
INSERT INTO `answer_likes` VALUES (36, 11, 5, '2025-11-21 13:45:30');
INSERT INTO `answer_likes` VALUES (37, 11, 9, '2025-11-21 13:45:30');
INSERT INTO `answer_likes` VALUES (38, 12, 1, '2025-11-21 13:45:30');
INSERT INTO `answer_likes` VALUES (39, 12, 2, '2025-11-21 13:45:30');
INSERT INTO `answer_likes` VALUES (40, 13, 5, '2025-11-21 13:45:30');
INSERT INTO `answer_likes` VALUES (41, 13, 9, '2025-11-21 13:45:30');

-- ----------------------------
-- Table structure for answers
-- ----------------------------
DROP TABLE IF EXISTS `answers`;
CREATE TABLE `answers`  (
  `id` bigint NOT NULL AUTO_INCREMENT COMMENT '回答ID',
  `question_id` bigint NOT NULL COMMENT '问题ID',
  `user_id` bigint NOT NULL COMMENT '回答用户ID',
  `content` text CHARACTER SET utf8mb4 COLLATE utf8mb4_0900_ai_ci NOT NULL COMMENT '回答内容',
  `is_accepted` tinyint(1) NULL DEFAULT 0 COMMENT '是否被采纳',
  `like_count` int NULL DEFAULT 0 COMMENT '点赞数',
  `create_time` datetime NOT NULL DEFAULT CURRENT_TIMESTAMP COMMENT '创建时间',
  `update_time` datetime NOT NULL DEFAULT CURRENT_TIMESTAMP ON UPDATE CURRENT_TIMESTAMP COMMENT '更新时间',
  PRIMARY KEY (`id`) USING BTREE,
  INDEX `idx_question_id`(`question_id` ASC) USING BTREE,
  INDEX `idx_user_id`(`user_id` ASC) USING BTREE,
  CONSTRAINT `fk_answers_question` FOREIGN KEY (`question_id`) REFERENCES `questions` (`id`) ON DELETE CASCADE ON UPDATE RESTRICT,
  CONSTRAINT `fk_answers_user` FOREIGN KEY (`user_id`) REFERENCES `users` (`id`) ON DELETE CASCADE ON UPDATE RESTRICT
) ENGINE = InnoDB AUTO_INCREMENT = 124 CHARACTER SET = utf8mb4 COLLATE = utf8mb4_0900_ai_ci COMMENT = '回答表' ROW_FORMAT = Dynamic;

-- ----------------------------
-- Records of answers
-- ----------------------------
INSERT INTO `answers` VALUES (1, 1, 3, 'Vue组件通信有多种方式：\n1. Props和Events：父子组件通信的基本方式\n2. Vuex：复杂组件间的状态管理\n3. EventBus：简单的跨组件通信\n4. Provide/Inject：深层嵌套组件通信\n\n对于你的问题，Vuex适合用于大型应用或多组件共享状态，而事件总线适合简单的场景。建议先掌握Props和Events，再学习其他方式。', 1, 24, '2025-11-21 13:45:30', '2025-11-21 13:45:30');
INSERT INTO `answers` VALUES (2, 1, 7, '补充一点，Vue 3中新增了Composition API，可以使用hooks方式共享状态和逻辑，比传统的通信方式更灵活。另外，如果是小型项目，可以考虑使用provide/inject代替Vuex，简化状态管理。', 0, 15, '2025-11-21 13:45:30', '2025-11-21 13:45:30');
INSERT INTO `answers` VALUES (3, 1, 4, '我在实际项目中，对于中小型应用，更倾向于使用EventBus而非Vuex，因为配置简单。但要注意在组件销毁时解绑事件，避免内存泄漏。Vue 3中推荐使用mitt或tiny-emitter替代原生EventBus。', 0, 8, '2025-11-21 13:45:30', '2025-11-21 13:45:30');
INSERT INTO `answers` VALUES (4, 2, 3, 'JavaScript闭包是指有权访问另一个函数作用域中变量的函数。简单说，闭包就是一个函数，它记住了它创建时的环境。\n\n闭包的主要用途：\n1. 数据私有化\n2. 函数工厂\n3. 模块化开发\n\n示例：\n```javascript\nfunction createCounter() {\n  let count = 0;\n  return function() {\n    return ++count;\n  };\n}\n\nconst counter = createCounter();\nconsole.log(counter()); // 1\nconsole.log(counter()); // 2\n```\n\n这里counter函数就是一个闭包，它\"记住\"了count变量。', 1, 32, '2025-11-21 13:45:30', '2025-11-21 13:45:30');
INSERT INTO `answers` VALUES (5, 2, 7, '闭包确实是JavaScript中较难理解的概念。补充一点，闭包常见的问题是内存泄漏，因为闭包会保持对外部变量的引用。在使用时要注意及时释放不需要的引用。', 0, 18, '2025-11-21 13:45:30', '2025-11-21 13:45:30');
INSERT INTO `answers` VALUES (6, 2, 1, '我理解闭包的一个好方法是把它看作是一个\"背包\"，函数带着这个装有变量的\"背包\"到处跑。这在实现私有变量、柯里化、记忆化等场景非常有用。', 0, 12, '2025-11-21 13:45:30', '2025-11-21 13:45:30');
INSERT INTO `answers` VALUES (7, 2, 5, '闭包在前端开发中非常常见，比如事件处理函数、定时器回调、Ajax请求回调等。理解闭包对理解JavaScript的异步编程模型很有帮助。', 0, 9, '2025-11-21 13:45:30', '2025-11-21 13:45:30');
INSERT INTO `answers` VALUES (8, 3, 4, 'CSS Grid和Flexbox是两种强大的布局工具，但适用场景不同：\n\nFlexbox（一维布局）：\n- 适合处理一行或一列的元素排列\n- 内容优先，尺寸根据内容调整\n- 适合组件级别的小布局\n\nGrid（二维布局）：\n- 同时控制行和列\n- 布局优先，先定义网格，再放置元素\n- 适合整页或大区域的布局\n\n简单说：小布局用Flexbox，大布局用Grid。两者可以结合使用，Grid处理整体，Flexbox处理细节。', 1, 21, '2025-11-21 13:45:30', '2025-11-21 13:45:30');
INSERT INTO `answers` VALUES (9, 3, 3, '补充一个实际例子：导航菜单通常用Flexbox更合适，因为它是一维的；而整个页面布局，包括头部、侧边栏、主内容区、底部这种结构，用Grid更合适。', 0, 14, '2025-11-21 13:45:30', '2025-11-21 13:45:30');
INSERT INTO `answers` VALUES (10, 4, 7, 'Pandas处理缺失值有多种策略：\n\n1. 删除缺失值：\n```python\ndf.dropna()  # 删除包含任何缺失值的行\ndf.dropna(axis=1)  # 删除包含任何缺失值的列\n```\n\n2. 填充缺失值：\n```python\ndf.fillna(0)  # 用0填充\ndf.fillna(method=\"ffill\")  # 用前一个值填充\ndf.fillna(df.mean())  # 用平均值填充\n```\n\n选择策略取决于：\n- 缺失值比例（比例高时不宜删除）\n- 数据类型（数值型可用统计量填充）\n- 缺失原因（了解业务背景）\n\n建议：先探索性分析了解缺失情况，再决定策略，不要盲目删除。', 1, 19, '2025-11-21 13:45:30', '2025-11-21 13:45:30');
INSERT INTO `answers` VALUES (11, 4, 3, '处理缺失值时，还可以考虑使用更高级的方法，如KNN或随机森林进行插补，这在scikit-learn中有实现。另外，缺失值本身可能包含信息，可以创建\"是否缺失\"的新特征。', 0, 11, '2025-11-21 13:45:30', '2025-11-21 13:45:30');
INSERT INTO `answers` VALUES (12, 4, 5, '在实际工作中，我发现理解缺失值的业务含义非常重要。例如，客户调查中的缺失可能表示\"不适用\"而非\"不知道\"，这会影响处理策略。', 0, 7, '2025-11-21 13:45:30', '2025-11-21 13:45:30');
INSERT INTO `answers` VALUES (13, 5, 3, 'Spring Security实现权限控制的步骤：\n\n1. 添加依赖：\n```xml\n<dependency>\n    <groupId>org.springframework.boot</groupId>\n    <artifactId>spring-boot-starter-security</artifactId>\n</dependency>\n```\n\n2. 创建安全配置类：\n```java\n@Configuration\n@EnableWebSecurity\npublic class SecurityConfig extends WebSecurityConfigurerAdapter {\n    @Override\n    protected void configure(HttpSecurity http) throws Exception {\n        http.authorizeRequests()\n            .antMatchers(\"/admin/**\").hasRole(\"ADMIN\")\n            .antMatchers(\"/user/**\").hasAnyRole(\"USER\", \"ADMIN\")\n            .anyRequest().authenticated()\n            .and()\n            .formLogin();\n    }\n}\n```\n\n3. 实现UserDetailsService接口，从数据库加载用户信息\n\n4. 使用@PreAuthorize注解进行方法级权限控制\n\n完整实现可以参考Spring官方文档或我的GitHub示例项目。', 1, 25, '2025-11-21 13:45:30', '2025-11-21 13:45:30');
INSERT INTO `answers` VALUES (14, 5, 7, '补充一点，在微服务架构中，可以考虑使用OAuth2和JWT实现分布式权限控制。Spring Security OAuth2提供了良好的支持。', 0, 13, '2025-11-21 13:45:30', '2025-11-21 13:45:30');
INSERT INTO `answers` VALUES (15, 3, 14, 'To connect to a database or schema, simply double-click it in the pane. Navicat Monitor requires a repository to store alerts and metrics for historical analysis. With its well-designed Graphical User Interface(GUI), Navicat lets you quickly and easily create, organize, access and share information in a secure and easy way. All the Navicat Cloud objects are located under different projects. You can share the project to other Navicat Cloud accounts for collaboration. Creativity is intelligence having fun. Success consists of going from failure to failure without loss of enthusiasm. Always keep your eyes open. Keep watching. Because whatever you see can inspire you. The reason why a great man is great is that he resolves to be a great man. Secure SHell (SSH) is a program to log in into another computer over a network, execute commands on a remote server, and move files from one machine to another. Navicat Data Modeler is a powerful and cost-effective database design tool which helps you build high-quality conceptual, logical and physical data models. The Main Window consists of several toolbars and panes for you to work on connections, database objects and advanced tools. The past has no power over the present moment. Sometimes you win, sometimes you learn. To start working with your server in Navicat, you should first establish a connection or several connections using the Connection window. Optimism is the one quality more associated with success and happiness than any other. Optimism is the one quality more associated with success and happiness than any other. Navicat provides a wide range advanced features, such as compelling code editing capabilities, smart code-completion, SQL formatting, and more. Navicat provides a wide range advanced features, such as compelling code editing capabilities, smart code-completion, SQL formatting, and more. HTTP Tunneling is a method for connecting to a server that uses the same protocol (http://) and the same port (port 80) as a web server does. Navicat Monitor is a safe, simple and agentless remote server monitoring tool that is packed with powerful features to make your monitoring effective as possible. Navicat authorizes you to make connection to remote servers running on different platforms (i.e. Windows, macOS, Linux and UNIX), and supports PAM and GSSAPI authentication. Navicat Cloud provides a cloud service for synchronizing connections, queries, model files and virtual group information from Navicat, other Navicat family members, different machines and different platforms. Remember that failure is an event, not a person. Actually it is just in an idea when feel oneself can achieve and cannot achieve. To open a query using an external editor, control-click it and select Open with External Editor. You can set the file path of an external editor in Preferences. All the Navicat Cloud objects are located under different projects. You can share the project to other Navicat Cloud accounts for collaboration. Monitored servers include MySQL, MariaDB and SQL Server, and compatible with cloud databases like Amazon RDS, Amazon Aurora, Oracle Cloud, Google Cloud and Microsoft Azure. If the Show objects under schema in navigation pane option is checked at the Preferences window, all database objects are also displayed in the pane. Difficult circumstances serve as a textbook of life for people. To clear or reload various internal caches, flush tables, or acquire locks, control-click your connection in the Navigation pane and select Flush and choose the flush option. You must have the reload privilege to use this feature. Anyone who has ever made anything of importance was disciplined. Difficult circumstances serve as a textbook of life for people. If the Show objects under schema in navigation pane option is checked at the Preferences window, all database objects are also displayed in the pane. Remember that failure is an event, not a person. SQL Editor allows you to create and edit SQL text, prepare and execute selected queries. Champions keep playing until they get it right. If opportunity doesn’t knock, build a door. A query is used to extract data from the database in a readable format according to the user\'s request. I will greet this day with love in my heart.', 103, 321, '2013-02-19 15:14:13', '2019-01-25 01:26:32');
INSERT INTO `answers` VALUES (16, 2, 2, 'If the plan doesn’t work, change the plan, but never the goal. All the Navicat Cloud objects are located under different projects. You can share the project to other Navicat Cloud accounts for collaboration. Genius is an infinite capacity for taking pains. Navicat is a multi-connections Database Administration tool allowing you to connect to MySQL, Oracle, PostgreSQL, SQLite, SQL Server, MariaDB and/or MongoDB databases, making database administration to multiple kinds of database so easy. Navicat Cloud could not connect and access your databases. By which it means, it could only store your connection settings, queries, model files, and virtual group; your database passwords and data (e.g. tables, views, etc) will not be stored to Navicat Cloud. The past has no power over the present moment. Instead of wondering when your next vacation is, maybe you should set up a life you don’t need to escape from. Champions keep playing until they get it right. Creativity is intelligence having fun. Navicat 15 has added support for the system-wide dark mode. There is no way to happiness. Happiness is the way. Navicat 15 has added support for the system-wide dark mode. Creativity is intelligence having fun. Secure SHell (SSH) is a program to log in into another computer over a network, execute commands on a remote server, and move files from one machine to another. A man is not old until regrets take the place of dreams.', 35, 435, '2023-05-04 00:34:14', '2016-04-22 23:13:55');
INSERT INTO `answers` VALUES (17, 1, 17, 'In the middle of winter I at last discovered that there was in me an invincible summer. SSH serves to prevent such vulnerabilities and allows you to access a remote server\'s shell without compromising security. Export Wizard allows you to export data from tables, collections, views, or query results to any available formats. With its well-designed Graphical User Interface(GUI), Navicat lets you quickly and easily create, organize, access and share information in a secure and easy way. A comfort zone is a beautiful place, but nothing ever grows there. It wasn’t raining when Noah built the ark. You must be the change you wish to see in the world. Anyone who has never made a mistake has never tried anything new. Optimism is the one quality more associated with success and happiness than any other. Instead of wondering when your next vacation is, maybe you should set up a life you don’t need to escape from. Optimism is the one quality more associated with success and happiness than any other. SQL Editor allows you to create and edit SQL text, prepare and execute selected queries. SQL Editor allows you to create and edit SQL text, prepare and execute selected queries. Sometimes you win, sometimes you learn. You can select any connections, objects or projects, and then select the corresponding buttons on the Information Pane. Navicat Data Modeler is a powerful and cost-effective database design tool which helps you build high-quality conceptual, logical and physical data models. Instead of wondering when your next vacation is, maybe you should set up a life you don’t need to escape from. The Main Window consists of several toolbars and panes for you to work on connections, database objects and advanced tools. The repository database can be an existing MySQL, MariaDB, PostgreSQL, SQL Server, or Amazon RDS instance. The past has no power over the present moment. I destroy my enemies when I make them my friends. If your Internet Service Provider (ISP) does not provide direct access to its server, Secure Tunneling Protocol (SSH) / HTTP is another solution.', 56, 625, '2009-06-10 22:27:12', '2017-03-09 00:41:49');
INSERT INTO `answers` VALUES (18, 3, 5, 'After comparing data, the window shows the number of records that will be inserted, updated or deleted in the target. To get a secure connection, the first thing you need to do is to install OpenSSL Library and download Database Source. Difficult circumstances serve as a textbook of life for people. Instead of wondering when your next vacation is, maybe you should set up a life you don’t need to escape from. Optimism is the one quality more associated with success and happiness than any other. If it scares you, it might be a good thing to try. To clear or reload various internal caches, flush tables, or acquire locks, control-click your connection in the Navigation pane and select Flush and choose the flush option. You must have the reload privilege to use this feature. How we spend our days is, of course, how we spend our lives. Navicat Monitor is a safe, simple and agentless remote server monitoring tool that is packed with powerful features to make your monitoring effective as possible. It is used while your ISPs do not allow direct connections, but allows establishing HTTP connections. Navicat Data Modeler enables you to build high-quality conceptual, logical and physical data models for a wide variety of audiences.', 101, 13, '2001-06-07 03:43:31', '2010-06-07 18:47:31');
INSERT INTO `answers` VALUES (19, 5, 16, 'Typically, it is employed as an encrypted version of Telnet. You cannot save people, you can just love them. You can select any connections, objects or projects, and then select the corresponding buttons on the Information Pane. HTTP Tunneling is a method for connecting to a server that uses the same protocol (http://) and the same port (port 80) as a web server does. In a Telnet session, all communications, including username and password, are transmitted in plain-text, allowing anyone to listen-in on your session and steal passwords and other information. SSH serves to prevent such vulnerabilities and allows you to access a remote server\'s shell without compromising security. In other words, Navicat provides the ability for data in different databases and/or schemas to be kept up-to-date so that each repository contains the same information. After logged in the Navicat Cloud feature, the Navigation pane will be divided into Navicat Cloud and My Connections sections. Navicat Data Modeler enables you to build high-quality conceptual, logical and physical data models for a wide variety of audiences. Secure SHell (SSH) is a program to log in into another computer over a network, execute commands on a remote server, and move files from one machine to another. A man is not old until regrets take the place of dreams. It wasn’t raining when Noah built the ark. In the Objects tab, you can use the List List, Detail Detail and ER Diagram ER Diagram buttons to change the object view. Navicat is a multi-connections Database Administration tool allowing you to connect to MySQL, Oracle, PostgreSQL, SQLite, SQL Server, MariaDB and/or MongoDB databases, making database administration to multiple kinds of database so easy. Navicat Data Modeler is a powerful and cost-effective database design tool which helps you build high-quality conceptual, logical and physical data models. The Information Pane shows the detailed object information, project activities, the DDL of database objects, object dependencies, membership of users/roles and preview. If you wait, all that happens is you get older. How we spend our days is, of course, how we spend our lives. In other words, Navicat provides the ability for data in different databases and/or schemas to be kept up-to-date so that each repository contains the same information. Navicat Cloud provides a cloud service for synchronizing connections, queries, model files and virtual group information from Navicat, other Navicat family members, different machines and different platforms. To connect to a database or schema, simply double-click it in the pane. Optimism is the one quality more associated with success and happiness than any other. If you wait, all that happens is you get older. SSH serves to prevent such vulnerabilities and allows you to access a remote server\'s shell without compromising security. Navicat allows you to transfer data from one database and/or schema to another with detailed analytical process. Flexible settings enable you to set up a custom key for comparison and synchronization. Navicat Cloud could not connect and access your databases. By which it means, it could only store your connection settings, queries, model files, and virtual group; your database passwords and data (e.g. tables, views, etc) will not be stored to Navicat Cloud. Navicat Cloud could not connect and access your databases. By which it means, it could only store your connection settings, queries, model files, and virtual group; your database passwords and data (e.g. tables, views, etc) will not be stored to Navicat Cloud. SSH serves to prevent such vulnerabilities and allows you to access a remote server\'s shell without compromising security. Navicat authorizes you to make connection to remote servers running on different platforms (i.e. Windows, macOS, Linux and UNIX), and supports PAM and GSSAPI authentication. You cannot save people, you can just love them. Champions keep playing until they get it right. What you get by achieving your goals is not as important as what you become by achieving your goals. A man is not old until regrets take the place of dreams. HTTP Tunneling is a method for connecting to a server that uses the same protocol (http://) and the same port (port 80) as a web server does. Navicat is a multi-connections Database Administration tool allowing you to connect to MySQL, Oracle, PostgreSQL, SQLite, SQL Server, MariaDB and/or MongoDB databases, making database administration to multiple kinds of database so easy. A man’s best friends are his ten fingers. Optimism is the one quality more associated with success and happiness than any other. Navicat Monitor is a safe, simple and agentless remote server monitoring tool that is packed with powerful features to make your monitoring effective as possible. Navicat Monitor is a safe, simple and agentless remote server monitoring tool that is packed with powerful features to make your monitoring effective as possible. The reason why a great man is great is that he resolves to be a great man. Success consists of going from failure to failure without loss of enthusiasm. The first step is as good as half over. If opportunity doesn’t knock, build a door. SSH serves to prevent such vulnerabilities and allows you to access a remote server\'s shell without compromising security. In a Telnet session, all communications, including username and password, are transmitted in plain-text, allowing anyone to listen-in on your session and steal passwords and other information. If it scares you, it might be a good thing to try. Secure Sockets Layer(SSL) is a protocol for transmitting private documents via the Internet. A man’s best friends are his ten fingers. You will succeed because most people are lazy. SQL Editor allows you to create and edit SQL text, prepare and execute selected queries. To successfully establish a new connection to local/remote server - no matter via SSL or SSH, set the database login information in the General tab. If the plan doesn’t work, change the plan, but never the goal. Always keep your eyes open. Keep watching. Because whatever you see can inspire you. Navicat provides powerful tools for working with queries: Query Editor for editing the query text directly, and Query Builder, Find Builder or Aggregate Builder for building queries visually. To start working with your server in Navicat, you should first establish a connection or several connections using the Connection window. Navicat Cloud provides a cloud service for synchronizing connections, queries, model files and virtual group information from Navicat, other Navicat family members, different machines and different platforms. Anyone who has never made a mistake has never tried anything new. HTTP Tunneling is a method for connecting to a server that uses the same protocol (http://) and the same port (port 80) as a web server does. A man’s best friends are his ten fingers. You can select any connections, objects or projects, and then select the corresponding buttons on the Information Pane. Optimism is the one quality more associated with success and happiness than any other. Optimism is the one quality more associated with success and happiness than any other. How we spend our days is, of course, how we spend our lives. Navicat Monitor can be installed on any local computer or virtual machine and does not require any software installation on the servers being monitored. I destroy my enemies when I make them my friends. You must be the change you wish to see in the world. The Synchronize to Database function will give you a full picture of all database differences. Anyone who has never made a mistake has never tried anything new. To connect to a database or schema, simply double-click it in the pane. Remember that failure is an event, not a person. To open a query using an external editor, control-click it and select Open with External Editor. You can set the file path of an external editor in Preferences.', 105, 367, '2014-08-19 02:53:02', '2025-05-11 09:20:36');
INSERT INTO `answers` VALUES (20, 3, 9, 'Navicat Data Modeler enables you to build high-quality conceptual, logical and physical data models for a wide variety of audiences. Typically, it is employed as an encrypted version of Telnet. Anyone who has ever made anything of importance was disciplined. Navicat Monitor can be installed on any local computer or virtual machine and does not require any software installation on the servers being monitored. Navicat Monitor can be installed on any local computer or virtual machine and does not require any software installation on the servers being monitored. You must be the change you wish to see in the world. Navicat Monitor is a safe, simple and agentless remote server monitoring tool that is packed with powerful features to make your monitoring effective as possible. I may not have gone where I intended to go, but I think I have ended up where I needed to be. All journeys have secret destinations of which the traveler is unaware. The first step is as good as half over. It is used while your ISPs do not allow direct connections, but allows establishing HTTP connections. A man’s best friends are his ten fingers. The reason why a great man is great is that he resolves to be a great man. SQL Editor allows you to create and edit SQL text, prepare and execute selected queries. Anyone who has ever made anything of importance was disciplined. Difficult circumstances serve as a textbook of life for people. You must be the change you wish to see in the world. To clear or reload various internal caches, flush tables, or acquire locks, control-click your connection in the Navigation pane and select Flush and choose the flush option. You must have the reload privilege to use this feature. The past has no power over the present moment. Creativity is intelligence having fun. Optimism is the one quality more associated with success and happiness than any other. Anyone who has ever made anything of importance was disciplined. Export Wizard allows you to export data from tables, collections, views, or query results to any available formats. In a Telnet session, all communications, including username and password, are transmitted in plain-text, allowing anyone to listen-in on your session and steal passwords and other information. It can also manage cloud databases such as Amazon Redshift, Amazon RDS, Alibaba Cloud. Features in Navicat are sophisticated enough to provide professional developers for all their specific needs, yet easy to learn for users who are new to database server. Instead of wondering when your next vacation is, maybe you should set up a life you don’t need to escape from. With its well-designed Graphical User Interface(GUI), Navicat lets you quickly and easily create, organize, access and share information in a secure and easy way. In a Telnet session, all communications, including username and password, are transmitted in plain-text, allowing anyone to listen-in on your session and steal passwords and other information. Anyone who has never made a mistake has never tried anything new. After logged in the Navicat Cloud feature, the Navigation pane will be divided into Navicat Cloud and My Connections sections. Navicat allows you to transfer data from one database and/or schema to another with detailed analytical process. Such sessions are also susceptible to session hijacking, where a malicious user takes over your session once you have authenticated. HTTP Tunneling is a method for connecting to a server that uses the same protocol (http://) and the same port (port 80) as a web server does. What you get by achieving your goals is not as important as what you become by achieving your goals. Navicat authorizes you to make connection to remote servers running on different platforms (i.e. Windows, macOS, Linux and UNIX), and supports PAM and GSSAPI authentication. You must be the change you wish to see in the world. To successfully establish a new connection to local/remote server - no matter via SSL, SSH or HTTP, set the database login information in the General tab. It collects process metrics such as CPU load, RAM usage, and a variety of other resources over SSH/SNMP. Difficult circumstances serve as a textbook of life for people. Navicat Monitor requires a repository to store alerts and metrics for historical analysis. Navicat 15 has added support for the system-wide dark mode. If it scares you, it might be a good thing to try. It can also manage cloud databases such as Amazon Redshift, Amazon RDS, Alibaba Cloud. Features in Navicat are sophisticated enough to provide professional developers for all their specific needs, yet easy to learn for users who are new to database server. With its well-designed Graphical User Interface(GUI), Navicat lets you quickly and easily create, organize, access and share information in a secure and easy way. To connect to a database or schema, simply double-click it in the pane. What you get by achieving your goals is not as important as what you become by achieving your goals. Success consists of going from failure to failure without loss of enthusiasm. The Main Window consists of several toolbars and panes for you to work on connections, database objects and advanced tools. If the plan doesn’t work, change the plan, but never the goal. Genius is an infinite capacity for taking pains. It collects process metrics such as CPU load, RAM usage, and a variety of other resources over SSH/SNMP. A comfort zone is a beautiful place, but nothing ever grows there. If it scares you, it might be a good thing to try. Navicat Cloud provides a cloud service for synchronizing connections, queries, model files and virtual group information from Navicat, other Navicat family members, different machines and different platforms. How we spend our days is, of course, how we spend our lives. You must be the change you wish to see in the world. In the Objects tab, you can use the List List, Detail Detail and ER Diagram ER Diagram buttons to change the object view. Remember that failure is an event, not a person. The past has no power over the present moment. Navicat provides powerful tools for working with queries: Query Editor for editing the query text directly, and Query Builder, Find Builder or Aggregate Builder for building queries visually. If your Internet Service Provider (ISP) does not provide direct access to its server, Secure Tunneling Protocol (SSH) / HTTP is another solution. The past has no power over the present moment. If the plan doesn’t work, change the plan, but never the goal. If the Show objects under schema in navigation pane option is checked at the Preferences window, all database objects are also displayed in the pane. If your Internet Service Provider (ISP) does not provide direct access to its server, Secure Tunneling Protocol (SSH) / HTTP is another solution. Navicat 15 has added support for the system-wide dark mode. In the middle of winter I at last discovered that there was in me an invincible summer. The Navigation pane employs tree structure which allows you to take action upon the database and their objects through their pop-up menus quickly and easily. To clear or reload various internal caches, flush tables, or acquire locks, control-click your connection in the Navigation pane and select Flush and choose the flush option. You must have the reload privilege to use this feature. Export Wizard allows you to export data from tables, collections, views, or query results to any available formats. Actually it is just in an idea when feel oneself can achieve and cannot achieve. There is no way to happiness. Happiness is the way. A query is used to extract data from the database in a readable format according to the user\'s request. If your Internet Service Provider (ISP) does not provide direct access to its server, Secure Tunneling Protocol (SSH) / HTTP is another solution. The repository database can be an existing MySQL, MariaDB, PostgreSQL, SQL Server, or Amazon RDS instance. Creativity is intelligence having fun. It wasn’t raining when Noah built the ark. Anyone who has ever made anything of importance was disciplined. It is used while your ISPs do not allow direct connections, but allows establishing HTTP connections. SQL Editor allows you to create and edit SQL text, prepare and execute selected queries. Navicat Monitor is a safe, simple and agentless remote server monitoring tool that is packed with powerful features to make your monitoring effective as possible. Anyone who has ever made anything of importance was disciplined. You must be the change you wish to see in the world. There is no way to happiness. Happiness is the way. Navicat is a multi-connections Database Administration tool allowing you to connect to MySQL, Oracle, PostgreSQL, SQLite, SQL Server, MariaDB and/or MongoDB databases, making database administration to multiple kinds of database so easy.', 113, 225, '2020-05-09 05:09:59', '2024-12-11 11:23:19');
INSERT INTO `answers` VALUES (21, 4, 5, 'Sometimes you win, sometimes you learn. Genius is an infinite capacity for taking pains. The Synchronize to Database function will give you a full picture of all database differences. The Navigation pane employs tree structure which allows you to take action upon the database and their objects through their pop-up menus quickly and easily. The Information Pane shows the detailed object information, project activities, the DDL of database objects, object dependencies, membership of users/roles and preview. The past has no power over the present moment. If the Show objects under schema in navigation pane option is checked at the Preferences window, all database objects are also displayed in the pane. Champions keep playing until they get it right. A comfort zone is a beautiful place, but nothing ever grows there. Success consists of going from failure to failure without loss of enthusiasm. In a Telnet session, all communications, including username and password, are transmitted in plain-text, allowing anyone to listen-in on your session and steal passwords and other information. After logged in the Navicat Cloud feature, the Navigation pane will be divided into Navicat Cloud and My Connections sections. The Main Window consists of several toolbars and panes for you to work on connections, database objects and advanced tools. There is no way to happiness. Happiness is the way. If it scares you, it might be a good thing to try. Navicat provides powerful tools for working with queries: Query Editor for editing the query text directly, and Query Builder, Find Builder or Aggregate Builder for building queries visually. Navicat Data Modeler enables you to build high-quality conceptual, logical and physical data models for a wide variety of audiences. It collects process metrics such as CPU load, RAM usage, and a variety of other resources over SSH/SNMP. Optimism is the one quality more associated with success and happiness than any other. You can select any connections, objects or projects, and then select the corresponding buttons on the Information Pane. Success consists of going from failure to failure without loss of enthusiasm. If it scares you, it might be a good thing to try. What you get by achieving your goals is not as important as what you become by achieving your goals. If the Show objects under schema in navigation pane option is checked at the Preferences window, all database objects are also displayed in the pane. SSH serves to prevent such vulnerabilities and allows you to access a remote server\'s shell without compromising security. The first step is as good as half over. Navicat provides powerful tools for working with queries: Query Editor for editing the query text directly, and Query Builder, Find Builder or Aggregate Builder for building queries visually. To start working with your server in Navicat, you should first establish a connection or several connections using the Connection window. Navicat is a multi-connections Database Administration tool allowing you to connect to MySQL, Oracle, PostgreSQL, SQLite, SQL Server, MariaDB and/or MongoDB databases, making database administration to multiple kinds of database so easy. You can select any connections, objects or projects, and then select the corresponding buttons on the Information Pane. A man’s best friends are his ten fingers. What you get by achieving your goals is not as important as what you become by achieving your goals. The repository database can be an existing MySQL, MariaDB, PostgreSQL, SQL Server, or Amazon RDS instance. Navicat Cloud provides a cloud service for synchronizing connections, queries, model files and virtual group information from Navicat, other Navicat family members, different machines and different platforms. Remember that failure is an event, not a person. A man’s best friends are his ten fingers. HTTP Tunneling is a method for connecting to a server that uses the same protocol (http://) and the same port (port 80) as a web server does. Creativity is intelligence having fun. You can select any connections, objects or projects, and then select the corresponding buttons on the Information Pane. The On Startup feature allows you to control what tabs appear when you launch Navicat. Instead of wondering when your next vacation is, maybe you should set up a life you don’t need to escape from. Secure Sockets Layer(SSL) is a protocol for transmitting private documents via the Internet. It collects process metrics such as CPU load, RAM usage, and a variety of other resources over SSH/SNMP. Navicat is a multi-connections Database Administration tool allowing you to connect to MySQL, Oracle, PostgreSQL, SQLite, SQL Server, MariaDB and/or MongoDB databases, making database administration to multiple kinds of database so easy. All the Navicat Cloud objects are located under different projects. You can share the project to other Navicat Cloud accounts for collaboration. To clear or reload various internal caches, flush tables, or acquire locks, control-click your connection in the Navigation pane and select Flush and choose the flush option. You must have the reload privilege to use this feature. All journeys have secret destinations of which the traveler is unaware. You must be the change you wish to see in the world. A man is not old until regrets take the place of dreams. Navicat is a multi-connections Database Administration tool allowing you to connect to MySQL, Oracle, PostgreSQL, SQLite, SQL Server, MariaDB and/or MongoDB databases, making database administration to multiple kinds of database so easy. The Navigation pane employs tree structure which allows you to take action upon the database and their objects through their pop-up menus quickly and easily. Navicat Monitor requires a repository to store alerts and metrics for historical analysis. Navicat Monitor requires a repository to store alerts and metrics for historical analysis. SQL Editor allows you to create and edit SQL text, prepare and execute selected queries. Flexible settings enable you to set up a custom key for comparison and synchronization. HTTP Tunneling is a method for connecting to a server that uses the same protocol (http://) and the same port (port 80) as a web server does. All the Navicat Cloud objects are located under different projects. You can share the project to other Navicat Cloud accounts for collaboration. I will greet this day with love in my heart. You can select any connections, objects or projects, and then select the corresponding buttons on the Information Pane. Difficult circumstances serve as a textbook of life for people. Champions keep playing until they get it right. Optimism is the one quality more associated with success and happiness than any other. SSH serves to prevent such vulnerabilities and allows you to access a remote server\'s shell without compromising security. Navicat Monitor requires a repository to store alerts and metrics for historical analysis. The repository database can be an existing MySQL, MariaDB, PostgreSQL, SQL Server, or Amazon RDS instance. To open a query using an external editor, control-click it and select Open with External Editor. You can set the file path of an external editor in Preferences. Import Wizard allows you to import data to tables/collections from CSV, TXT, XML, DBF and more. To successfully establish a new connection to local/remote server - no matter via SSL or SSH, set the database login information in the General tab. Navicat is a multi-connections Database Administration tool allowing you to connect to MySQL, Oracle, PostgreSQL, SQLite, SQL Server, MariaDB and/or MongoDB databases, making database administration to multiple kinds of database so easy. In the Objects tab, you can use the List List, Detail Detail and ER Diagram ER Diagram buttons to change the object view. Actually it is just in an idea when feel oneself can achieve and cannot achieve. Actually it is just in an idea when feel oneself can achieve and cannot achieve. Typically, it is employed as an encrypted version of Telnet. The first step is as good as half over. To start working with your server in Navicat, you should first establish a connection or several connections using the Connection window. Secure SHell (SSH) is a program to log in into another computer over a network, execute commands on a remote server, and move files from one machine to another. The Synchronize to Database function will give you a full picture of all database differences. The On Startup feature allows you to control what tabs appear when you launch Navicat. The past has no power over the present moment. Navicat Data Modeler enables you to build high-quality conceptual, logical and physical data models for a wide variety of audiences.', 12, 272, '2022-12-26 05:56:10', '2007-07-13 08:53:28');
INSERT INTO `answers` VALUES (22, 4, 11, 'The reason why a great man is great is that he resolves to be a great man. SSH serves to prevent such vulnerabilities and allows you to access a remote server\'s shell without compromising security. Export Wizard allows you to export data from tables, collections, views, or query results to any available formats. The Synchronize to Database function will give you a full picture of all database differences. Always keep your eyes open. Keep watching. Because whatever you see can inspire you. It provides strong authentication and secure encrypted communications between two hosts, known as SSH Port Forwarding (Tunneling), over an insecure network. To open a query using an external editor, control-click it and select Open with External Editor. You can set the file path of an external editor in Preferences. Navicat Cloud could not connect and access your databases. By which it means, it could only store your connection settings, queries, model files, and virtual group; your database passwords and data (e.g. tables, views, etc) will not be stored to Navicat Cloud. The Navigation pane employs tree structure which allows you to take action upon the database and their objects through their pop-up menus quickly and easily. HTTP Tunneling is a method for connecting to a server that uses the same protocol (http://) and the same port (port 80) as a web server does. The first step is as good as half over. The Synchronize to Database function will give you a full picture of all database differences. Remember that failure is an event, not a person. Navicat Data Modeler enables you to build high-quality conceptual, logical and physical data models for a wide variety of audiences. Secure SHell (SSH) is a program to log in into another computer over a network, execute commands on a remote server, and move files from one machine to another. With its well-designed Graphical User Interface(GUI), Navicat lets you quickly and easily create, organize, access and share information in a secure and easy way. Anyone who has ever made anything of importance was disciplined. If the plan doesn’t work, change the plan, but never the goal. Genius is an infinite capacity for taking pains. Import Wizard allows you to import data to tables/collections from CSV, TXT, XML, DBF and more. After logged in the Navicat Cloud feature, the Navigation pane will be divided into Navicat Cloud and My Connections sections. I destroy my enemies when I make them my friends. Navicat 15 has added support for the system-wide dark mode. With its well-designed Graphical User Interface(GUI), Navicat lets you quickly and easily create, organize, access and share information in a secure and easy way. Secure SHell (SSH) is a program to log in into another computer over a network, execute commands on a remote server, and move files from one machine to another. SQL Editor allows you to create and edit SQL text, prepare and execute selected queries. SSH serves to prevent such vulnerabilities and allows you to access a remote server\'s shell without compromising security. SSH serves to prevent such vulnerabilities and allows you to access a remote server\'s shell without compromising security. The past has no power over the present moment. A query is used to extract data from the database in a readable format according to the user\'s request. If the plan doesn’t work, change the plan, but never the goal. You cannot save people, you can just love them. Anyone who has never made a mistake has never tried anything new. There is no way to happiness. Happiness is the way. If it scares you, it might be a good thing to try. To successfully establish a new connection to local/remote server - no matter via SSL, SSH or HTTP, set the database login information in the General tab. Creativity is intelligence having fun. You will succeed because most people are lazy. The first step is as good as half over. I will greet this day with love in my heart. The first step is as good as half over. All the Navicat Cloud objects are located under different projects. You can share the project to other Navicat Cloud accounts for collaboration. Monitored servers include MySQL, MariaDB and SQL Server, and compatible with cloud databases like Amazon RDS, Amazon Aurora, Oracle Cloud, Google Cloud and Microsoft Azure. Champions keep playing until they get it right. I destroy my enemies when I make them my friends. A man’s best friends are his ten fingers. It can also manage cloud databases such as Amazon Redshift, Amazon RDS, Alibaba Cloud. Features in Navicat are sophisticated enough to provide professional developers for all their specific needs, yet easy to learn for users who are new to database server. Navicat is a multi-connections Database Administration tool allowing you to connect to MySQL, Oracle, PostgreSQL, SQLite, SQL Server, MariaDB and/or MongoDB databases, making database administration to multiple kinds of database so easy. Always keep your eyes open. Keep watching. Because whatever you see can inspire you. To start working with your server in Navicat, you should first establish a connection or several connections using the Connection window. I destroy my enemies when I make them my friends. Flexible settings enable you to set up a custom key for comparison and synchronization. It is used while your ISPs do not allow direct connections, but allows establishing HTTP connections.', 99, 713, '2002-01-15 18:46:28', '2021-02-14 23:58:01');
INSERT INTO `answers` VALUES (23, 5, 5, 'You cannot save people, you can just love them. If it scares you, it might be a good thing to try. After logged in the Navicat Cloud feature, the Navigation pane will be divided into Navicat Cloud and My Connections sections. In a Telnet session, all communications, including username and password, are transmitted in plain-text, allowing anyone to listen-in on your session and steal passwords and other information. Flexible settings enable you to set up a custom key for comparison and synchronization. Creativity is intelligence having fun. In the middle of winter I at last discovered that there was in me an invincible summer. To successfully establish a new connection to local/remote server - no matter via SSL or SSH, set the database login information in the General tab. Genius is an infinite capacity for taking pains. If the Show objects under schema in navigation pane option is checked at the Preferences window, all database objects are also displayed in the pane. To clear or reload various internal caches, flush tables, or acquire locks, control-click your connection in the Navigation pane and select Flush and choose the flush option. You must have the reload privilege to use this feature. Navicat allows you to transfer data from one database and/or schema to another with detailed analytical process.', 50, 940, '2025-11-14 00:15:14', '2012-10-31 05:37:16');
INSERT INTO `answers` VALUES (24, 4, 1, 'It collects process metrics such as CPU load, RAM usage, and a variety of other resources over SSH/SNMP. I will greet this day with love in my heart. Flexible settings enable you to set up a custom key for comparison and synchronization. The repository database can be an existing MySQL, MariaDB, PostgreSQL, SQL Server, or Amazon RDS instance. SQL Editor allows you to create and edit SQL text, prepare and execute selected queries. The Main Window consists of several toolbars and panes for you to work on connections, database objects and advanced tools. You will succeed because most people are lazy. If opportunity doesn’t knock, build a door. Genius is an infinite capacity for taking pains. Anyone who has never made a mistake has never tried anything new. After logged in the Navicat Cloud feature, the Navigation pane will be divided into Navicat Cloud and My Connections sections. It wasn’t raining when Noah built the ark. Navicat Monitor can be installed on any local computer or virtual machine and does not require any software installation on the servers being monitored. Secure SHell (SSH) is a program to log in into another computer over a network, execute commands on a remote server, and move files from one machine to another. The Navigation pane employs tree structure which allows you to take action upon the database and their objects through their pop-up menus quickly and easily. HTTP Tunneling is a method for connecting to a server that uses the same protocol (http://) and the same port (port 80) as a web server does. Difficult circumstances serve as a textbook of life for people. It can also manage cloud databases such as Amazon Redshift, Amazon RDS, Alibaba Cloud. Features in Navicat are sophisticated enough to provide professional developers for all their specific needs, yet easy to learn for users who are new to database server. HTTP Tunneling is a method for connecting to a server that uses the same protocol (http://) and the same port (port 80) as a web server does. You will succeed because most people are lazy. If the Show objects under schema in navigation pane option is checked at the Preferences window, all database objects are also displayed in the pane. Always keep your eyes open. Keep watching. Because whatever you see can inspire you. To connect to a database or schema, simply double-click it in the pane. Optimism is the one quality more associated with success and happiness than any other. All the Navicat Cloud objects are located under different projects. You can share the project to other Navicat Cloud accounts for collaboration. It is used while your ISPs do not allow direct connections, but allows establishing HTTP connections. Navicat Monitor is a safe, simple and agentless remote server monitoring tool that is packed with powerful features to make your monitoring effective as possible. Genius is an infinite capacity for taking pains. If your Internet Service Provider (ISP) does not provide direct access to its server, Secure Tunneling Protocol (SSH) / HTTP is another solution. Anyone who has never made a mistake has never tried anything new. Import Wizard allows you to import data to tables/collections from CSV, TXT, XML, DBF and more. Champions keep playing until they get it right. The repository database can be an existing MySQL, MariaDB, PostgreSQL, SQL Server, or Amazon RDS instance. Navicat is a multi-connections Database Administration tool allowing you to connect to MySQL, Oracle, PostgreSQL, SQLite, SQL Server, MariaDB and/or MongoDB databases, making database administration to multiple kinds of database so easy. How we spend our days is, of course, how we spend our lives. If it scares you, it might be a good thing to try. The first step is as good as half over. Navicat provides powerful tools for working with queries: Query Editor for editing the query text directly, and Query Builder, Find Builder or Aggregate Builder for building queries visually. The On Startup feature allows you to control what tabs appear when you launch Navicat. Navicat is a multi-connections Database Administration tool allowing you to connect to MySQL, Oracle, PostgreSQL, SQLite, SQL Server, MariaDB and/or MongoDB databases, making database administration to multiple kinds of database so easy. Navicat provides a wide range advanced features, such as compelling code editing capabilities, smart code-completion, SQL formatting, and more. In the middle of winter I at last discovered that there was in me an invincible summer. If opportunity doesn’t knock, build a door. If the Show objects under schema in navigation pane option is checked at the Preferences window, all database objects are also displayed in the pane. Creativity is intelligence having fun. It wasn’t raining when Noah built the ark. Anyone who has ever made anything of importance was disciplined. The reason why a great man is great is that he resolves to be a great man. Anyone who has ever made anything of importance was disciplined. It is used while your ISPs do not allow direct connections, but allows establishing HTTP connections. The Information Pane shows the detailed object information, project activities, the DDL of database objects, object dependencies, membership of users/roles and preview. A comfort zone is a beautiful place, but nothing ever grows there. Such sessions are also susceptible to session hijacking, where a malicious user takes over your session once you have authenticated. Actually it is just in an idea when feel oneself can achieve and cannot achieve. The On Startup feature allows you to control what tabs appear when you launch Navicat. Instead of wondering when your next vacation is, maybe you should set up a life you don’t need to escape from. A man is not old until regrets take the place of dreams. To successfully establish a new connection to local/remote server - no matter via SSL, SSH or HTTP, set the database login information in the General tab. I will greet this day with love in my heart. The past has no power over the present moment.', 84, 173, '2002-07-15 15:53:08', '2012-02-06 17:32:09');
INSERT INTO `answers` VALUES (25, 2, 2, 'Typically, it is employed as an encrypted version of Telnet. Navicat 15 has added support for the system-wide dark mode. You will succeed because most people are lazy. Creativity is intelligence having fun. A query is used to extract data from the database in a readable format according to the user\'s request. SSH serves to prevent such vulnerabilities and allows you to access a remote server\'s shell without compromising security. After logged in the Navicat Cloud feature, the Navigation pane will be divided into Navicat Cloud and My Connections sections. If your Internet Service Provider (ISP) does not provide direct access to its server, Secure Tunneling Protocol (SSH) / HTTP is another solution. With its well-designed Graphical User Interface(GUI), Navicat lets you quickly and easily create, organize, access and share information in a secure and easy way. You can select any connections, objects or projects, and then select the corresponding buttons on the Information Pane. In other words, Navicat provides the ability for data in different databases and/or schemas to be kept up-to-date so that each repository contains the same information. In the middle of winter I at last discovered that there was in me an invincible summer. To successfully establish a new connection to local/remote server - no matter via SSL or SSH, set the database login information in the General tab. To clear or reload various internal caches, flush tables, or acquire locks, control-click your connection in the Navigation pane and select Flush and choose the flush option. You must have the reload privilege to use this feature. Success consists of going from failure to failure without loss of enthusiasm. To successfully establish a new connection to local/remote server - no matter via SSL, SSH or HTTP, set the database login information in the General tab. Import Wizard allows you to import data to tables/collections from CSV, TXT, XML, DBF and more. A man is not old until regrets take the place of dreams. In the middle of winter I at last discovered that there was in me an invincible summer. The first step is as good as half over. Navicat Cloud provides a cloud service for synchronizing connections, queries, model files and virtual group information from Navicat, other Navicat family members, different machines and different platforms. Genius is an infinite capacity for taking pains. Navicat provides powerful tools for working with queries: Query Editor for editing the query text directly, and Query Builder, Find Builder or Aggregate Builder for building queries visually. To get a secure connection, the first thing you need to do is to install OpenSSL Library and download Database Source. The reason why a great man is great is that he resolves to be a great man. All journeys have secret destinations of which the traveler is unaware. Secure Sockets Layer(SSL) is a protocol for transmitting private documents via the Internet. Navicat Monitor requires a repository to store alerts and metrics for historical analysis. It wasn’t raining when Noah built the ark. Anyone who has never made a mistake has never tried anything new. Navicat provides a wide range advanced features, such as compelling code editing capabilities, smart code-completion, SQL formatting, and more. Creativity is intelligence having fun. After comparing data, the window shows the number of records that will be inserted, updated or deleted in the target. Secure Sockets Layer(SSL) is a protocol for transmitting private documents via the Internet. To successfully establish a new connection to local/remote server - no matter via SSL or SSH, set the database login information in the General tab. You cannot save people, you can just love them. Navicat provides powerful tools for working with queries: Query Editor for editing the query text directly, and Query Builder, Find Builder or Aggregate Builder for building queries visually. All the Navicat Cloud objects are located under different projects. You can share the project to other Navicat Cloud accounts for collaboration. Import Wizard allows you to import data to tables/collections from CSV, TXT, XML, DBF and more. SSH serves to prevent such vulnerabilities and allows you to access a remote server\'s shell without compromising security. In the middle of winter I at last discovered that there was in me an invincible summer. How we spend our days is, of course, how we spend our lives. I destroy my enemies when I make them my friends. If your Internet Service Provider (ISP) does not provide direct access to its server, Secure Tunneling Protocol (SSH) / HTTP is another solution. To clear or reload various internal caches, flush tables, or acquire locks, control-click your connection in the Navigation pane and select Flush and choose the flush option. You must have the reload privilege to use this feature. After comparing data, the window shows the number of records that will be inserted, updated or deleted in the target. It collects process metrics such as CPU load, RAM usage, and a variety of other resources over SSH/SNMP. To open a query using an external editor, control-click it and select Open with External Editor. You can set the file path of an external editor in Preferences. What you get by achieving your goals is not as important as what you become by achieving your goals. Instead of wondering when your next vacation is, maybe you should set up a life you don’t need to escape from. Monitored servers include MySQL, MariaDB and SQL Server, and compatible with cloud databases like Amazon RDS, Amazon Aurora, Oracle Cloud, Google Cloud and Microsoft Azure. It provides strong authentication and secure encrypted communications between two hosts, known as SSH Port Forwarding (Tunneling), over an insecure network. The Synchronize to Database function will give you a full picture of all database differences. It wasn’t raining when Noah built the ark. In the Objects tab, you can use the List List, Detail Detail and ER Diagram ER Diagram buttons to change the object view. Import Wizard allows you to import data to tables/collections from CSV, TXT, XML, DBF and more. Navicat provides a wide range advanced features, such as compelling code editing capabilities, smart code-completion, SQL formatting, and more. How we spend our days is, of course, how we spend our lives. SQL Editor allows you to create and edit SQL text, prepare and execute selected queries. SSH serves to prevent such vulnerabilities and allows you to access a remote server\'s shell without compromising security.', 109, 722, '2016-08-18 00:20:40', '2021-12-09 06:04:49');
INSERT INTO `answers` VALUES (26, 5, 10, 'To connect to a database or schema, simply double-click it in the pane. In the Objects tab, you can use the List List, Detail Detail and ER Diagram ER Diagram buttons to change the object view. You must be the change you wish to see in the world. A man’s best friends are his ten fingers. The Information Pane shows the detailed object information, project activities, the DDL of database objects, object dependencies, membership of users/roles and preview. After logged in the Navicat Cloud feature, the Navigation pane will be divided into Navicat Cloud and My Connections sections. A man is not old until regrets take the place of dreams. How we spend our days is, of course, how we spend our lives. The Synchronize to Database function will give you a full picture of all database differences. To get a secure connection, the first thing you need to do is to install OpenSSL Library and download Database Source. After logged in the Navicat Cloud feature, the Navigation pane will be divided into Navicat Cloud and My Connections sections. Navicat Monitor can be installed on any local computer or virtual machine and does not require any software installation on the servers being monitored. Navicat provides a wide range advanced features, such as compelling code editing capabilities, smart code-completion, SQL formatting, and more. A man’s best friends are his ten fingers. Anyone who has ever made anything of importance was disciplined. A man is not old until regrets take the place of dreams. It provides strong authentication and secure encrypted communications between two hosts, known as SSH Port Forwarding (Tunneling), over an insecure network. If you wait, all that happens is you get older. After comparing data, the window shows the number of records that will be inserted, updated or deleted in the target. I destroy my enemies when I make them my friends. If you wait, all that happens is you get older. If the plan doesn’t work, change the plan, but never the goal. If your Internet Service Provider (ISP) does not provide direct access to its server, Secure Tunneling Protocol (SSH) / HTTP is another solution. Monitored servers include MySQL, MariaDB and SQL Server, and compatible with cloud databases like Amazon RDS, Amazon Aurora, Oracle Cloud, Google Cloud and Microsoft Azure. After logged in the Navicat Cloud feature, the Navigation pane will be divided into Navicat Cloud and My Connections sections. After comparing data, the window shows the number of records that will be inserted, updated or deleted in the target. The On Startup feature allows you to control what tabs appear when you launch Navicat. The Synchronize to Database function will give you a full picture of all database differences. If you wait, all that happens is you get older. A man’s best friends are his ten fingers. If the plan doesn’t work, change the plan, but never the goal. What you get by achieving your goals is not as important as what you become by achieving your goals. Genius is an infinite capacity for taking pains. All the Navicat Cloud objects are located under different projects. You can share the project to other Navicat Cloud accounts for collaboration. If the plan doesn’t work, change the plan, but never the goal. Instead of wondering when your next vacation is, maybe you should set up a life you don’t need to escape from. The On Startup feature allows you to control what tabs appear when you launch Navicat. In a Telnet session, all communications, including username and password, are transmitted in plain-text, allowing anyone to listen-in on your session and steal passwords and other information. You cannot save people, you can just love them. It can also manage cloud databases such as Amazon Redshift, Amazon RDS, Alibaba Cloud. Features in Navicat are sophisticated enough to provide professional developers for all their specific needs, yet easy to learn for users who are new to database server. To start working with your server in Navicat, you should first establish a connection or several connections using the Connection window. The Navigation pane employs tree structure which allows you to take action upon the database and their objects through their pop-up menus quickly and easily. Anyone who has ever made anything of importance was disciplined. Export Wizard allows you to export data from tables, collections, views, or query results to any available formats. With its well-designed Graphical User Interface(GUI), Navicat lets you quickly and easily create, organize, access and share information in a secure and easy way. Anyone who has ever made anything of importance was disciplined. Secure Sockets Layer(SSL) is a protocol for transmitting private documents via the Internet. All the Navicat Cloud objects are located under different projects. You can share the project to other Navicat Cloud accounts for collaboration. To successfully establish a new connection to local/remote server - no matter via SSL, SSH or HTTP, set the database login information in the General tab. There is no way to happiness. Happiness is the way. It is used while your ISPs do not allow direct connections, but allows establishing HTTP connections. It wasn’t raining when Noah built the ark. Navicat Data Modeler enables you to build high-quality conceptual, logical and physical data models for a wide variety of audiences. Flexible settings enable you to set up a custom key for comparison and synchronization. Navicat Data Modeler enables you to build high-quality conceptual, logical and physical data models for a wide variety of audiences.', 109, 792, '2009-07-20 11:45:54', '2019-11-26 12:40:56');
INSERT INTO `answers` VALUES (27, 4, 12, 'If opportunity doesn’t knock, build a door. With its well-designed Graphical User Interface(GUI), Navicat lets you quickly and easily create, organize, access and share information in a secure and easy way. The first step is as good as half over. HTTP Tunneling is a method for connecting to a server that uses the same protocol (http://) and the same port (port 80) as a web server does. Creativity is intelligence having fun. Navicat Monitor is a safe, simple and agentless remote server monitoring tool that is packed with powerful features to make your monitoring effective as possible. SQL Editor allows you to create and edit SQL text, prepare and execute selected queries. I may not have gone where I intended to go, but I think I have ended up where I needed to be. It is used while your ISPs do not allow direct connections, but allows establishing HTTP connections. Navicat provides powerful tools for working with queries: Query Editor for editing the query text directly, and Query Builder, Find Builder or Aggregate Builder for building queries visually. In the Objects tab, you can use the List List, Detail Detail and ER Diagram ER Diagram buttons to change the object view. Always keep your eyes open. Keep watching. Because whatever you see can inspire you. To open a query using an external editor, control-click it and select Open with External Editor. You can set the file path of an external editor in Preferences. I will greet this day with love in my heart. The past has no power over the present moment. I destroy my enemies when I make them my friends. Navicat provides a wide range advanced features, such as compelling code editing capabilities, smart code-completion, SQL formatting, and more. Navicat authorizes you to make connection to remote servers running on different platforms (i.e. Windows, macOS, Linux and UNIX), and supports PAM and GSSAPI authentication. Navicat provides a wide range advanced features, such as compelling code editing capabilities, smart code-completion, SQL formatting, and more. In the middle of winter I at last discovered that there was in me an invincible summer. Secure Sockets Layer(SSL) is a protocol for transmitting private documents via the Internet. Anyone who has never made a mistake has never tried anything new. To connect to a database or schema, simply double-click it in the pane. With its well-designed Graphical User Interface(GUI), Navicat lets you quickly and easily create, organize, access and share information in a secure and easy way. A comfort zone is a beautiful place, but nothing ever grows there. Navicat 15 has added support for the system-wide dark mode. The Synchronize to Database function will give you a full picture of all database differences. The past has no power over the present moment. A man’s best friends are his ten fingers. Navicat allows you to transfer data from one database and/or schema to another with detailed analytical process. In other words, Navicat provides the ability for data in different databases and/or schemas to be kept up-to-date so that each repository contains the same information. Navicat authorizes you to make connection to remote servers running on different platforms (i.e. Windows, macOS, Linux and UNIX), and supports PAM and GSSAPI authentication. The first step is as good as half over. You will succeed because most people are lazy. Monitored servers include MySQL, MariaDB and SQL Server, and compatible with cloud databases like Amazon RDS, Amazon Aurora, Oracle Cloud, Google Cloud and Microsoft Azure. Optimism is the one quality more associated with success and happiness than any other. Navicat 15 has added support for the system-wide dark mode. To clear or reload various internal caches, flush tables, or acquire locks, control-click your connection in the Navigation pane and select Flush and choose the flush option. You must have the reload privilege to use this feature. To start working with your server in Navicat, you should first establish a connection or several connections using the Connection window. Genius is an infinite capacity for taking pains. If the plan doesn’t work, change the plan, but never the goal. To get a secure connection, the first thing you need to do is to install OpenSSL Library and download Database Source. In the Objects tab, you can use the List List, Detail Detail and ER Diagram ER Diagram buttons to change the object view. SSH serves to prevent such vulnerabilities and allows you to access a remote server\'s shell without compromising security. After comparing data, the window shows the number of records that will be inserted, updated or deleted in the target. Navicat is a multi-connections Database Administration tool allowing you to connect to MySQL, Oracle, PostgreSQL, SQLite, SQL Server, MariaDB and/or MongoDB databases, making database administration to multiple kinds of database so easy. Navicat 15 has added support for the system-wide dark mode. A comfort zone is a beautiful place, but nothing ever grows there. Instead of wondering when your next vacation is, maybe you should set up a life you don’t need to escape from. If you wait, all that happens is you get older. Navicat provides powerful tools for working with queries: Query Editor for editing the query text directly, and Query Builder, Find Builder or Aggregate Builder for building queries visually.', 102, 760, '2019-03-23 19:12:08', '2005-10-24 15:12:37');
INSERT INTO `answers` VALUES (28, 3, 3, 'How we spend our days is, of course, how we spend our lives. To successfully establish a new connection to local/remote server - no matter via SSL, SSH or HTTP, set the database login information in the General tab. The On Startup feature allows you to control what tabs appear when you launch Navicat. Navicat Monitor is a safe, simple and agentless remote server monitoring tool that is packed with powerful features to make your monitoring effective as possible. The Synchronize to Database function will give you a full picture of all database differences. Difficult circumstances serve as a textbook of life for people. To successfully establish a new connection to local/remote server - no matter via SSL or SSH, set the database login information in the General tab. It provides strong authentication and secure encrypted communications between two hosts, known as SSH Port Forwarding (Tunneling), over an insecure network. Sometimes you win, sometimes you learn. The past has no power over the present moment. A man’s best friends are his ten fingers. HTTP Tunneling is a method for connecting to a server that uses the same protocol (http://) and the same port (port 80) as a web server does. Navicat provides powerful tools for working with queries: Query Editor for editing the query text directly, and Query Builder, Find Builder or Aggregate Builder for building queries visually. Navicat Data Modeler enables you to build high-quality conceptual, logical and physical data models for a wide variety of audiences. Success consists of going from failure to failure without loss of enthusiasm. To successfully establish a new connection to local/remote server - no matter via SSL, SSH or HTTP, set the database login information in the General tab. I may not have gone where I intended to go, but I think I have ended up where I needed to be. Secure Sockets Layer(SSL) is a protocol for transmitting private documents via the Internet. It can also manage cloud databases such as Amazon Redshift, Amazon RDS, Alibaba Cloud. Features in Navicat are sophisticated enough to provide professional developers for all their specific needs, yet easy to learn for users who are new to database server. The On Startup feature allows you to control what tabs appear when you launch Navicat. Flexible settings enable you to set up a custom key for comparison and synchronization. A man is not old until regrets take the place of dreams. All journeys have secret destinations of which the traveler is unaware. The past has no power over the present moment. Navicat Cloud could not connect and access your databases. By which it means, it could only store your connection settings, queries, model files, and virtual group; your database passwords and data (e.g. tables, views, etc) will not be stored to Navicat Cloud. Import Wizard allows you to import data to tables/collections from CSV, TXT, XML, DBF and more. I may not have gone where I intended to go, but I think I have ended up where I needed to be. The past has no power over the present moment. Navicat Cloud could not connect and access your databases. By which it means, it could only store your connection settings, queries, model files, and virtual group; your database passwords and data (e.g. tables, views, etc) will not be stored to Navicat Cloud. I destroy my enemies when I make them my friends. I may not have gone where I intended to go, but I think I have ended up where I needed to be.', 102, 321, '2000-09-06 14:05:45', '2014-07-21 08:34:11');
INSERT INTO `answers` VALUES (29, 3, 7, 'It collects process metrics such as CPU load, RAM usage, and a variety of other resources over SSH/SNMP. After logged in the Navicat Cloud feature, the Navigation pane will be divided into Navicat Cloud and My Connections sections. To successfully establish a new connection to local/remote server - no matter via SSL or SSH, set the database login information in the General tab. Actually it is just in an idea when feel oneself can achieve and cannot achieve. If your Internet Service Provider (ISP) does not provide direct access to its server, Secure Tunneling Protocol (SSH) / HTTP is another solution. After logged in the Navicat Cloud feature, the Navigation pane will be divided into Navicat Cloud and My Connections sections. Navicat Cloud provides a cloud service for synchronizing connections, queries, model files and virtual group information from Navicat, other Navicat family members, different machines and different platforms. I may not have gone where I intended to go, but I think I have ended up where I needed to be. Secure Sockets Layer(SSL) is a protocol for transmitting private documents via the Internet. Navicat Monitor can be installed on any local computer or virtual machine and does not require any software installation on the servers being monitored. Anyone who has ever made anything of importance was disciplined. The past has no power over the present moment. I will greet this day with love in my heart. How we spend our days is, of course, how we spend our lives. You cannot save people, you can just love them. You can select any connections, objects or projects, and then select the corresponding buttons on the Information Pane. Import Wizard allows you to import data to tables/collections from CSV, TXT, XML, DBF and more. To open a query using an external editor, control-click it and select Open with External Editor. You can set the file path of an external editor in Preferences. Navicat provides a wide range advanced features, such as compelling code editing capabilities, smart code-completion, SQL formatting, and more. It can also manage cloud databases such as Amazon Redshift, Amazon RDS, Alibaba Cloud. Features in Navicat are sophisticated enough to provide professional developers for all their specific needs, yet easy to learn for users who are new to database server. Navicat Cloud provides a cloud service for synchronizing connections, queries, model files and virtual group information from Navicat, other Navicat family members, different machines and different platforms. Navicat 15 has added support for the system-wide dark mode. Sometimes you win, sometimes you learn. Optimism is the one quality more associated with success and happiness than any other. Genius is an infinite capacity for taking pains. Navicat Monitor can be installed on any local computer or virtual machine and does not require any software installation on the servers being monitored. If the Show objects under schema in navigation pane option is checked at the Preferences window, all database objects are also displayed in the pane. Secure Sockets Layer(SSL) is a protocol for transmitting private documents via the Internet. After comparing data, the window shows the number of records that will be inserted, updated or deleted in the target. After comparing data, the window shows the number of records that will be inserted, updated or deleted in the target. A comfort zone is a beautiful place, but nothing ever grows there. Navicat authorizes you to make connection to remote servers running on different platforms (i.e. Windows, macOS, Linux and UNIX), and supports PAM and GSSAPI authentication. If opportunity doesn’t knock, build a door. All journeys have secret destinations of which the traveler is unaware. Such sessions are also susceptible to session hijacking, where a malicious user takes over your session once you have authenticated. Navicat provides powerful tools for working with queries: Query Editor for editing the query text directly, and Query Builder, Find Builder or Aggregate Builder for building queries visually. Champions keep playing until they get it right. A comfort zone is a beautiful place, but nothing ever grows there. Navicat Monitor can be installed on any local computer or virtual machine and does not require any software installation on the servers being monitored. SQL Editor allows you to create and edit SQL text, prepare and execute selected queries. How we spend our days is, of course, how we spend our lives. If you wait, all that happens is you get older. HTTP Tunneling is a method for connecting to a server that uses the same protocol (http://) and the same port (port 80) as a web server does. If opportunity doesn’t knock, build a door. To get a secure connection, the first thing you need to do is to install OpenSSL Library and download Database Source. Navicat Data Modeler enables you to build high-quality conceptual, logical and physical data models for a wide variety of audiences. With its well-designed Graphical User Interface(GUI), Navicat lets you quickly and easily create, organize, access and share information in a secure and easy way. Navicat authorizes you to make connection to remote servers running on different platforms (i.e. Windows, macOS, Linux and UNIX), and supports PAM and GSSAPI authentication. If your Internet Service Provider (ISP) does not provide direct access to its server, Secure Tunneling Protocol (SSH) / HTTP is another solution. Navicat Data Modeler is a powerful and cost-effective database design tool which helps you build high-quality conceptual, logical and physical data models. Anyone who has never made a mistake has never tried anything new. To connect to a database or schema, simply double-click it in the pane. If your Internet Service Provider (ISP) does not provide direct access to its server, Secure Tunneling Protocol (SSH) / HTTP is another solution. You cannot save people, you can just love them. Navicat Cloud provides a cloud service for synchronizing connections, queries, model files and virtual group information from Navicat, other Navicat family members, different machines and different platforms. Navicat is a multi-connections Database Administration tool allowing you to connect to MySQL, Oracle, PostgreSQL, SQLite, SQL Server, MariaDB and/or MongoDB databases, making database administration to multiple kinds of database so easy. Instead of wondering when your next vacation is, maybe you should set up a life you don’t need to escape from. Always keep your eyes open. Keep watching. Because whatever you see can inspire you. In the Objects tab, you can use the List List, Detail Detail and ER Diagram ER Diagram buttons to change the object view. Export Wizard allows you to export data from tables, collections, views, or query results to any available formats. Monitored servers include MySQL, MariaDB and SQL Server, and compatible with cloud databases like Amazon RDS, Amazon Aurora, Oracle Cloud, Google Cloud and Microsoft Azure. Difficult circumstances serve as a textbook of life for people. If it scares you, it might be a good thing to try. Flexible settings enable you to set up a custom key for comparison and synchronization. Anyone who has never made a mistake has never tried anything new. To connect to a database or schema, simply double-click it in the pane. Success consists of going from failure to failure without loss of enthusiasm. If opportunity doesn’t knock, build a door. Navicat 15 has added support for the system-wide dark mode. Flexible settings enable you to set up a custom key for comparison and synchronization. Sometimes you win, sometimes you learn. SSH serves to prevent such vulnerabilities and allows you to access a remote server\'s shell without compromising security. SQL Editor allows you to create and edit SQL text, prepare and execute selected queries. Navicat provides a wide range advanced features, such as compelling code editing capabilities, smart code-completion, SQL formatting, and more. The repository database can be an existing MySQL, MariaDB, PostgreSQL, SQL Server, or Amazon RDS instance. I may not have gone where I intended to go, but I think I have ended up where I needed to be. You must be the change you wish to see in the world. Navicat provides a wide range advanced features, such as compelling code editing capabilities, smart code-completion, SQL formatting, and more. After logged in the Navicat Cloud feature, the Navigation pane will be divided into Navicat Cloud and My Connections sections. Navicat allows you to transfer data from one database and/or schema to another with detailed analytical process. To open a query using an external editor, control-click it and select Open with External Editor. You can set the file path of an external editor in Preferences. You cannot save people, you can just love them. Secure SHell (SSH) is a program to log in into another computer over a network, execute commands on a remote server, and move files from one machine to another. In a Telnet session, all communications, including username and password, are transmitted in plain-text, allowing anyone to listen-in on your session and steal passwords and other information. If your Internet Service Provider (ISP) does not provide direct access to its server, Secure Tunneling Protocol (SSH) / HTTP is another solution. All the Navicat Cloud objects are located under different projects. You can share the project to other Navicat Cloud accounts for collaboration. It collects process metrics such as CPU load, RAM usage, and a variety of other resources over SSH/SNMP. Navicat provides a wide range advanced features, such as compelling code editing capabilities, smart code-completion, SQL formatting, and more.', 49, 765, '2024-10-21 01:01:18', '2008-10-17 04:59:27');
INSERT INTO `answers` VALUES (30, 5, 10, 'The first step is as good as half over. In other words, Navicat provides the ability for data in different databases and/or schemas to be kept up-to-date so that each repository contains the same information. If the plan doesn’t work, change the plan, but never the goal. To start working with your server in Navicat, you should first establish a connection or several connections using the Connection window. Secure SHell (SSH) is a program to log in into another computer over a network, execute commands on a remote server, and move files from one machine to another. Such sessions are also susceptible to session hijacking, where a malicious user takes over your session once you have authenticated. Navicat Monitor can be installed on any local computer or virtual machine and does not require any software installation on the servers being monitored. To get a secure connection, the first thing you need to do is to install OpenSSL Library and download Database Source. Export Wizard allows you to export data from tables, collections, views, or query results to any available formats. If the Show objects under schema in navigation pane option is checked at the Preferences window, all database objects are also displayed in the pane. Navicat Monitor is a safe, simple and agentless remote server monitoring tool that is packed with powerful features to make your monitoring effective as possible. The past has no power over the present moment. Such sessions are also susceptible to session hijacking, where a malicious user takes over your session once you have authenticated. Secure SHell (SSH) is a program to log in into another computer over a network, execute commands on a remote server, and move files from one machine to another. Instead of wondering when your next vacation is, maybe you should set up a life you don’t need to escape from. The Synchronize to Database function will give you a full picture of all database differences. The past has no power over the present moment. Champions keep playing until they get it right. To start working with your server in Navicat, you should first establish a connection or several connections using the Connection window. You will succeed because most people are lazy. What you get by achieving your goals is not as important as what you become by achieving your goals. Navicat authorizes you to make connection to remote servers running on different platforms (i.e. Windows, macOS, Linux and UNIX), and supports PAM and GSSAPI authentication. You must be the change you wish to see in the world. Sometimes you win, sometimes you learn. You cannot save people, you can just love them. Creativity is intelligence having fun. How we spend our days is, of course, how we spend our lives. The first step is as good as half over. With its well-designed Graphical User Interface(GUI), Navicat lets you quickly and easily create, organize, access and share information in a secure and easy way. If the Show objects under schema in navigation pane option is checked at the Preferences window, all database objects are also displayed in the pane. Secure SHell (SSH) is a program to log in into another computer over a network, execute commands on a remote server, and move files from one machine to another. Navicat Cloud could not connect and access your databases. By which it means, it could only store your connection settings, queries, model files, and virtual group; your database passwords and data (e.g. tables, views, etc) will not be stored to Navicat Cloud. The Navigation pane employs tree structure which allows you to take action upon the database and their objects through their pop-up menus quickly and easily. In the middle of winter I at last discovered that there was in me an invincible summer. In a Telnet session, all communications, including username and password, are transmitted in plain-text, allowing anyone to listen-in on your session and steal passwords and other information. Success consists of going from failure to failure without loss of enthusiasm. Navicat authorizes you to make connection to remote servers running on different platforms (i.e. Windows, macOS, Linux and UNIX), and supports PAM and GSSAPI authentication. To get a secure connection, the first thing you need to do is to install OpenSSL Library and download Database Source. Secure SHell (SSH) is a program to log in into another computer over a network, execute commands on a remote server, and move files from one machine to another. Navicat is a multi-connections Database Administration tool allowing you to connect to MySQL, Oracle, PostgreSQL, SQLite, SQL Server, MariaDB and/or MongoDB databases, making database administration to multiple kinds of database so easy. The Information Pane shows the detailed object information, project activities, the DDL of database objects, object dependencies, membership of users/roles and preview. To successfully establish a new connection to local/remote server - no matter via SSL or SSH, set the database login information in the General tab. Instead of wondering when your next vacation is, maybe you should set up a life you don’t need to escape from. How we spend our days is, of course, how we spend our lives. Navicat Monitor is a safe, simple and agentless remote server monitoring tool that is packed with powerful features to make your monitoring effective as possible. In other words, Navicat provides the ability for data in different databases and/or schemas to be kept up-to-date so that each repository contains the same information. To open a query using an external editor, control-click it and select Open with External Editor. You can set the file path of an external editor in Preferences. Instead of wondering when your next vacation is, maybe you should set up a life you don’t need to escape from. Remember that failure is an event, not a person. HTTP Tunneling is a method for connecting to a server that uses the same protocol (http://) and the same port (port 80) as a web server does. HTTP Tunneling is a method for connecting to a server that uses the same protocol (http://) and the same port (port 80) as a web server does. SSH serves to prevent such vulnerabilities and allows you to access a remote server\'s shell without compromising security. Sometimes you win, sometimes you learn. The repository database can be an existing MySQL, MariaDB, PostgreSQL, SQL Server, or Amazon RDS instance. SQL Editor allows you to create and edit SQL text, prepare and execute selected queries. It wasn’t raining when Noah built the ark. It wasn’t raining when Noah built the ark. I destroy my enemies when I make them my friends. Navicat 15 has added support for the system-wide dark mode. Sometimes you win, sometimes you learn. Such sessions are also susceptible to session hijacking, where a malicious user takes over your session once you have authenticated. A man is not old until regrets take the place of dreams. Actually it is just in an idea when feel oneself can achieve and cannot achieve. The reason why a great man is great is that he resolves to be a great man. The reason why a great man is great is that he resolves to be a great man. It collects process metrics such as CPU load, RAM usage, and a variety of other resources over SSH/SNMP. In a Telnet session, all communications, including username and password, are transmitted in plain-text, allowing anyone to listen-in on your session and steal passwords and other information. To successfully establish a new connection to local/remote server - no matter via SSL, SSH or HTTP, set the database login information in the General tab. Champions keep playing until they get it right. Instead of wondering when your next vacation is, maybe you should set up a life you don’t need to escape from. I destroy my enemies when I make them my friends. Navicat allows you to transfer data from one database and/or schema to another with detailed analytical process. With its well-designed Graphical User Interface(GUI), Navicat lets you quickly and easily create, organize, access and share information in a secure and easy way.', 11, 345, '2023-02-07 09:17:16', '2017-08-10 12:07:19');
INSERT INTO `answers` VALUES (31, 1, 9, 'It collects process metrics such as CPU load, RAM usage, and a variety of other resources over SSH/SNMP. It provides strong authentication and secure encrypted communications between two hosts, known as SSH Port Forwarding (Tunneling), over an insecure network. Navicat Monitor requires a repository to store alerts and metrics for historical analysis. Import Wizard allows you to import data to tables/collections from CSV, TXT, XML, DBF and more. I will greet this day with love in my heart. With its well-designed Graphical User Interface(GUI), Navicat lets you quickly and easily create, organize, access and share information in a secure and easy way. SQL Editor allows you to create and edit SQL text, prepare and execute selected queries. SQL Editor allows you to create and edit SQL text, prepare and execute selected queries. Navicat Monitor can be installed on any local computer or virtual machine and does not require any software installation on the servers being monitored. Flexible settings enable you to set up a custom key for comparison and synchronization. Navicat Monitor is a safe, simple and agentless remote server monitoring tool that is packed with powerful features to make your monitoring effective as possible. Typically, it is employed as an encrypted version of Telnet. Navicat Data Modeler enables you to build high-quality conceptual, logical and physical data models for a wide variety of audiences. How we spend our days is, of course, how we spend our lives. You will succeed because most people are lazy. Navicat Monitor is a safe, simple and agentless remote server monitoring tool that is packed with powerful features to make your monitoring effective as possible. Champions keep playing until they get it right. It can also manage cloud databases such as Amazon Redshift, Amazon RDS, Alibaba Cloud. Features in Navicat are sophisticated enough to provide professional developers for all their specific needs, yet easy to learn for users who are new to database server. Import Wizard allows you to import data to tables/collections from CSV, TXT, XML, DBF and more. Optimism is the one quality more associated with success and happiness than any other. The Information Pane shows the detailed object information, project activities, the DDL of database objects, object dependencies, membership of users/roles and preview. Navicat is a multi-connections Database Administration tool allowing you to connect to MySQL, Oracle, PostgreSQL, SQLite, SQL Server, MariaDB and/or MongoDB databases, making database administration to multiple kinds of database so easy. Navicat Monitor requires a repository to store alerts and metrics for historical analysis. Champions keep playing until they get it right. Instead of wondering when your next vacation is, maybe you should set up a life you don’t need to escape from. What you get by achieving your goals is not as important as what you become by achieving your goals. If it scares you, it might be a good thing to try. In a Telnet session, all communications, including username and password, are transmitted in plain-text, allowing anyone to listen-in on your session and steal passwords and other information. If you wait, all that happens is you get older. Secure Sockets Layer(SSL) is a protocol for transmitting private documents via the Internet. Instead of wondering when your next vacation is, maybe you should set up a life you don’t need to escape from. If the plan doesn’t work, change the plan, but never the goal. Navicat Data Modeler enables you to build high-quality conceptual, logical and physical data models for a wide variety of audiences. If the Show objects under schema in navigation pane option is checked at the Preferences window, all database objects are also displayed in the pane. Navicat Data Modeler enables you to build high-quality conceptual, logical and physical data models for a wide variety of audiences. Navicat authorizes you to make connection to remote servers running on different platforms (i.e. Windows, macOS, Linux and UNIX), and supports PAM and GSSAPI authentication. Secure Sockets Layer(SSL) is a protocol for transmitting private documents via the Internet. Navicat Data Modeler is a powerful and cost-effective database design tool which helps you build high-quality conceptual, logical and physical data models. A query is used to extract data from the database in a readable format according to the user\'s request. All the Navicat Cloud objects are located under different projects. You can share the project to other Navicat Cloud accounts for collaboration. Genius is an infinite capacity for taking pains. Flexible settings enable you to set up a custom key for comparison and synchronization. The Information Pane shows the detailed object information, project activities, the DDL of database objects, object dependencies, membership of users/roles and preview. Navicat Data Modeler enables you to build high-quality conceptual, logical and physical data models for a wide variety of audiences. Navicat Cloud provides a cloud service for synchronizing connections, queries, model files and virtual group information from Navicat, other Navicat family members, different machines and different platforms. You will succeed because most people are lazy. After logged in the Navicat Cloud feature, the Navigation pane will be divided into Navicat Cloud and My Connections sections. Always keep your eyes open. Keep watching. Because whatever you see can inspire you. Navicat Cloud provides a cloud service for synchronizing connections, queries, model files and virtual group information from Navicat, other Navicat family members, different machines and different platforms. Champions keep playing until they get it right. I will greet this day with love in my heart. Navicat Cloud provides a cloud service for synchronizing connections, queries, model files and virtual group information from Navicat, other Navicat family members, different machines and different platforms. In the Objects tab, you can use the List List, Detail Detail and ER Diagram ER Diagram buttons to change the object view. Navicat Monitor can be installed on any local computer or virtual machine and does not require any software installation on the servers being monitored. In the middle of winter I at last discovered that there was in me an invincible summer. A comfort zone is a beautiful place, but nothing ever grows there. A comfort zone is a beautiful place, but nothing ever grows there. In the Objects tab, you can use the List List, Detail Detail and ER Diagram ER Diagram buttons to change the object view. I destroy my enemies when I make them my friends. If the plan doesn’t work, change the plan, but never the goal. Actually it is just in an idea when feel oneself can achieve and cannot achieve. Monitored servers include MySQL, MariaDB and SQL Server, and compatible with cloud databases like Amazon RDS, Amazon Aurora, Oracle Cloud, Google Cloud and Microsoft Azure. It is used while your ISPs do not allow direct connections, but allows establishing HTTP connections. The Main Window consists of several toolbars and panes for you to work on connections, database objects and advanced tools. I will greet this day with love in my heart. It is used while your ISPs do not allow direct connections, but allows establishing HTTP connections. Navicat authorizes you to make connection to remote servers running on different platforms (i.e. Windows, macOS, Linux and UNIX), and supports PAM and GSSAPI authentication. Champions keep playing until they get it right. Typically, it is employed as an encrypted version of Telnet. Export Wizard allows you to export data from tables, collections, views, or query results to any available formats. To clear or reload various internal caches, flush tables, or acquire locks, control-click your connection in the Navigation pane and select Flush and choose the flush option. You must have the reload privilege to use this feature. The past has no power over the present moment. All the Navicat Cloud objects are located under different projects. You can share the project to other Navicat Cloud accounts for collaboration. SQL Editor allows you to create and edit SQL text, prepare and execute selected queries. A comfort zone is a beautiful place, but nothing ever grows there. If you wait, all that happens is you get older. With its well-designed Graphical User Interface(GUI), Navicat lets you quickly and easily create, organize, access and share information in a secure and easy way. Navicat Monitor can be installed on any local computer or virtual machine and does not require any software installation on the servers being monitored. All journeys have secret destinations of which the traveler is unaware. Difficult circumstances serve as a textbook of life for people. The past has no power over the present moment. Such sessions are also susceptible to session hijacking, where a malicious user takes over your session once you have authenticated. The past has no power over the present moment. The Synchronize to Database function will give you a full picture of all database differences. In other words, Navicat provides the ability for data in different databases and/or schemas to be kept up-to-date so that each repository contains the same information. To open a query using an external editor, control-click it and select Open with External Editor. You can set the file path of an external editor in Preferences. Creativity is intelligence having fun.', 29, 356, '2010-09-04 04:26:41', '2011-11-18 18:01:26');
INSERT INTO `answers` VALUES (32, 4, 18, 'In the middle of winter I at last discovered that there was in me an invincible summer. All journeys have secret destinations of which the traveler is unaware. Instead of wondering when your next vacation is, maybe you should set up a life you don’t need to escape from. In the middle of winter I at last discovered that there was in me an invincible summer. To successfully establish a new connection to local/remote server - no matter via SSL, SSH or HTTP, set the database login information in the General tab. If your Internet Service Provider (ISP) does not provide direct access to its server, Secure Tunneling Protocol (SSH) / HTTP is another solution. If your Internet Service Provider (ISP) does not provide direct access to its server, Secure Tunneling Protocol (SSH) / HTTP is another solution. If your Internet Service Provider (ISP) does not provide direct access to its server, Secure Tunneling Protocol (SSH) / HTTP is another solution. The reason why a great man is great is that he resolves to be a great man. The repository database can be an existing MySQL, MariaDB, PostgreSQL, SQL Server, or Amazon RDS instance. Creativity is intelligence having fun. Success consists of going from failure to failure without loss of enthusiasm. The Navigation pane employs tree structure which allows you to take action upon the database and their objects through their pop-up menus quickly and easily. HTTP Tunneling is a method for connecting to a server that uses the same protocol (http://) and the same port (port 80) as a web server does. Anyone who has never made a mistake has never tried anything new. HTTP Tunneling is a method for connecting to a server that uses the same protocol (http://) and the same port (port 80) as a web server does. Success consists of going from failure to failure without loss of enthusiasm. Genius is an infinite capacity for taking pains. The On Startup feature allows you to control what tabs appear when you launch Navicat. A comfort zone is a beautiful place, but nothing ever grows there. The On Startup feature allows you to control what tabs appear when you launch Navicat. After logged in the Navicat Cloud feature, the Navigation pane will be divided into Navicat Cloud and My Connections sections. You can select any connections, objects or projects, and then select the corresponding buttons on the Information Pane. It collects process metrics such as CPU load, RAM usage, and a variety of other resources over SSH/SNMP. Export Wizard allows you to export data from tables, collections, views, or query results to any available formats. Creativity is intelligence having fun. If it scares you, it might be a good thing to try. Export Wizard allows you to export data from tables, collections, views, or query results to any available formats. Creativity is intelligence having fun. To successfully establish a new connection to local/remote server - no matter via SSL or SSH, set the database login information in the General tab. In other words, Navicat provides the ability for data in different databases and/or schemas to be kept up-to-date so that each repository contains the same information. To get a secure connection, the first thing you need to do is to install OpenSSL Library and download Database Source. With its well-designed Graphical User Interface(GUI), Navicat lets you quickly and easily create, organize, access and share information in a secure and easy way. To successfully establish a new connection to local/remote server - no matter via SSL or SSH, set the database login information in the General tab. Sometimes you win, sometimes you learn. Secure Sockets Layer(SSL) is a protocol for transmitting private documents via the Internet. Navicat Data Modeler is a powerful and cost-effective database design tool which helps you build high-quality conceptual, logical and physical data models. After logged in the Navicat Cloud feature, the Navigation pane will be divided into Navicat Cloud and My Connections sections. The reason why a great man is great is that he resolves to be a great man. The On Startup feature allows you to control what tabs appear when you launch Navicat. Flexible settings enable you to set up a custom key for comparison and synchronization. To open a query using an external editor, control-click it and select Open with External Editor. You can set the file path of an external editor in Preferences. After comparing data, the window shows the number of records that will be inserted, updated or deleted in the target. The Synchronize to Database function will give you a full picture of all database differences. SSH serves to prevent such vulnerabilities and allows you to access a remote server\'s shell without compromising security. The Information Pane shows the detailed object information, project activities, the DDL of database objects, object dependencies, membership of users/roles and preview. To successfully establish a new connection to local/remote server - no matter via SSL, SSH or HTTP, set the database login information in the General tab. In a Telnet session, all communications, including username and password, are transmitted in plain-text, allowing anyone to listen-in on your session and steal passwords and other information. The Information Pane shows the detailed object information, project activities, the DDL of database objects, object dependencies, membership of users/roles and preview. I may not have gone where I intended to go, but I think I have ended up where I needed to be. I destroy my enemies when I make them my friends. To start working with your server in Navicat, you should first establish a connection or several connections using the Connection window. Flexible settings enable you to set up a custom key for comparison and synchronization. In a Telnet session, all communications, including username and password, are transmitted in plain-text, allowing anyone to listen-in on your session and steal passwords and other information. In a Telnet session, all communications, including username and password, are transmitted in plain-text, allowing anyone to listen-in on your session and steal passwords and other information. You can select any connections, objects or projects, and then select the corresponding buttons on the Information Pane. The On Startup feature allows you to control what tabs appear when you launch Navicat. Navicat authorizes you to make connection to remote servers running on different platforms (i.e. Windows, macOS, Linux and UNIX), and supports PAM and GSSAPI authentication. You can select any connections, objects or projects, and then select the corresponding buttons on the Information Pane. The reason why a great man is great is that he resolves to be a great man.', 16, 817, '2002-09-23 22:00:20', '2008-12-02 21:50:09');
INSERT INTO `answers` VALUES (33, 2, 3, 'It wasn’t raining when Noah built the ark. Instead of wondering when your next vacation is, maybe you should set up a life you don’t need to escape from. The reason why a great man is great is that he resolves to be a great man. Anyone who has ever made anything of importance was disciplined. You must be the change you wish to see in the world. Difficult circumstances serve as a textbook of life for people. Export Wizard allows you to export data from tables, collections, views, or query results to any available formats. To successfully establish a new connection to local/remote server - no matter via SSL or SSH, set the database login information in the General tab. The Navigation pane employs tree structure which allows you to take action upon the database and their objects through their pop-up menus quickly and easily. I may not have gone where I intended to go, but I think I have ended up where I needed to be. Import Wizard allows you to import data to tables/collections from CSV, TXT, XML, DBF and more. Remember that failure is an event, not a person. Navicat Monitor is a safe, simple and agentless remote server monitoring tool that is packed with powerful features to make your monitoring effective as possible. If the plan doesn’t work, change the plan, but never the goal. Navicat 15 has added support for the system-wide dark mode. All the Navicat Cloud objects are located under different projects. You can share the project to other Navicat Cloud accounts for collaboration. If you wait, all that happens is you get older. All journeys have secret destinations of which the traveler is unaware. In a Telnet session, all communications, including username and password, are transmitted in plain-text, allowing anyone to listen-in on your session and steal passwords and other information. What you get by achieving your goals is not as important as what you become by achieving your goals. Navicat Cloud provides a cloud service for synchronizing connections, queries, model files and virtual group information from Navicat, other Navicat family members, different machines and different platforms. Such sessions are also susceptible to session hijacking, where a malicious user takes over your session once you have authenticated. A comfort zone is a beautiful place, but nothing ever grows there. Navicat is a multi-connections Database Administration tool allowing you to connect to MySQL, Oracle, PostgreSQL, SQLite, SQL Server, MariaDB and/or MongoDB databases, making database administration to multiple kinds of database so easy. The Information Pane shows the detailed object information, project activities, the DDL of database objects, object dependencies, membership of users/roles and preview. Creativity is intelligence having fun. Navicat Monitor can be installed on any local computer or virtual machine and does not require any software installation on the servers being monitored. Remember that failure is an event, not a person. The On Startup feature allows you to control what tabs appear when you launch Navicat. A query is used to extract data from the database in a readable format according to the user\'s request. Instead of wondering when your next vacation is, maybe you should set up a life you don’t need to escape from. SQL Editor allows you to create and edit SQL text, prepare and execute selected queries. To successfully establish a new connection to local/remote server - no matter via SSL or SSH, set the database login information in the General tab. In other words, Navicat provides the ability for data in different databases and/or schemas to be kept up-to-date so that each repository contains the same information. To successfully establish a new connection to local/remote server - no matter via SSL or SSH, set the database login information in the General tab. The Navigation pane employs tree structure which allows you to take action upon the database and their objects through their pop-up menus quickly and easily. All journeys have secret destinations of which the traveler is unaware. It is used while your ISPs do not allow direct connections, but allows establishing HTTP connections. Always keep your eyes open. Keep watching. Because whatever you see can inspire you. Import Wizard allows you to import data to tables/collections from CSV, TXT, XML, DBF and more. I destroy my enemies when I make them my friends. Navicat provides powerful tools for working with queries: Query Editor for editing the query text directly, and Query Builder, Find Builder or Aggregate Builder for building queries visually. Always keep your eyes open. Keep watching. Because whatever you see can inspire you. It collects process metrics such as CPU load, RAM usage, and a variety of other resources over SSH/SNMP. The Information Pane shows the detailed object information, project activities, the DDL of database objects, object dependencies, membership of users/roles and preview. It collects process metrics such as CPU load, RAM usage, and a variety of other resources over SSH/SNMP. To open a query using an external editor, control-click it and select Open with External Editor. You can set the file path of an external editor in Preferences. Such sessions are also susceptible to session hijacking, where a malicious user takes over your session once you have authenticated. All the Navicat Cloud objects are located under different projects. You can share the project to other Navicat Cloud accounts for collaboration. Navicat Data Modeler enables you to build high-quality conceptual, logical and physical data models for a wide variety of audiences. Navicat allows you to transfer data from one database and/or schema to another with detailed analytical process. Actually it is just in an idea when feel oneself can achieve and cannot achieve. Import Wizard allows you to import data to tables/collections from CSV, TXT, XML, DBF and more. How we spend our days is, of course, how we spend our lives. There is no way to happiness. Happiness is the way. In the middle of winter I at last discovered that there was in me an invincible summer. Monitored servers include MySQL, MariaDB and SQL Server, and compatible with cloud databases like Amazon RDS, Amazon Aurora, Oracle Cloud, Google Cloud and Microsoft Azure. HTTP Tunneling is a method for connecting to a server that uses the same protocol (http://) and the same port (port 80) as a web server does. In other words, Navicat provides the ability for data in different databases and/or schemas to be kept up-to-date so that each repository contains the same information. Typically, it is employed as an encrypted version of Telnet. After logged in the Navicat Cloud feature, the Navigation pane will be divided into Navicat Cloud and My Connections sections. To successfully establish a new connection to local/remote server - no matter via SSL or SSH, set the database login information in the General tab. All journeys have secret destinations of which the traveler is unaware. You must be the change you wish to see in the world. To get a secure connection, the first thing you need to do is to install OpenSSL Library and download Database Source. Navicat is a multi-connections Database Administration tool allowing you to connect to MySQL, Oracle, PostgreSQL, SQLite, SQL Server, MariaDB and/or MongoDB databases, making database administration to multiple kinds of database so easy. To open a query using an external editor, control-click it and select Open with External Editor. You can set the file path of an external editor in Preferences. HTTP Tunneling is a method for connecting to a server that uses the same protocol (http://) and the same port (port 80) as a web server does. Sometimes you win, sometimes you learn. Sometimes you win, sometimes you learn. Remember that failure is an event, not a person. Secure Sockets Layer(SSL) is a protocol for transmitting private documents via the Internet. A comfort zone is a beautiful place, but nothing ever grows there. Instead of wondering when your next vacation is, maybe you should set up a life you don’t need to escape from. What you get by achieving your goals is not as important as what you become by achieving your goals. You must be the change you wish to see in the world. Secure Sockets Layer(SSL) is a protocol for transmitting private documents via the Internet. In the Objects tab, you can use the List List, Detail Detail and ER Diagram ER Diagram buttons to change the object view. The Information Pane shows the detailed object information, project activities, the DDL of database objects, object dependencies, membership of users/roles and preview. The Navigation pane employs tree structure which allows you to take action upon the database and their objects through their pop-up menus quickly and easily.', 26, 589, '2024-10-16 01:42:50', '2008-02-10 18:34:16');
INSERT INTO `answers` VALUES (34, 3, 9, 'Secure Sockets Layer(SSL) is a protocol for transmitting private documents via the Internet. Navicat is a multi-connections Database Administration tool allowing you to connect to MySQL, Oracle, PostgreSQL, SQLite, SQL Server, MariaDB and/or MongoDB databases, making database administration to multiple kinds of database so easy. Navicat allows you to transfer data from one database and/or schema to another with detailed analytical process. Navicat is a multi-connections Database Administration tool allowing you to connect to MySQL, Oracle, PostgreSQL, SQLite, SQL Server, MariaDB and/or MongoDB databases, making database administration to multiple kinds of database so easy. In the Objects tab, you can use the List List, Detail Detail and ER Diagram ER Diagram buttons to change the object view. Export Wizard allows you to export data from tables, collections, views, or query results to any available formats. A man’s best friends are his ten fingers. With its well-designed Graphical User Interface(GUI), Navicat lets you quickly and easily create, organize, access and share information in a secure and easy way. You must be the change you wish to see in the world. If the plan doesn’t work, change the plan, but never the goal. To successfully establish a new connection to local/remote server - no matter via SSL, SSH or HTTP, set the database login information in the General tab. Secure SHell (SSH) is a program to log in into another computer over a network, execute commands on a remote server, and move files from one machine to another. Champions keep playing until they get it right. Success consists of going from failure to failure without loss of enthusiasm. Navicat Cloud provides a cloud service for synchronizing connections, queries, model files and virtual group information from Navicat, other Navicat family members, different machines and different platforms. In the middle of winter I at last discovered that there was in me an invincible summer. Export Wizard allows you to export data from tables, collections, views, or query results to any available formats. If the Show objects under schema in navigation pane option is checked at the Preferences window, all database objects are also displayed in the pane. It can also manage cloud databases such as Amazon Redshift, Amazon RDS, Alibaba Cloud. Features in Navicat are sophisticated enough to provide professional developers for all their specific needs, yet easy to learn for users who are new to database server. Import Wizard allows you to import data to tables/collections from CSV, TXT, XML, DBF and more. To successfully establish a new connection to local/remote server - no matter via SSL or SSH, set the database login information in the General tab. A query is used to extract data from the database in a readable format according to the user\'s request. The On Startup feature allows you to control what tabs appear when you launch Navicat. What you get by achieving your goals is not as important as what you become by achieving your goals. Navicat allows you to transfer data from one database and/or schema to another with detailed analytical process. To successfully establish a new connection to local/remote server - no matter via SSL, SSH or HTTP, set the database login information in the General tab. To successfully establish a new connection to local/remote server - no matter via SSL, SSH or HTTP, set the database login information in the General tab. Always keep your eyes open. Keep watching. Because whatever you see can inspire you. What you get by achieving your goals is not as important as what you become by achieving your goals. In a Telnet session, all communications, including username and password, are transmitted in plain-text, allowing anyone to listen-in on your session and steal passwords and other information. To open a query using an external editor, control-click it and select Open with External Editor. You can set the file path of an external editor in Preferences. Navicat Data Modeler is a powerful and cost-effective database design tool which helps you build high-quality conceptual, logical and physical data models. In a Telnet session, all communications, including username and password, are transmitted in plain-text, allowing anyone to listen-in on your session and steal passwords and other information. Navicat Cloud provides a cloud service for synchronizing connections, queries, model files and virtual group information from Navicat, other Navicat family members, different machines and different platforms. Such sessions are also susceptible to session hijacking, where a malicious user takes over your session once you have authenticated. If the plan doesn’t work, change the plan, but never the goal. Flexible settings enable you to set up a custom key for comparison and synchronization. To open a query using an external editor, control-click it and select Open with External Editor. You can set the file path of an external editor in Preferences. It can also manage cloud databases such as Amazon Redshift, Amazon RDS, Alibaba Cloud. Features in Navicat are sophisticated enough to provide professional developers for all their specific needs, yet easy to learn for users who are new to database server. To open a query using an external editor, control-click it and select Open with External Editor. You can set the file path of an external editor in Preferences. Export Wizard allows you to export data from tables, collections, views, or query results to any available formats. Instead of wondering when your next vacation is, maybe you should set up a life you don’t need to escape from. If the plan doesn’t work, change the plan, but never the goal. It provides strong authentication and secure encrypted communications between two hosts, known as SSH Port Forwarding (Tunneling), over an insecure network. The repository database can be an existing MySQL, MariaDB, PostgreSQL, SQL Server, or Amazon RDS instance. I may not have gone where I intended to go, but I think I have ended up where I needed to be. The Main Window consists of several toolbars and panes for you to work on connections, database objects and advanced tools. SSH serves to prevent such vulnerabilities and allows you to access a remote server\'s shell without compromising security. I will greet this day with love in my heart. Flexible settings enable you to set up a custom key for comparison and synchronization. To start working with your server in Navicat, you should first establish a connection or several connections using the Connection window. I may not have gone where I intended to go, but I think I have ended up where I needed to be.', 42, 591, '2015-06-01 02:31:11', '2021-03-27 17:07:45');
INSERT INTO `answers` VALUES (35, 1, 11, 'You will succeed because most people are lazy. To successfully establish a new connection to local/remote server - no matter via SSL or SSH, set the database login information in the General tab. Sometimes you win, sometimes you learn. Navicat Data Modeler is a powerful and cost-effective database design tool which helps you build high-quality conceptual, logical and physical data models. The repository database can be an existing MySQL, MariaDB, PostgreSQL, SQL Server, or Amazon RDS instance. You can select any connections, objects or projects, and then select the corresponding buttons on the Information Pane. Creativity is intelligence having fun. Navicat provides powerful tools for working with queries: Query Editor for editing the query text directly, and Query Builder, Find Builder or Aggregate Builder for building queries visually. All journeys have secret destinations of which the traveler is unaware. I will greet this day with love in my heart. A query is used to extract data from the database in a readable format according to the user\'s request. In the Objects tab, you can use the List List, Detail Detail and ER Diagram ER Diagram buttons to change the object view. I destroy my enemies when I make them my friends. Difficult circumstances serve as a textbook of life for people. The Synchronize to Database function will give you a full picture of all database differences. After comparing data, the window shows the number of records that will be inserted, updated or deleted in the target. It provides strong authentication and secure encrypted communications between two hosts, known as SSH Port Forwarding (Tunneling), over an insecure network. You must be the change you wish to see in the world. It collects process metrics such as CPU load, RAM usage, and a variety of other resources over SSH/SNMP. HTTP Tunneling is a method for connecting to a server that uses the same protocol (http://) and the same port (port 80) as a web server does. Sometimes you win, sometimes you learn. Export Wizard allows you to export data from tables, collections, views, or query results to any available formats. I may not have gone where I intended to go, but I think I have ended up where I needed to be. It collects process metrics such as CPU load, RAM usage, and a variety of other resources over SSH/SNMP.', 10, 220, '2001-03-17 14:03:44', '2006-12-25 10:03:06');
INSERT INTO `answers` VALUES (36, 5, 16, 'Sometimes you win, sometimes you learn. It can also manage cloud databases such as Amazon Redshift, Amazon RDS, Alibaba Cloud. Features in Navicat are sophisticated enough to provide professional developers for all their specific needs, yet easy to learn for users who are new to database server. If it scares you, it might be a good thing to try. The past has no power over the present moment. Optimism is the one quality more associated with success and happiness than any other. You cannot save people, you can just love them. You cannot save people, you can just love them. Navicat Monitor can be installed on any local computer or virtual machine and does not require any software installation on the servers being monitored. It wasn’t raining when Noah built the ark. Genius is an infinite capacity for taking pains. Such sessions are also susceptible to session hijacking, where a malicious user takes over your session once you have authenticated. Navicat Data Modeler enables you to build high-quality conceptual, logical and physical data models for a wide variety of audiences. Export Wizard allows you to export data from tables, collections, views, or query results to any available formats. The On Startup feature allows you to control what tabs appear when you launch Navicat. You will succeed because most people are lazy. Export Wizard allows you to export data from tables, collections, views, or query results to any available formats. Typically, it is employed as an encrypted version of Telnet. You cannot save people, you can just love them. Sometimes you win, sometimes you learn. Flexible settings enable you to set up a custom key for comparison and synchronization. To connect to a database or schema, simply double-click it in the pane. Navicat authorizes you to make connection to remote servers running on different platforms (i.e. Windows, macOS, Linux and UNIX), and supports PAM and GSSAPI authentication. Sometimes you win, sometimes you learn. A query is used to extract data from the database in a readable format according to the user\'s request. The Synchronize to Database function will give you a full picture of all database differences. Flexible settings enable you to set up a custom key for comparison and synchronization. A query is used to extract data from the database in a readable format according to the user\'s request. A man’s best friends are his ten fingers. SQL Editor allows you to create and edit SQL text, prepare and execute selected queries. You cannot save people, you can just love them. It wasn’t raining when Noah built the ark. After comparing data, the window shows the number of records that will be inserted, updated or deleted in the target. All the Navicat Cloud objects are located under different projects. You can share the project to other Navicat Cloud accounts for collaboration. Anyone who has never made a mistake has never tried anything new. Navicat Cloud provides a cloud service for synchronizing connections, queries, model files and virtual group information from Navicat, other Navicat family members, different machines and different platforms. The Navigation pane employs tree structure which allows you to take action upon the database and their objects through their pop-up menus quickly and easily. SQL Editor allows you to create and edit SQL text, prepare and execute selected queries. The Navigation pane employs tree structure which allows you to take action upon the database and their objects through their pop-up menus quickly and easily. The first step is as good as half over. In the middle of winter I at last discovered that there was in me an invincible summer. SSH serves to prevent such vulnerabilities and allows you to access a remote server\'s shell without compromising security. It collects process metrics such as CPU load, RAM usage, and a variety of other resources over SSH/SNMP. I may not have gone where I intended to go, but I think I have ended up where I needed to be. Flexible settings enable you to set up a custom key for comparison and synchronization. Secure Sockets Layer(SSL) is a protocol for transmitting private documents via the Internet. Navicat 15 has added support for the system-wide dark mode. If it scares you, it might be a good thing to try. Navicat Cloud could not connect and access your databases. By which it means, it could only store your connection settings, queries, model files, and virtual group; your database passwords and data (e.g. tables, views, etc) will not be stored to Navicat Cloud. If you wait, all that happens is you get older. Sometimes you win, sometimes you learn. HTTP Tunneling is a method for connecting to a server that uses the same protocol (http://) and the same port (port 80) as a web server does. SQL Editor allows you to create and edit SQL text, prepare and execute selected queries. Import Wizard allows you to import data to tables/collections from CSV, TXT, XML, DBF and more. You can select any connections, objects or projects, and then select the corresponding buttons on the Information Pane. I destroy my enemies when I make them my friends. You cannot save people, you can just love them. Navicat provides a wide range advanced features, such as compelling code editing capabilities, smart code-completion, SQL formatting, and more. You must be the change you wish to see in the world. If opportunity doesn’t knock, build a door. It can also manage cloud databases such as Amazon Redshift, Amazon RDS, Alibaba Cloud. Features in Navicat are sophisticated enough to provide professional developers for all their specific needs, yet easy to learn for users who are new to database server. To clear or reload various internal caches, flush tables, or acquire locks, control-click your connection in the Navigation pane and select Flush and choose the flush option. You must have the reload privilege to use this feature. After comparing data, the window shows the number of records that will be inserted, updated or deleted in the target. The Information Pane shows the detailed object information, project activities, the DDL of database objects, object dependencies, membership of users/roles and preview. Always keep your eyes open. Keep watching. Because whatever you see can inspire you. Navicat 15 has added support for the system-wide dark mode. If it scares you, it might be a good thing to try. Success consists of going from failure to failure without loss of enthusiasm. Sometimes you win, sometimes you learn. Navicat Monitor is a safe, simple and agentless remote server monitoring tool that is packed with powerful features to make your monitoring effective as possible. In the Objects tab, you can use the List List, Detail Detail and ER Diagram ER Diagram buttons to change the object view. Success consists of going from failure to failure without loss of enthusiasm. All the Navicat Cloud objects are located under different projects. You can share the project to other Navicat Cloud accounts for collaboration. Navicat provides powerful tools for working with queries: Query Editor for editing the query text directly, and Query Builder, Find Builder or Aggregate Builder for building queries visually. With its well-designed Graphical User Interface(GUI), Navicat lets you quickly and easily create, organize, access and share information in a secure and easy way. How we spend our days is, of course, how we spend our lives. It provides strong authentication and secure encrypted communications between two hosts, known as SSH Port Forwarding (Tunneling), over an insecure network. Sometimes you win, sometimes you learn. It wasn’t raining when Noah built the ark. You cannot save people, you can just love them. Such sessions are also susceptible to session hijacking, where a malicious user takes over your session once you have authenticated. Genius is an infinite capacity for taking pains. Navicat Monitor is a safe, simple and agentless remote server monitoring tool that is packed with powerful features to make your monitoring effective as possible. Navicat Monitor requires a repository to store alerts and metrics for historical analysis. If the plan doesn’t work, change the plan, but never the goal. Import Wizard allows you to import data to tables/collections from CSV, TXT, XML, DBF and more. In the Objects tab, you can use the List List, Detail Detail and ER Diagram ER Diagram buttons to change the object view. Sometimes you win, sometimes you learn. If the plan doesn’t work, change the plan, but never the goal. The reason why a great man is great is that he resolves to be a great man. In the Objects tab, you can use the List List, Detail Detail and ER Diagram ER Diagram buttons to change the object view. It can also manage cloud databases such as Amazon Redshift, Amazon RDS, Alibaba Cloud. Features in Navicat are sophisticated enough to provide professional developers for all their specific needs, yet easy to learn for users who are new to database server.', 98, 736, '2010-04-18 10:42:50', '2003-05-18 03:38:34');
INSERT INTO `answers` VALUES (37, 5, 7, 'Genius is an infinite capacity for taking pains. Secure SHell (SSH) is a program to log in into another computer over a network, execute commands on a remote server, and move files from one machine to another. The Navigation pane employs tree structure which allows you to take action upon the database and their objects through their pop-up menus quickly and easily. Navicat 15 has added support for the system-wide dark mode. Navicat 15 has added support for the system-wide dark mode. If the plan doesn’t work, change the plan, but never the goal. You can select any connections, objects or projects, and then select the corresponding buttons on the Information Pane. To successfully establish a new connection to local/remote server - no matter via SSL or SSH, set the database login information in the General tab. To successfully establish a new connection to local/remote server - no matter via SSL, SSH or HTTP, set the database login information in the General tab. Optimism is the one quality more associated with success and happiness than any other. If it scares you, it might be a good thing to try. To start working with your server in Navicat, you should first establish a connection or several connections using the Connection window. Navicat Monitor is a safe, simple and agentless remote server monitoring tool that is packed with powerful features to make your monitoring effective as possible. Secure Sockets Layer(SSL) is a protocol for transmitting private documents via the Internet. It collects process metrics such as CPU load, RAM usage, and a variety of other resources over SSH/SNMP. Creativity is intelligence having fun. To successfully establish a new connection to local/remote server - no matter via SSL or SSH, set the database login information in the General tab. SSH serves to prevent such vulnerabilities and allows you to access a remote server\'s shell without compromising security. Navicat Data Modeler is a powerful and cost-effective database design tool which helps you build high-quality conceptual, logical and physical data models. Secure SHell (SSH) is a program to log in into another computer over a network, execute commands on a remote server, and move files from one machine to another. Navicat is a multi-connections Database Administration tool allowing you to connect to MySQL, Oracle, PostgreSQL, SQLite, SQL Server, MariaDB and/or MongoDB databases, making database administration to multiple kinds of database so easy. Navicat provides a wide range advanced features, such as compelling code editing capabilities, smart code-completion, SQL formatting, and more. Such sessions are also susceptible to session hijacking, where a malicious user takes over your session once you have authenticated. The Information Pane shows the detailed object information, project activities, the DDL of database objects, object dependencies, membership of users/roles and preview. Navicat allows you to transfer data from one database and/or schema to another with detailed analytical process. To start working with your server in Navicat, you should first establish a connection or several connections using the Connection window. Navicat 15 has added support for the system-wide dark mode. Monitored servers include MySQL, MariaDB and SQL Server, and compatible with cloud databases like Amazon RDS, Amazon Aurora, Oracle Cloud, Google Cloud and Microsoft Azure. It provides strong authentication and secure encrypted communications between two hosts, known as SSH Port Forwarding (Tunneling), over an insecure network. What you get by achieving your goals is not as important as what you become by achieving your goals. After comparing data, the window shows the number of records that will be inserted, updated or deleted in the target. If it scares you, it might be a good thing to try. If you wait, all that happens is you get older. Such sessions are also susceptible to session hijacking, where a malicious user takes over your session once you have authenticated. The Information Pane shows the detailed object information, project activities, the DDL of database objects, object dependencies, membership of users/roles and preview. If you wait, all that happens is you get older. Creativity is intelligence having fun. In the Objects tab, you can use the List List, Detail Detail and ER Diagram ER Diagram buttons to change the object view. How we spend our days is, of course, how we spend our lives. You cannot save people, you can just love them. Navicat Monitor can be installed on any local computer or virtual machine and does not require any software installation on the servers being monitored. All the Navicat Cloud objects are located under different projects. You can share the project to other Navicat Cloud accounts for collaboration. All journeys have secret destinations of which the traveler is unaware. Secure Sockets Layer(SSL) is a protocol for transmitting private documents via the Internet. Actually it is just in an idea when feel oneself can achieve and cannot achieve. A man’s best friends are his ten fingers. It is used while your ISPs do not allow direct connections, but allows establishing HTTP connections. It wasn’t raining when Noah built the ark. The repository database can be an existing MySQL, MariaDB, PostgreSQL, SQL Server, or Amazon RDS instance. How we spend our days is, of course, how we spend our lives. Navicat Cloud could not connect and access your databases. By which it means, it could only store your connection settings, queries, model files, and virtual group; your database passwords and data (e.g. tables, views, etc) will not be stored to Navicat Cloud. Monitored servers include MySQL, MariaDB and SQL Server, and compatible with cloud databases like Amazon RDS, Amazon Aurora, Oracle Cloud, Google Cloud and Microsoft Azure. Remember that failure is an event, not a person. I may not have gone where I intended to go, but I think I have ended up where I needed to be. If it scares you, it might be a good thing to try. Navicat Data Modeler enables you to build high-quality conceptual, logical and physical data models for a wide variety of audiences. The Information Pane shows the detailed object information, project activities, the DDL of database objects, object dependencies, membership of users/roles and preview. A man’s best friends are his ten fingers. The Synchronize to Database function will give you a full picture of all database differences. After comparing data, the window shows the number of records that will be inserted, updated or deleted in the target. Navicat Monitor requires a repository to store alerts and metrics for historical analysis. Navicat allows you to transfer data from one database and/or schema to another with detailed analytical process. You cannot save people, you can just love them. Navicat provides powerful tools for working with queries: Query Editor for editing the query text directly, and Query Builder, Find Builder or Aggregate Builder for building queries visually. If your Internet Service Provider (ISP) does not provide direct access to its server, Secure Tunneling Protocol (SSH) / HTTP is another solution. To open a query using an external editor, control-click it and select Open with External Editor. You can set the file path of an external editor in Preferences. SQL Editor allows you to create and edit SQL text, prepare and execute selected queries. Navicat Cloud could not connect and access your databases. By which it means, it could only store your connection settings, queries, model files, and virtual group; your database passwords and data (e.g. tables, views, etc) will not be stored to Navicat Cloud. Navicat Cloud could not connect and access your databases. By which it means, it could only store your connection settings, queries, model files, and virtual group; your database passwords and data (e.g. tables, views, etc) will not be stored to Navicat Cloud. SQL Editor allows you to create and edit SQL text, prepare and execute selected queries. The reason why a great man is great is that he resolves to be a great man. Typically, it is employed as an encrypted version of Telnet. To successfully establish a new connection to local/remote server - no matter via SSL or SSH, set the database login information in the General tab. It is used while your ISPs do not allow direct connections, but allows establishing HTTP connections. In a Telnet session, all communications, including username and password, are transmitted in plain-text, allowing anyone to listen-in on your session and steal passwords and other information. Always keep your eyes open. Keep watching. Because whatever you see can inspire you.', 2, 513, '2007-01-27 03:50:27', '2022-10-21 17:22:46');
INSERT INTO `answers` VALUES (38, 4, 12, 'To successfully establish a new connection to local/remote server - no matter via SSL or SSH, set the database login information in the General tab. If your Internet Service Provider (ISP) does not provide direct access to its server, Secure Tunneling Protocol (SSH) / HTTP is another solution. Difficult circumstances serve as a textbook of life for people. Navicat 15 has added support for the system-wide dark mode. The repository database can be an existing MySQL, MariaDB, PostgreSQL, SQL Server, or Amazon RDS instance. If it scares you, it might be a good thing to try. Navicat Monitor is a safe, simple and agentless remote server monitoring tool that is packed with powerful features to make your monitoring effective as possible. The Main Window consists of several toolbars and panes for you to work on connections, database objects and advanced tools. A man’s best friends are his ten fingers. Monitored servers include MySQL, MariaDB and SQL Server, and compatible with cloud databases like Amazon RDS, Amazon Aurora, Oracle Cloud, Google Cloud and Microsoft Azure. The repository database can be an existing MySQL, MariaDB, PostgreSQL, SQL Server, or Amazon RDS instance. HTTP Tunneling is a method for connecting to a server that uses the same protocol (http://) and the same port (port 80) as a web server does. Navicat 15 has added support for the system-wide dark mode. Flexible settings enable you to set up a custom key for comparison and synchronization. Navicat 15 has added support for the system-wide dark mode. Navicat provides a wide range advanced features, such as compelling code editing capabilities, smart code-completion, SQL formatting, and more. Typically, it is employed as an encrypted version of Telnet. Navicat Data Modeler enables you to build high-quality conceptual, logical and physical data models for a wide variety of audiences. If the plan doesn’t work, change the plan, but never the goal.', 122, 247, '2016-07-12 15:25:28', '2002-12-09 05:11:12');
INSERT INTO `answers` VALUES (39, 1, 5, 'Navicat Data Modeler is a powerful and cost-effective database design tool which helps you build high-quality conceptual, logical and physical data models. Navicat Monitor is a safe, simple and agentless remote server monitoring tool that is packed with powerful features to make your monitoring effective as possible. To start working with your server in Navicat, you should first establish a connection or several connections using the Connection window. Anyone who has ever made anything of importance was disciplined. Navicat provides a wide range advanced features, such as compelling code editing capabilities, smart code-completion, SQL formatting, and more. Navicat 15 has added support for the system-wide dark mode. A comfort zone is a beautiful place, but nothing ever grows there. If opportunity doesn’t knock, build a door. To open a query using an external editor, control-click it and select Open with External Editor. You can set the file path of an external editor in Preferences. A man is not old until regrets take the place of dreams. A man is not old until regrets take the place of dreams. Navicat Cloud provides a cloud service for synchronizing connections, queries, model files and virtual group information from Navicat, other Navicat family members, different machines and different platforms. To get a secure connection, the first thing you need to do is to install OpenSSL Library and download Database Source. What you get by achieving your goals is not as important as what you become by achieving your goals. If it scares you, it might be a good thing to try. Navicat 15 has added support for the system-wide dark mode. Champions keep playing until they get it right. All the Navicat Cloud objects are located under different projects. You can share the project to other Navicat Cloud accounts for collaboration. The Synchronize to Database function will give you a full picture of all database differences. To start working with your server in Navicat, you should first establish a connection or several connections using the Connection window. If you wait, all that happens is you get older. The Information Pane shows the detailed object information, project activities, the DDL of database objects, object dependencies, membership of users/roles and preview. A man’s best friends are his ten fingers. To start working with your server in Navicat, you should first establish a connection or several connections using the Connection window. Navicat Monitor is a safe, simple and agentless remote server monitoring tool that is packed with powerful features to make your monitoring effective as possible. It wasn’t raining when Noah built the ark. You cannot save people, you can just love them. The reason why a great man is great is that he resolves to be a great man. In a Telnet session, all communications, including username and password, are transmitted in plain-text, allowing anyone to listen-in on your session and steal passwords and other information. Actually it is just in an idea when feel oneself can achieve and cannot achieve. The reason why a great man is great is that he resolves to be a great man. Navicat is a multi-connections Database Administration tool allowing you to connect to MySQL, Oracle, PostgreSQL, SQLite, SQL Server, MariaDB and/or MongoDB databases, making database administration to multiple kinds of database so easy. If the Show objects under schema in navigation pane option is checked at the Preferences window, all database objects are also displayed in the pane. How we spend our days is, of course, how we spend our lives. Success consists of going from failure to failure without loss of enthusiasm. Difficult circumstances serve as a textbook of life for people. Genius is an infinite capacity for taking pains. Success consists of going from failure to failure without loss of enthusiasm. Such sessions are also susceptible to session hijacking, where a malicious user takes over your session once you have authenticated. The Main Window consists of several toolbars and panes for you to work on connections, database objects and advanced tools. Secure SHell (SSH) is a program to log in into another computer over a network, execute commands on a remote server, and move files from one machine to another. The past has no power over the present moment. In other words, Navicat provides the ability for data in different databases and/or schemas to be kept up-to-date so that each repository contains the same information. It is used while your ISPs do not allow direct connections, but allows establishing HTTP connections. In the middle of winter I at last discovered that there was in me an invincible summer. All journeys have secret destinations of which the traveler is unaware. If the Show objects under schema in navigation pane option is checked at the Preferences window, all database objects are also displayed in the pane. The Synchronize to Database function will give you a full picture of all database differences. Always keep your eyes open. Keep watching. Because whatever you see can inspire you. If the Show objects under schema in navigation pane option is checked at the Preferences window, all database objects are also displayed in the pane. In the Objects tab, you can use the List List, Detail Detail and ER Diagram ER Diagram buttons to change the object view. Anyone who has never made a mistake has never tried anything new. Navicat Cloud provides a cloud service for synchronizing connections, queries, model files and virtual group information from Navicat, other Navicat family members, different machines and different platforms. You cannot save people, you can just love them. SQL Editor allows you to create and edit SQL text, prepare and execute selected queries. Creativity is intelligence having fun. Flexible settings enable you to set up a custom key for comparison and synchronization. Anyone who has never made a mistake has never tried anything new. If the Show objects under schema in navigation pane option is checked at the Preferences window, all database objects are also displayed in the pane. In the middle of winter I at last discovered that there was in me an invincible summer. Flexible settings enable you to set up a custom key for comparison and synchronization. Optimism is the one quality more associated with success and happiness than any other. Champions keep playing until they get it right. Navicat Monitor requires a repository to store alerts and metrics for historical analysis. If it scares you, it might be a good thing to try. The Navigation pane employs tree structure which allows you to take action upon the database and their objects through their pop-up menus quickly and easily. Navicat provides powerful tools for working with queries: Query Editor for editing the query text directly, and Query Builder, Find Builder or Aggregate Builder for building queries visually. To open a query using an external editor, control-click it and select Open with External Editor. You can set the file path of an external editor in Preferences.', 110, 781, '2019-07-28 00:18:10', '2002-10-09 06:48:05');
INSERT INTO `answers` VALUES (40, 1, 13, 'If it scares you, it might be a good thing to try. After logged in the Navicat Cloud feature, the Navigation pane will be divided into Navicat Cloud and My Connections sections. Flexible settings enable you to set up a custom key for comparison and synchronization. There is no way to happiness. Happiness is the way. All the Navicat Cloud objects are located under different projects. You can share the project to other Navicat Cloud accounts for collaboration. You cannot save people, you can just love them. A query is used to extract data from the database in a readable format according to the user\'s request. It can also manage cloud databases such as Amazon Redshift, Amazon RDS, Alibaba Cloud. Features in Navicat are sophisticated enough to provide professional developers for all their specific needs, yet easy to learn for users who are new to database server. It is used while your ISPs do not allow direct connections, but allows establishing HTTP connections. Navicat Monitor requires a repository to store alerts and metrics for historical analysis. The first step is as good as half over. Navicat Cloud provides a cloud service for synchronizing connections, queries, model files and virtual group information from Navicat, other Navicat family members, different machines and different platforms. Sometimes you win, sometimes you learn. It can also manage cloud databases such as Amazon Redshift, Amazon RDS, Alibaba Cloud. Features in Navicat are sophisticated enough to provide professional developers for all their specific needs, yet easy to learn for users who are new to database server. A query is used to extract data from the database in a readable format according to the user\'s request. After comparing data, the window shows the number of records that will be inserted, updated or deleted in the target. A query is used to extract data from the database in a readable format according to the user\'s request. Always keep your eyes open. Keep watching. Because whatever you see can inspire you. In the Objects tab, you can use the List List, Detail Detail and ER Diagram ER Diagram buttons to change the object view. To successfully establish a new connection to local/remote server - no matter via SSL or SSH, set the database login information in the General tab. Navicat Data Modeler is a powerful and cost-effective database design tool which helps you build high-quality conceptual, logical and physical data models. Navicat Cloud provides a cloud service for synchronizing connections, queries, model files and virtual group information from Navicat, other Navicat family members, different machines and different platforms. In the Objects tab, you can use the List List, Detail Detail and ER Diagram ER Diagram buttons to change the object view. To clear or reload various internal caches, flush tables, or acquire locks, control-click your connection in the Navigation pane and select Flush and choose the flush option. You must have the reload privilege to use this feature. All journeys have secret destinations of which the traveler is unaware. The Synchronize to Database function will give you a full picture of all database differences. It can also manage cloud databases such as Amazon Redshift, Amazon RDS, Alibaba Cloud. Features in Navicat are sophisticated enough to provide professional developers for all their specific needs, yet easy to learn for users who are new to database server. Anyone who has ever made anything of importance was disciplined. There is no way to happiness. Happiness is the way. It is used while your ISPs do not allow direct connections, but allows establishing HTTP connections. You must be the change you wish to see in the world. Secure SHell (SSH) is a program to log in into another computer over a network, execute commands on a remote server, and move files from one machine to another. A man is not old until regrets take the place of dreams. Flexible settings enable you to set up a custom key for comparison and synchronization. SSH serves to prevent such vulnerabilities and allows you to access a remote server\'s shell without compromising security. It wasn’t raining when Noah built the ark. In the middle of winter I at last discovered that there was in me an invincible summer. Navicat Data Modeler enables you to build high-quality conceptual, logical and physical data models for a wide variety of audiences. Navicat provides powerful tools for working with queries: Query Editor for editing the query text directly, and Query Builder, Find Builder or Aggregate Builder for building queries visually. The past has no power over the present moment. To open a query using an external editor, control-click it and select Open with External Editor. You can set the file path of an external editor in Preferences. In a Telnet session, all communications, including username and password, are transmitted in plain-text, allowing anyone to listen-in on your session and steal passwords and other information. The Information Pane shows the detailed object information, project activities, the DDL of database objects, object dependencies, membership of users/roles and preview. Secure Sockets Layer(SSL) is a protocol for transmitting private documents via the Internet. After comparing data, the window shows the number of records that will be inserted, updated or deleted in the target. Genius is an infinite capacity for taking pains. Navicat authorizes you to make connection to remote servers running on different platforms (i.e. Windows, macOS, Linux and UNIX), and supports PAM and GSSAPI authentication. A man’s best friends are his ten fingers. The past has no power over the present moment. In the Objects tab, you can use the List List, Detail Detail and ER Diagram ER Diagram buttons to change the object view. Typically, it is employed as an encrypted version of Telnet. It is used while your ISPs do not allow direct connections, but allows establishing HTTP connections. Navicat allows you to transfer data from one database and/or schema to another with detailed analytical process. Anyone who has never made a mistake has never tried anything new. The past has no power over the present moment. The first step is as good as half over. To successfully establish a new connection to local/remote server - no matter via SSL or SSH, set the database login information in the General tab. If your Internet Service Provider (ISP) does not provide direct access to its server, Secure Tunneling Protocol (SSH) / HTTP is another solution. A man is not old until regrets take the place of dreams. You must be the change you wish to see in the world. Instead of wondering when your next vacation is, maybe you should set up a life you don’t need to escape from. All the Navicat Cloud objects are located under different projects. You can share the project to other Navicat Cloud accounts for collaboration. Anyone who has never made a mistake has never tried anything new. You will succeed because most people are lazy. To start working with your server in Navicat, you should first establish a connection or several connections using the Connection window. SQL Editor allows you to create and edit SQL text, prepare and execute selected queries. SSH serves to prevent such vulnerabilities and allows you to access a remote server\'s shell without compromising security. To start working with your server in Navicat, you should first establish a connection or several connections using the Connection window. Remember that failure is an event, not a person. Actually it is just in an idea when feel oneself can achieve and cannot achieve. If you wait, all that happens is you get older. To successfully establish a new connection to local/remote server - no matter via SSL, SSH or HTTP, set the database login information in the General tab.', 38, 199, '2014-09-30 05:36:25', '2000-08-13 13:39:25');
INSERT INTO `answers` VALUES (41, 3, 4, 'The Navigation pane employs tree structure which allows you to take action upon the database and their objects through their pop-up menus quickly and easily. To start working with your server in Navicat, you should first establish a connection or several connections using the Connection window. How we spend our days is, of course, how we spend our lives. In the middle of winter I at last discovered that there was in me an invincible summer. HTTP Tunneling is a method for connecting to a server that uses the same protocol (http://) and the same port (port 80) as a web server does. In other words, Navicat provides the ability for data in different databases and/or schemas to be kept up-to-date so that each repository contains the same information. Creativity is intelligence having fun. If the Show objects under schema in navigation pane option is checked at the Preferences window, all database objects are also displayed in the pane. Creativity is intelligence having fun. SSH serves to prevent such vulnerabilities and allows you to access a remote server\'s shell without compromising security. Success consists of going from failure to failure without loss of enthusiasm. HTTP Tunneling is a method for connecting to a server that uses the same protocol (http://) and the same port (port 80) as a web server does. A comfort zone is a beautiful place, but nothing ever grows there. The reason why a great man is great is that he resolves to be a great man. There is no way to happiness. Happiness is the way. There is no way to happiness. Happiness is the way. It provides strong authentication and secure encrypted communications between two hosts, known as SSH Port Forwarding (Tunneling), over an insecure network. Navicat 15 has added support for the system-wide dark mode. After comparing data, the window shows the number of records that will be inserted, updated or deleted in the target. Navicat Data Modeler enables you to build high-quality conceptual, logical and physical data models for a wide variety of audiences. I may not have gone where I intended to go, but I think I have ended up where I needed to be. To successfully establish a new connection to local/remote server - no matter via SSL, SSH or HTTP, set the database login information in the General tab. Monitored servers include MySQL, MariaDB and SQL Server, and compatible with cloud databases like Amazon RDS, Amazon Aurora, Oracle Cloud, Google Cloud and Microsoft Azure. To successfully establish a new connection to local/remote server - no matter via SSL or SSH, set the database login information in the General tab. The Information Pane shows the detailed object information, project activities, the DDL of database objects, object dependencies, membership of users/roles and preview. In other words, Navicat provides the ability for data in different databases and/or schemas to be kept up-to-date so that each repository contains the same information. How we spend our days is, of course, how we spend our lives. Sometimes you win, sometimes you learn. All the Navicat Cloud objects are located under different projects. You can share the project to other Navicat Cloud accounts for collaboration. Such sessions are also susceptible to session hijacking, where a malicious user takes over your session once you have authenticated. It collects process metrics such as CPU load, RAM usage, and a variety of other resources over SSH/SNMP. The reason why a great man is great is that he resolves to be a great man. I destroy my enemies when I make them my friends. You cannot save people, you can just love them. I may not have gone where I intended to go, but I think I have ended up where I needed to be. A man’s best friends are his ten fingers. After comparing data, the window shows the number of records that will be inserted, updated or deleted in the target. You will succeed because most people are lazy. I will greet this day with love in my heart. To successfully establish a new connection to local/remote server - no matter via SSL, SSH or HTTP, set the database login information in the General tab. The past has no power over the present moment. I may not have gone where I intended to go, but I think I have ended up where I needed to be. If opportunity doesn’t knock, build a door. Export Wizard allows you to export data from tables, collections, views, or query results to any available formats. A man is not old until regrets take the place of dreams. Navicat 15 has added support for the system-wide dark mode. To start working with your server in Navicat, you should first establish a connection or several connections using the Connection window. To open a query using an external editor, control-click it and select Open with External Editor. You can set the file path of an external editor in Preferences. A man’s best friends are his ten fingers. It is used while your ISPs do not allow direct connections, but allows establishing HTTP connections.', 77, 827, '2020-06-27 21:38:34', '2026-01-21 10:36:56');
INSERT INTO `answers` VALUES (42, 3, 10, 'Navicat Data Modeler enables you to build high-quality conceptual, logical and physical data models for a wide variety of audiences. All the Navicat Cloud objects are located under different projects. You can share the project to other Navicat Cloud accounts for collaboration. It wasn’t raining when Noah built the ark. Creativity is intelligence having fun. SSH serves to prevent such vulnerabilities and allows you to access a remote server\'s shell without compromising security. If your Internet Service Provider (ISP) does not provide direct access to its server, Secure Tunneling Protocol (SSH) / HTTP is another solution. You will succeed because most people are lazy. If your Internet Service Provider (ISP) does not provide direct access to its server, Secure Tunneling Protocol (SSH) / HTTP is another solution.', 27, 383, '2017-07-29 15:22:23', '2011-09-11 08:50:37');
INSERT INTO `answers` VALUES (43, 2, 7, 'It is used while your ISPs do not allow direct connections, but allows establishing HTTP connections. I may not have gone where I intended to go, but I think I have ended up where I needed to be. You cannot save people, you can just love them. Navicat provides a wide range advanced features, such as compelling code editing capabilities, smart code-completion, SQL formatting, and more. It provides strong authentication and secure encrypted communications between two hosts, known as SSH Port Forwarding (Tunneling), over an insecure network. Navicat Monitor is a safe, simple and agentless remote server monitoring tool that is packed with powerful features to make your monitoring effective as possible. You cannot save people, you can just love them. Remember that failure is an event, not a person. How we spend our days is, of course, how we spend our lives. Monitored servers include MySQL, MariaDB and SQL Server, and compatible with cloud databases like Amazon RDS, Amazon Aurora, Oracle Cloud, Google Cloud and Microsoft Azure. After comparing data, the window shows the number of records that will be inserted, updated or deleted in the target. To clear or reload various internal caches, flush tables, or acquire locks, control-click your connection in the Navigation pane and select Flush and choose the flush option. You must have the reload privilege to use this feature. How we spend our days is, of course, how we spend our lives. Difficult circumstances serve as a textbook of life for people. SSH serves to prevent such vulnerabilities and allows you to access a remote server\'s shell without compromising security. In the middle of winter I at last discovered that there was in me an invincible summer. If the plan doesn’t work, change the plan, but never the goal. The repository database can be an existing MySQL, MariaDB, PostgreSQL, SQL Server, or Amazon RDS instance. Navicat Monitor can be installed on any local computer or virtual machine and does not require any software installation on the servers being monitored. Export Wizard allows you to export data from tables, collections, views, or query results to any available formats. The Main Window consists of several toolbars and panes for you to work on connections, database objects and advanced tools. HTTP Tunneling is a method for connecting to a server that uses the same protocol (http://) and the same port (port 80) as a web server does. A query is used to extract data from the database in a readable format according to the user\'s request. Navicat 15 has added support for the system-wide dark mode. To successfully establish a new connection to local/remote server - no matter via SSL, SSH or HTTP, set the database login information in the General tab. In other words, Navicat provides the ability for data in different databases and/or schemas to be kept up-to-date so that each repository contains the same information. Flexible settings enable you to set up a custom key for comparison and synchronization. You will succeed because most people are lazy. I will greet this day with love in my heart.', 7, 308, '2026-01-19 08:43:59', '2001-10-10 09:48:04');
INSERT INTO `answers` VALUES (44, 1, 14, 'If the plan doesn’t work, change the plan, but never the goal. To successfully establish a new connection to local/remote server - no matter via SSL, SSH or HTTP, set the database login information in the General tab. Navicat Data Modeler is a powerful and cost-effective database design tool which helps you build high-quality conceptual, logical and physical data models. All journeys have secret destinations of which the traveler is unaware. Navicat Cloud could not connect and access your databases. By which it means, it could only store your connection settings, queries, model files, and virtual group; your database passwords and data (e.g. tables, views, etc) will not be stored to Navicat Cloud. Actually it is just in an idea when feel oneself can achieve and cannot achieve. Success consists of going from failure to failure without loss of enthusiasm. The Synchronize to Database function will give you a full picture of all database differences. The Main Window consists of several toolbars and panes for you to work on connections, database objects and advanced tools. It can also manage cloud databases such as Amazon Redshift, Amazon RDS, Alibaba Cloud. Features in Navicat are sophisticated enough to provide professional developers for all their specific needs, yet easy to learn for users who are new to database server. Success consists of going from failure to failure without loss of enthusiasm. Navicat Data Modeler enables you to build high-quality conceptual, logical and physical data models for a wide variety of audiences. Typically, it is employed as an encrypted version of Telnet. To get a secure connection, the first thing you need to do is to install OpenSSL Library and download Database Source. I may not have gone where I intended to go, but I think I have ended up where I needed to be. It wasn’t raining when Noah built the ark. You cannot save people, you can just love them. The Navigation pane employs tree structure which allows you to take action upon the database and their objects through their pop-up menus quickly and easily. Always keep your eyes open. Keep watching. Because whatever you see can inspire you. Navicat Monitor is a safe, simple and agentless remote server monitoring tool that is packed with powerful features to make your monitoring effective as possible. Optimism is the one quality more associated with success and happiness than any other. To successfully establish a new connection to local/remote server - no matter via SSL, SSH or HTTP, set the database login information in the General tab. Typically, it is employed as an encrypted version of Telnet. Navicat 15 has added support for the system-wide dark mode. To connect to a database or schema, simply double-click it in the pane. Navicat provides a wide range advanced features, such as compelling code editing capabilities, smart code-completion, SQL formatting, and more. Typically, it is employed as an encrypted version of Telnet. I destroy my enemies when I make them my friends. I will greet this day with love in my heart. The Main Window consists of several toolbars and panes for you to work on connections, database objects and advanced tools. Difficult circumstances serve as a textbook of life for people. Navicat provides a wide range advanced features, such as compelling code editing capabilities, smart code-completion, SQL formatting, and more. You cannot save people, you can just love them. Monitored servers include MySQL, MariaDB and SQL Server, and compatible with cloud databases like Amazon RDS, Amazon Aurora, Oracle Cloud, Google Cloud and Microsoft Azure. I destroy my enemies when I make them my friends. The Navigation pane employs tree structure which allows you to take action upon the database and their objects through their pop-up menus quickly and easily. Navicat Monitor can be installed on any local computer or virtual machine and does not require any software installation on the servers being monitored. Navicat Cloud provides a cloud service for synchronizing connections, queries, model files and virtual group information from Navicat, other Navicat family members, different machines and different platforms. Difficult circumstances serve as a textbook of life for people. Champions keep playing until they get it right. The past has no power over the present moment. Navicat Monitor requires a repository to store alerts and metrics for historical analysis. You must be the change you wish to see in the world. Difficult circumstances serve as a textbook of life for people. If you wait, all that happens is you get older. It collects process metrics such as CPU load, RAM usage, and a variety of other resources over SSH/SNMP. If the Show objects under schema in navigation pane option is checked at the Preferences window, all database objects are also displayed in the pane. To successfully establish a new connection to local/remote server - no matter via SSL, SSH or HTTP, set the database login information in the General tab. A man’s best friends are his ten fingers. To clear or reload various internal caches, flush tables, or acquire locks, control-click your connection in the Navigation pane and select Flush and choose the flush option. You must have the reload privilege to use this feature. Navicat provides powerful tools for working with queries: Query Editor for editing the query text directly, and Query Builder, Find Builder or Aggregate Builder for building queries visually.', 105, 91, '2018-03-30 12:12:45', '2004-10-19 01:13:47');
INSERT INTO `answers` VALUES (45, 5, 10, 'Import Wizard allows you to import data to tables/collections from CSV, TXT, XML, DBF and more. If the plan doesn’t work, change the plan, but never the goal. Navicat allows you to transfer data from one database and/or schema to another with detailed analytical process. Instead of wondering when your next vacation is, maybe you should set up a life you don’t need to escape from. Always keep your eyes open. Keep watching. Because whatever you see can inspire you. It is used while your ISPs do not allow direct connections, but allows establishing HTTP connections. It is used while your ISPs do not allow direct connections, but allows establishing HTTP connections. You must be the change you wish to see in the world. Import Wizard allows you to import data to tables/collections from CSV, TXT, XML, DBF and more. Navicat Monitor is a safe, simple and agentless remote server monitoring tool that is packed with powerful features to make your monitoring effective as possible. It can also manage cloud databases such as Amazon Redshift, Amazon RDS, Alibaba Cloud. Features in Navicat are sophisticated enough to provide professional developers for all their specific needs, yet easy to learn for users who are new to database server. The Synchronize to Database function will give you a full picture of all database differences. The Main Window consists of several toolbars and panes for you to work on connections, database objects and advanced tools. The Main Window consists of several toolbars and panes for you to work on connections, database objects and advanced tools. A man’s best friends are his ten fingers. There is no way to happiness. Happiness is the way. The Synchronize to Database function will give you a full picture of all database differences. The Information Pane shows the detailed object information, project activities, the DDL of database objects, object dependencies, membership of users/roles and preview. The Synchronize to Database function will give you a full picture of all database differences. Difficult circumstances serve as a textbook of life for people. If you wait, all that happens is you get older. In the middle of winter I at last discovered that there was in me an invincible summer. Navicat Cloud could not connect and access your databases. By which it means, it could only store your connection settings, queries, model files, and virtual group; your database passwords and data (e.g. tables, views, etc) will not be stored to Navicat Cloud. Difficult circumstances serve as a textbook of life for people. Navicat Monitor can be installed on any local computer or virtual machine and does not require any software installation on the servers being monitored. Export Wizard allows you to export data from tables, collections, views, or query results to any available formats. If opportunity doesn’t knock, build a door. In other words, Navicat provides the ability for data in different databases and/or schemas to be kept up-to-date so that each repository contains the same information. Instead of wondering when your next vacation is, maybe you should set up a life you don’t need to escape from. To get a secure connection, the first thing you need to do is to install OpenSSL Library and download Database Source. With its well-designed Graphical User Interface(GUI), Navicat lets you quickly and easily create, organize, access and share information in a secure and easy way. Navicat 15 has added support for the system-wide dark mode. The Main Window consists of several toolbars and panes for you to work on connections, database objects and advanced tools. Remember that failure is an event, not a person. Genius is an infinite capacity for taking pains. The On Startup feature allows you to control what tabs appear when you launch Navicat. If the Show objects under schema in navigation pane option is checked at the Preferences window, all database objects are also displayed in the pane. Optimism is the one quality more associated with success and happiness than any other. It can also manage cloud databases such as Amazon Redshift, Amazon RDS, Alibaba Cloud. Features in Navicat are sophisticated enough to provide professional developers for all their specific needs, yet easy to learn for users who are new to database server. Optimism is the one quality more associated with success and happiness than any other. The past has no power over the present moment. Optimism is the one quality more associated with success and happiness than any other. Sometimes you win, sometimes you learn. It can also manage cloud databases such as Amazon Redshift, Amazon RDS, Alibaba Cloud. Features in Navicat are sophisticated enough to provide professional developers for all their specific needs, yet easy to learn for users who are new to database server. Secure Sockets Layer(SSL) is a protocol for transmitting private documents via the Internet. I may not have gone where I intended to go, but I think I have ended up where I needed to be. The first step is as good as half over. Anyone who has never made a mistake has never tried anything new. It provides strong authentication and secure encrypted communications between two hosts, known as SSH Port Forwarding (Tunneling), over an insecure network. The Main Window consists of several toolbars and panes for you to work on connections, database objects and advanced tools. You will succeed because most people are lazy. After logged in the Navicat Cloud feature, the Navigation pane will be divided into Navicat Cloud and My Connections sections. If it scares you, it might be a good thing to try. SQL Editor allows you to create and edit SQL text, prepare and execute selected queries. Champions keep playing until they get it right. You must be the change you wish to see in the world. How we spend our days is, of course, how we spend our lives. Navicat Cloud provides a cloud service for synchronizing connections, queries, model files and virtual group information from Navicat, other Navicat family members, different machines and different platforms. SSH serves to prevent such vulnerabilities and allows you to access a remote server\'s shell without compromising security. Flexible settings enable you to set up a custom key for comparison and synchronization. Navicat allows you to transfer data from one database and/or schema to another with detailed analytical process. If opportunity doesn’t knock, build a door. If you wait, all that happens is you get older. You must be the change you wish to see in the world. Secure Sockets Layer(SSL) is a protocol for transmitting private documents via the Internet. Creativity is intelligence having fun. I will greet this day with love in my heart. The Main Window consists of several toolbars and panes for you to work on connections, database objects and advanced tools. Navicat provides powerful tools for working with queries: Query Editor for editing the query text directly, and Query Builder, Find Builder or Aggregate Builder for building queries visually. Sometimes you win, sometimes you learn. To get a secure connection, the first thing you need to do is to install OpenSSL Library and download Database Source. Always keep your eyes open. Keep watching. Because whatever you see can inspire you. After comparing data, the window shows the number of records that will be inserted, updated or deleted in the target. It collects process metrics such as CPU load, RAM usage, and a variety of other resources over SSH/SNMP. Navicat Data Modeler enables you to build high-quality conceptual, logical and physical data models for a wide variety of audiences.', 51, 556, '2010-10-05 05:43:28', '2000-06-17 05:43:34');
INSERT INTO `answers` VALUES (46, 4, 11, 'You can select any connections, objects or projects, and then select the corresponding buttons on the Information Pane. Anyone who has never made a mistake has never tried anything new. It wasn’t raining when Noah built the ark. The Synchronize to Database function will give you a full picture of all database differences. Typically, it is employed as an encrypted version of Telnet. Navicat Monitor can be installed on any local computer or virtual machine and does not require any software installation on the servers being monitored. To successfully establish a new connection to local/remote server - no matter via SSL or SSH, set the database login information in the General tab. If opportunity doesn’t knock, build a door. In other words, Navicat provides the ability for data in different databases and/or schemas to be kept up-to-date so that each repository contains the same information. Anyone who has never made a mistake has never tried anything new. Navicat Data Modeler is a powerful and cost-effective database design tool which helps you build high-quality conceptual, logical and physical data models. Always keep your eyes open. Keep watching. Because whatever you see can inspire you. To connect to a database or schema, simply double-click it in the pane. Navicat Monitor can be installed on any local computer or virtual machine and does not require any software installation on the servers being monitored.', 52, 315, '2023-05-16 14:51:45', '2011-03-31 18:36:00');
INSERT INTO `answers` VALUES (47, 4, 6, 'Genius is an infinite capacity for taking pains. It wasn’t raining when Noah built the ark. The Main Window consists of several toolbars and panes for you to work on connections, database objects and advanced tools. SQL Editor allows you to create and edit SQL text, prepare and execute selected queries. All journeys have secret destinations of which the traveler is unaware. Navicat is a multi-connections Database Administration tool allowing you to connect to MySQL, Oracle, PostgreSQL, SQLite, SQL Server, MariaDB and/or MongoDB databases, making database administration to multiple kinds of database so easy. Secure Sockets Layer(SSL) is a protocol for transmitting private documents via the Internet. What you get by achieving your goals is not as important as what you become by achieving your goals. To start working with your server in Navicat, you should first establish a connection or several connections using the Connection window. Secure Sockets Layer(SSL) is a protocol for transmitting private documents via the Internet. Navicat Cloud could not connect and access your databases. By which it means, it could only store your connection settings, queries, model files, and virtual group; your database passwords and data (e.g. tables, views, etc) will not be stored to Navicat Cloud. You cannot save people, you can just love them. Navicat Data Modeler enables you to build high-quality conceptual, logical and physical data models for a wide variety of audiences. In other words, Navicat provides the ability for data in different databases and/or schemas to be kept up-to-date so that each repository contains the same information. To connect to a database or schema, simply double-click it in the pane. Navicat allows you to transfer data from one database and/or schema to another with detailed analytical process. The first step is as good as half over. Such sessions are also susceptible to session hijacking, where a malicious user takes over your session once you have authenticated. Secure Sockets Layer(SSL) is a protocol for transmitting private documents via the Internet. After comparing data, the window shows the number of records that will be inserted, updated or deleted in the target. Navicat 15 has added support for the system-wide dark mode. Navicat Data Modeler is a powerful and cost-effective database design tool which helps you build high-quality conceptual, logical and physical data models. The past has no power over the present moment. SSH serves to prevent such vulnerabilities and allows you to access a remote server\'s shell without compromising security. Navicat Monitor can be installed on any local computer or virtual machine and does not require any software installation on the servers being monitored. Navicat Monitor is a safe, simple and agentless remote server monitoring tool that is packed with powerful features to make your monitoring effective as possible. You can select any connections, objects or projects, and then select the corresponding buttons on the Information Pane. In a Telnet session, all communications, including username and password, are transmitted in plain-text, allowing anyone to listen-in on your session and steal passwords and other information. Navicat provides powerful tools for working with queries: Query Editor for editing the query text directly, and Query Builder, Find Builder or Aggregate Builder for building queries visually. Navicat Monitor is a safe, simple and agentless remote server monitoring tool that is packed with powerful features to make your monitoring effective as possible. To open a query using an external editor, control-click it and select Open with External Editor. You can set the file path of an external editor in Preferences. A man is not old until regrets take the place of dreams. In the Objects tab, you can use the List List, Detail Detail and ER Diagram ER Diagram buttons to change the object view. To successfully establish a new connection to local/remote server - no matter via SSL or SSH, set the database login information in the General tab. A man’s best friends are his ten fingers. Navicat 15 has added support for the system-wide dark mode. After logged in the Navicat Cloud feature, the Navigation pane will be divided into Navicat Cloud and My Connections sections. Actually it is just in an idea when feel oneself can achieve and cannot achieve. Navicat allows you to transfer data from one database and/or schema to another with detailed analytical process. Navicat Cloud could not connect and access your databases. By which it means, it could only store your connection settings, queries, model files, and virtual group; your database passwords and data (e.g. tables, views, etc) will not be stored to Navicat Cloud. The first step is as good as half over. You must be the change you wish to see in the world. All the Navicat Cloud objects are located under different projects. You can share the project to other Navicat Cloud accounts for collaboration. A man is not old until regrets take the place of dreams. Export Wizard allows you to export data from tables, collections, views, or query results to any available formats. Anyone who has ever made anything of importance was disciplined. Navicat authorizes you to make connection to remote servers running on different platforms (i.e. Windows, macOS, Linux and UNIX), and supports PAM and GSSAPI authentication. Import Wizard allows you to import data to tables/collections from CSV, TXT, XML, DBF and more. Import Wizard allows you to import data to tables/collections from CSV, TXT, XML, DBF and more. What you get by achieving your goals is not as important as what you become by achieving your goals. Secure Sockets Layer(SSL) is a protocol for transmitting private documents via the Internet. If you wait, all that happens is you get older. It is used while your ISPs do not allow direct connections, but allows establishing HTTP connections. Navicat authorizes you to make connection to remote servers running on different platforms (i.e. Windows, macOS, Linux and UNIX), and supports PAM and GSSAPI authentication. A comfort zone is a beautiful place, but nothing ever grows there. How we spend our days is, of course, how we spend our lives. With its well-designed Graphical User Interface(GUI), Navicat lets you quickly and easily create, organize, access and share information in a secure and easy way. You cannot save people, you can just love them. In other words, Navicat provides the ability for data in different databases and/or schemas to be kept up-to-date so that each repository contains the same information. Creativity is intelligence having fun. If you wait, all that happens is you get older. HTTP Tunneling is a method for connecting to a server that uses the same protocol (http://) and the same port (port 80) as a web server does. The On Startup feature allows you to control what tabs appear when you launch Navicat. The Synchronize to Database function will give you a full picture of all database differences. The reason why a great man is great is that he resolves to be a great man. A man’s best friends are his ten fingers. All journeys have secret destinations of which the traveler is unaware. SSH serves to prevent such vulnerabilities and allows you to access a remote server\'s shell without compromising security. If the Show objects under schema in navigation pane option is checked at the Preferences window, all database objects are also displayed in the pane. To get a secure connection, the first thing you need to do is to install OpenSSL Library and download Database Source. Such sessions are also susceptible to session hijacking, where a malicious user takes over your session once you have authenticated. The Navigation pane employs tree structure which allows you to take action upon the database and their objects through their pop-up menus quickly and easily. If it scares you, it might be a good thing to try. Navicat Monitor can be installed on any local computer or virtual machine and does not require any software installation on the servers being monitored. It wasn’t raining when Noah built the ark. Instead of wondering when your next vacation is, maybe you should set up a life you don’t need to escape from. After comparing data, the window shows the number of records that will be inserted, updated or deleted in the target. SQL Editor allows you to create and edit SQL text, prepare and execute selected queries. SSH serves to prevent such vulnerabilities and allows you to access a remote server\'s shell without compromising security. A man’s best friends are his ten fingers. If the plan doesn’t work, change the plan, but never the goal. Anyone who has never made a mistake has never tried anything new. SQL Editor allows you to create and edit SQL text, prepare and execute selected queries. Creativity is intelligence having fun.', 37, 197, '2014-11-11 22:52:23', '2024-11-24 17:50:03');
INSERT INTO `answers` VALUES (48, 4, 12, 'To clear or reload various internal caches, flush tables, or acquire locks, control-click your connection in the Navigation pane and select Flush and choose the flush option. You must have the reload privilege to use this feature. The past has no power over the present moment. Navicat allows you to transfer data from one database and/or schema to another with detailed analytical process. There is no way to happiness. Happiness is the way. If the plan doesn’t work, change the plan, but never the goal. Navicat Data Modeler is a powerful and cost-effective database design tool which helps you build high-quality conceptual, logical and physical data models. Navicat Monitor is a safe, simple and agentless remote server monitoring tool that is packed with powerful features to make your monitoring effective as possible. It provides strong authentication and secure encrypted communications between two hosts, known as SSH Port Forwarding (Tunneling), over an insecure network. In the Objects tab, you can use the List List, Detail Detail and ER Diagram ER Diagram buttons to change the object view. I destroy my enemies when I make them my friends. A man is not old until regrets take the place of dreams. Navicat Cloud provides a cloud service for synchronizing connections, queries, model files and virtual group information from Navicat, other Navicat family members, different machines and different platforms. SSH serves to prevent such vulnerabilities and allows you to access a remote server\'s shell without compromising security. The On Startup feature allows you to control what tabs appear when you launch Navicat. Navicat Monitor requires a repository to store alerts and metrics for historical analysis. Navicat Monitor is a safe, simple and agentless remote server monitoring tool that is packed with powerful features to make your monitoring effective as possible.', 23, 118, '2021-06-06 10:27:48', '2001-08-18 04:13:58');
INSERT INTO `answers` VALUES (49, 2, 1, 'Navicat is a multi-connections Database Administration tool allowing you to connect to MySQL, Oracle, PostgreSQL, SQLite, SQL Server, MariaDB and/or MongoDB databases, making database administration to multiple kinds of database so easy. The Information Pane shows the detailed object information, project activities, the DDL of database objects, object dependencies, membership of users/roles and preview. Navicat Monitor requires a repository to store alerts and metrics for historical analysis. To clear or reload various internal caches, flush tables, or acquire locks, control-click your connection in the Navigation pane and select Flush and choose the flush option. You must have the reload privilege to use this feature. I may not have gone where I intended to go, but I think I have ended up where I needed to be. If it scares you, it might be a good thing to try. The Navigation pane employs tree structure which allows you to take action upon the database and their objects through their pop-up menus quickly and easily. All journeys have secret destinations of which the traveler is unaware. It is used while your ISPs do not allow direct connections, but allows establishing HTTP connections. A comfort zone is a beautiful place, but nothing ever grows there. Optimism is the one quality more associated with success and happiness than any other. A comfort zone is a beautiful place, but nothing ever grows there. The reason why a great man is great is that he resolves to be a great man. With its well-designed Graphical User Interface(GUI), Navicat lets you quickly and easily create, organize, access and share information in a secure and easy way. You cannot save people, you can just love them. Actually it is just in an idea when feel oneself can achieve and cannot achieve. SSH serves to prevent such vulnerabilities and allows you to access a remote server\'s shell without compromising security. Navicat Data Modeler enables you to build high-quality conceptual, logical and physical data models for a wide variety of audiences. Remember that failure is an event, not a person. To get a secure connection, the first thing you need to do is to install OpenSSL Library and download Database Source. The Main Window consists of several toolbars and panes for you to work on connections, database objects and advanced tools. Navicat is a multi-connections Database Administration tool allowing you to connect to MySQL, Oracle, PostgreSQL, SQLite, SQL Server, MariaDB and/or MongoDB databases, making database administration to multiple kinds of database so easy. It can also manage cloud databases such as Amazon Redshift, Amazon RDS, Alibaba Cloud. Features in Navicat are sophisticated enough to provide professional developers for all their specific needs, yet easy to learn for users who are new to database server.', 11, 36, '2013-06-09 16:06:59', '2021-07-12 21:27:34');
INSERT INTO `answers` VALUES (50, 5, 9, 'I destroy my enemies when I make them my friends. Navicat allows you to transfer data from one database and/or schema to another with detailed analytical process. To get a secure connection, the first thing you need to do is to install OpenSSL Library and download Database Source. The Main Window consists of several toolbars and panes for you to work on connections, database objects and advanced tools. It provides strong authentication and secure encrypted communications between two hosts, known as SSH Port Forwarding (Tunneling), over an insecure network. Optimism is the one quality more associated with success and happiness than any other. To successfully establish a new connection to local/remote server - no matter via SSL, SSH or HTTP, set the database login information in the General tab. Sometimes you win, sometimes you learn. There is no way to happiness. Happiness is the way. After comparing data, the window shows the number of records that will be inserted, updated or deleted in the target. Actually it is just in an idea when feel oneself can achieve and cannot achieve. Navicat 15 has added support for the system-wide dark mode. Anyone who has ever made anything of importance was disciplined. In the middle of winter I at last discovered that there was in me an invincible summer. Secure Sockets Layer(SSL) is a protocol for transmitting private documents via the Internet. There is no way to happiness. Happiness is the way. After comparing data, the window shows the number of records that will be inserted, updated or deleted in the target. The On Startup feature allows you to control what tabs appear when you launch Navicat. Actually it is just in an idea when feel oneself can achieve and cannot achieve. I destroy my enemies when I make them my friends. Monitored servers include MySQL, MariaDB and SQL Server, and compatible with cloud databases like Amazon RDS, Amazon Aurora, Oracle Cloud, Google Cloud and Microsoft Azure. To connect to a database or schema, simply double-click it in the pane. You will succeed because most people are lazy. You must be the change you wish to see in the world. Sometimes you win, sometimes you learn. Genius is an infinite capacity for taking pains. To successfully establish a new connection to local/remote server - no matter via SSL, SSH or HTTP, set the database login information in the General tab. I destroy my enemies when I make them my friends. Always keep your eyes open. Keep watching. Because whatever you see can inspire you. With its well-designed Graphical User Interface(GUI), Navicat lets you quickly and easily create, organize, access and share information in a secure and easy way. To open a query using an external editor, control-click it and select Open with External Editor. You can set the file path of an external editor in Preferences. In the Objects tab, you can use the List List, Detail Detail and ER Diagram ER Diagram buttons to change the object view. To open a query using an external editor, control-click it and select Open with External Editor. You can set the file path of an external editor in Preferences. Navicat 15 has added support for the system-wide dark mode. In a Telnet session, all communications, including username and password, are transmitted in plain-text, allowing anyone to listen-in on your session and steal passwords and other information. Navicat Data Modeler is a powerful and cost-effective database design tool which helps you build high-quality conceptual, logical and physical data models. To open a query using an external editor, control-click it and select Open with External Editor. You can set the file path of an external editor in Preferences. To successfully establish a new connection to local/remote server - no matter via SSL, SSH or HTTP, set the database login information in the General tab. If the plan doesn’t work, change the plan, but never the goal. Secure Sockets Layer(SSL) is a protocol for transmitting private documents via the Internet. In a Telnet session, all communications, including username and password, are transmitted in plain-text, allowing anyone to listen-in on your session and steal passwords and other information. To start working with your server in Navicat, you should first establish a connection or several connections using the Connection window. Navicat provides a wide range advanced features, such as compelling code editing capabilities, smart code-completion, SQL formatting, and more. The Synchronize to Database function will give you a full picture of all database differences. Navicat authorizes you to make connection to remote servers running on different platforms (i.e. Windows, macOS, Linux and UNIX), and supports PAM and GSSAPI authentication. The reason why a great man is great is that he resolves to be a great man. To start working with your server in Navicat, you should first establish a connection or several connections using the Connection window. If your Internet Service Provider (ISP) does not provide direct access to its server, Secure Tunneling Protocol (SSH) / HTTP is another solution.', 103, 295, '2019-12-18 01:22:28', '2022-05-07 00:41:44');
INSERT INTO `answers` VALUES (51, 4, 10, 'Navicat provides a wide range advanced features, such as compelling code editing capabilities, smart code-completion, SQL formatting, and more. Navicat provides a wide range advanced features, such as compelling code editing capabilities, smart code-completion, SQL formatting, and more. Navicat is a multi-connections Database Administration tool allowing you to connect to MySQL, Oracle, PostgreSQL, SQLite, SQL Server, MariaDB and/or MongoDB databases, making database administration to multiple kinds of database so easy. The Synchronize to Database function will give you a full picture of all database differences. A comfort zone is a beautiful place, but nothing ever grows there. The reason why a great man is great is that he resolves to be a great man. If you wait, all that happens is you get older. Navicat Monitor requires a repository to store alerts and metrics for historical analysis. In the Objects tab, you can use the List List, Detail Detail and ER Diagram ER Diagram buttons to change the object view. Secure SHell (SSH) is a program to log in into another computer over a network, execute commands on a remote server, and move files from one machine to another. The first step is as good as half over. Navicat provides a wide range advanced features, such as compelling code editing capabilities, smart code-completion, SQL formatting, and more. If you wait, all that happens is you get older. A comfort zone is a beautiful place, but nothing ever grows there. The Navigation pane employs tree structure which allows you to take action upon the database and their objects through their pop-up menus quickly and easily. How we spend our days is, of course, how we spend our lives. Monitored servers include MySQL, MariaDB and SQL Server, and compatible with cloud databases like Amazon RDS, Amazon Aurora, Oracle Cloud, Google Cloud and Microsoft Azure. Navicat Monitor requires a repository to store alerts and metrics for historical analysis. A comfort zone is a beautiful place, but nothing ever grows there. The first step is as good as half over. You cannot save people, you can just love them. Champions keep playing until they get it right. To get a secure connection, the first thing you need to do is to install OpenSSL Library and download Database Source. The Main Window consists of several toolbars and panes for you to work on connections, database objects and advanced tools. The Information Pane shows the detailed object information, project activities, the DDL of database objects, object dependencies, membership of users/roles and preview. The Navigation pane employs tree structure which allows you to take action upon the database and their objects through their pop-up menus quickly and easily. The On Startup feature allows you to control what tabs appear when you launch Navicat. Success consists of going from failure to failure without loss of enthusiasm. Navicat Cloud provides a cloud service for synchronizing connections, queries, model files and virtual group information from Navicat, other Navicat family members, different machines and different platforms. To successfully establish a new connection to local/remote server - no matter via SSL, SSH or HTTP, set the database login information in the General tab. The past has no power over the present moment. It can also manage cloud databases such as Amazon Redshift, Amazon RDS, Alibaba Cloud. Features in Navicat are sophisticated enough to provide professional developers for all their specific needs, yet easy to learn for users who are new to database server. Secure Sockets Layer(SSL) is a protocol for transmitting private documents via the Internet. The repository database can be an existing MySQL, MariaDB, PostgreSQL, SQL Server, or Amazon RDS instance. It can also manage cloud databases such as Amazon Redshift, Amazon RDS, Alibaba Cloud. Features in Navicat are sophisticated enough to provide professional developers for all their specific needs, yet easy to learn for users who are new to database server. You can select any connections, objects or projects, and then select the corresponding buttons on the Information Pane. A query is used to extract data from the database in a readable format according to the user\'s request. Navicat is a multi-connections Database Administration tool allowing you to connect to MySQL, Oracle, PostgreSQL, SQLite, SQL Server, MariaDB and/or MongoDB databases, making database administration to multiple kinds of database so easy. The reason why a great man is great is that he resolves to be a great man. HTTP Tunneling is a method for connecting to a server that uses the same protocol (http://) and the same port (port 80) as a web server does. To open a query using an external editor, control-click it and select Open with External Editor. You can set the file path of an external editor in Preferences. The Synchronize to Database function will give you a full picture of all database differences. All journeys have secret destinations of which the traveler is unaware. You will succeed because most people are lazy. Typically, it is employed as an encrypted version of Telnet. A man’s best friends are his ten fingers. Navicat allows you to transfer data from one database and/or schema to another with detailed analytical process. Navicat Monitor can be installed on any local computer or virtual machine and does not require any software installation on the servers being monitored. If the plan doesn’t work, change the plan, but never the goal. To successfully establish a new connection to local/remote server - no matter via SSL or SSH, set the database login information in the General tab. You will succeed because most people are lazy. If opportunity doesn’t knock, build a door. If your Internet Service Provider (ISP) does not provide direct access to its server, Secure Tunneling Protocol (SSH) / HTTP is another solution. Such sessions are also susceptible to session hijacking, where a malicious user takes over your session once you have authenticated. What you get by achieving your goals is not as important as what you become by achieving your goals. The On Startup feature allows you to control what tabs appear when you launch Navicat. You will succeed because most people are lazy. The On Startup feature allows you to control what tabs appear when you launch Navicat. Actually it is just in an idea when feel oneself can achieve and cannot achieve. Anyone who has ever made anything of importance was disciplined. Creativity is intelligence having fun. A comfort zone is a beautiful place, but nothing ever grows there. If you wait, all that happens is you get older. A man is not old until regrets take the place of dreams. What you get by achieving your goals is not as important as what you become by achieving your goals. Navicat provides powerful tools for working with queries: Query Editor for editing the query text directly, and Query Builder, Find Builder or Aggregate Builder for building queries visually. Secure SHell (SSH) is a program to log in into another computer over a network, execute commands on a remote server, and move files from one machine to another. There is no way to happiness. Happiness is the way. With its well-designed Graphical User Interface(GUI), Navicat lets you quickly and easily create, organize, access and share information in a secure and easy way. A comfort zone is a beautiful place, but nothing ever grows there.', 35, 801, '2013-11-24 10:21:34', '2011-05-04 05:39:11');
INSERT INTO `answers` VALUES (52, 3, 1, 'You will succeed because most people are lazy. The Navigation pane employs tree structure which allows you to take action upon the database and their objects through their pop-up menus quickly and easily. Navicat Data Modeler is a powerful and cost-effective database design tool which helps you build high-quality conceptual, logical and physical data models. A man is not old until regrets take the place of dreams. To open a query using an external editor, control-click it and select Open with External Editor. You can set the file path of an external editor in Preferences. A comfort zone is a beautiful place, but nothing ever grows there. The Main Window consists of several toolbars and panes for you to work on connections, database objects and advanced tools. Genius is an infinite capacity for taking pains. The Synchronize to Database function will give you a full picture of all database differences. Navicat Monitor is a safe, simple and agentless remote server monitoring tool that is packed with powerful features to make your monitoring effective as possible. Instead of wondering when your next vacation is, maybe you should set up a life you don’t need to escape from. In the Objects tab, you can use the List List, Detail Detail and ER Diagram ER Diagram buttons to change the object view. SQL Editor allows you to create and edit SQL text, prepare and execute selected queries. Import Wizard allows you to import data to tables/collections from CSV, TXT, XML, DBF and more. How we spend our days is, of course, how we spend our lives. Actually it is just in an idea when feel oneself can achieve and cannot achieve. Navicat Cloud could not connect and access your databases. By which it means, it could only store your connection settings, queries, model files, and virtual group; your database passwords and data (e.g. tables, views, etc) will not be stored to Navicat Cloud. To clear or reload various internal caches, flush tables, or acquire locks, control-click your connection in the Navigation pane and select Flush and choose the flush option. You must have the reload privilege to use this feature. Import Wizard allows you to import data to tables/collections from CSV, TXT, XML, DBF and more. What you get by achieving your goals is not as important as what you become by achieving your goals. If the Show objects under schema in navigation pane option is checked at the Preferences window, all database objects are also displayed in the pane. Export Wizard allows you to export data from tables, collections, views, or query results to any available formats. I may not have gone where I intended to go, but I think I have ended up where I needed to be. With its well-designed Graphical User Interface(GUI), Navicat lets you quickly and easily create, organize, access and share information in a secure and easy way. The Main Window consists of several toolbars and panes for you to work on connections, database objects and advanced tools. The reason why a great man is great is that he resolves to be a great man. To open a query using an external editor, control-click it and select Open with External Editor. You can set the file path of an external editor in Preferences. A query is used to extract data from the database in a readable format according to the user\'s request. Navicat provides a wide range advanced features, such as compelling code editing capabilities, smart code-completion, SQL formatting, and more. It can also manage cloud databases such as Amazon Redshift, Amazon RDS, Alibaba Cloud. Features in Navicat are sophisticated enough to provide professional developers for all their specific needs, yet easy to learn for users who are new to database server. Navicat authorizes you to make connection to remote servers running on different platforms (i.e. Windows, macOS, Linux and UNIX), and supports PAM and GSSAPI authentication. Creativity is intelligence having fun. Optimism is the one quality more associated with success and happiness than any other. Typically, it is employed as an encrypted version of Telnet. Navicat allows you to transfer data from one database and/or schema to another with detailed analytical process. To successfully establish a new connection to local/remote server - no matter via SSL, SSH or HTTP, set the database login information in the General tab. Instead of wondering when your next vacation is, maybe you should set up a life you don’t need to escape from. To successfully establish a new connection to local/remote server - no matter via SSL or SSH, set the database login information in the General tab.', 26, 920, '2002-03-11 11:15:32', '2015-08-16 03:38:40');
INSERT INTO `answers` VALUES (53, 3, 11, 'If the Show objects under schema in navigation pane option is checked at the Preferences window, all database objects are also displayed in the pane. Success consists of going from failure to failure without loss of enthusiasm. Navicat Monitor requires a repository to store alerts and metrics for historical analysis. It wasn’t raining when Noah built the ark. You can select any connections, objects or projects, and then select the corresponding buttons on the Information Pane. Creativity is intelligence having fun. I may not have gone where I intended to go, but I think I have ended up where I needed to be. Navicat provides a wide range advanced features, such as compelling code editing capabilities, smart code-completion, SQL formatting, and more. Anyone who has ever made anything of importance was disciplined. It wasn’t raining when Noah built the ark. Optimism is the one quality more associated with success and happiness than any other. To clear or reload various internal caches, flush tables, or acquire locks, control-click your connection in the Navigation pane and select Flush and choose the flush option. You must have the reload privilege to use this feature. You must be the change you wish to see in the world. Monitored servers include MySQL, MariaDB and SQL Server, and compatible with cloud databases like Amazon RDS, Amazon Aurora, Oracle Cloud, Google Cloud and Microsoft Azure. To get a secure connection, the first thing you need to do is to install OpenSSL Library and download Database Source. It wasn’t raining when Noah built the ark. After comparing data, the window shows the number of records that will be inserted, updated or deleted in the target. What you get by achieving your goals is not as important as what you become by achieving your goals. Typically, it is employed as an encrypted version of Telnet. A comfort zone is a beautiful place, but nothing ever grows there. To successfully establish a new connection to local/remote server - no matter via SSL, SSH or HTTP, set the database login information in the General tab. It collects process metrics such as CPU load, RAM usage, and a variety of other resources over SSH/SNMP. In the middle of winter I at last discovered that there was in me an invincible summer. Navicat Monitor is a safe, simple and agentless remote server monitoring tool that is packed with powerful features to make your monitoring effective as possible. Flexible settings enable you to set up a custom key for comparison and synchronization. Always keep your eyes open. Keep watching. Because whatever you see can inspire you. The On Startup feature allows you to control what tabs appear when you launch Navicat. If you wait, all that happens is you get older. The reason why a great man is great is that he resolves to be a great man. To connect to a database or schema, simply double-click it in the pane. Champions keep playing until they get it right. Remember that failure is an event, not a person. If it scares you, it might be a good thing to try. A comfort zone is a beautiful place, but nothing ever grows there. After comparing data, the window shows the number of records that will be inserted, updated or deleted in the target. If the Show objects under schema in navigation pane option is checked at the Preferences window, all database objects are also displayed in the pane. Secure SHell (SSH) is a program to log in into another computer over a network, execute commands on a remote server, and move files from one machine to another. A query is used to extract data from the database in a readable format according to the user\'s request. You cannot save people, you can just love them. The repository database can be an existing MySQL, MariaDB, PostgreSQL, SQL Server, or Amazon RDS instance. Always keep your eyes open. Keep watching. Because whatever you see can inspire you. In a Telnet session, all communications, including username and password, are transmitted in plain-text, allowing anyone to listen-in on your session and steal passwords and other information. If it scares you, it might be a good thing to try. A query is used to extract data from the database in a readable format according to the user\'s request. A comfort zone is a beautiful place, but nothing ever grows there. All the Navicat Cloud objects are located under different projects. You can share the project to other Navicat Cloud accounts for collaboration. In other words, Navicat provides the ability for data in different databases and/or schemas to be kept up-to-date so that each repository contains the same information. You will succeed because most people are lazy. To connect to a database or schema, simply double-click it in the pane. The repository database can be an existing MySQL, MariaDB, PostgreSQL, SQL Server, or Amazon RDS instance. Secure SHell (SSH) is a program to log in into another computer over a network, execute commands on a remote server, and move files from one machine to another. If the Show objects under schema in navigation pane option is checked at the Preferences window, all database objects are also displayed in the pane. The repository database can be an existing MySQL, MariaDB, PostgreSQL, SQL Server, or Amazon RDS instance. I will greet this day with love in my heart. The first step is as good as half over. A comfort zone is a beautiful place, but nothing ever grows there. To get a secure connection, the first thing you need to do is to install OpenSSL Library and download Database Source. Champions keep playing until they get it right. Anyone who has never made a mistake has never tried anything new. What you get by achieving your goals is not as important as what you become by achieving your goals. You will succeed because most people are lazy. SSH serves to prevent such vulnerabilities and allows you to access a remote server\'s shell without compromising security. Navicat Cloud provides a cloud service for synchronizing connections, queries, model files and virtual group information from Navicat, other Navicat family members, different machines and different platforms. Champions keep playing until they get it right. Success consists of going from failure to failure without loss of enthusiasm. SQL Editor allows you to create and edit SQL text, prepare and execute selected queries. The reason why a great man is great is that he resolves to be a great man. The Synchronize to Database function will give you a full picture of all database differences. Navicat 15 has added support for the system-wide dark mode. Secure SHell (SSH) is a program to log in into another computer over a network, execute commands on a remote server, and move files from one machine to another. Navicat provides a wide range advanced features, such as compelling code editing capabilities, smart code-completion, SQL formatting, and more. The first step is as good as half over. A man’s best friends are his ten fingers. Anyone who has never made a mistake has never tried anything new. What you get by achieving your goals is not as important as what you become by achieving your goals. Always keep your eyes open. Keep watching. Because whatever you see can inspire you. Secure Sockets Layer(SSL) is a protocol for transmitting private documents via the Internet. If your Internet Service Provider (ISP) does not provide direct access to its server, Secure Tunneling Protocol (SSH) / HTTP is another solution. Navicat Monitor can be installed on any local computer or virtual machine and does not require any software installation on the servers being monitored. The Main Window consists of several toolbars and panes for you to work on connections, database objects and advanced tools. The Synchronize to Database function will give you a full picture of all database differences. Navicat provides powerful tools for working with queries: Query Editor for editing the query text directly, and Query Builder, Find Builder or Aggregate Builder for building queries visually. Navicat provides powerful tools for working with queries: Query Editor for editing the query text directly, and Query Builder, Find Builder or Aggregate Builder for building queries visually. A query is used to extract data from the database in a readable format according to the user\'s request. You cannot save people, you can just love them. Sometimes you win, sometimes you learn. SQL Editor allows you to create and edit SQL text, prepare and execute selected queries. You will succeed because most people are lazy.', 123, 505, '2014-11-29 12:09:18', '2000-10-30 08:43:35');
INSERT INTO `answers` VALUES (54, 4, 12, 'Navicat provides powerful tools for working with queries: Query Editor for editing the query text directly, and Query Builder, Find Builder or Aggregate Builder for building queries visually. The Main Window consists of several toolbars and panes for you to work on connections, database objects and advanced tools. Navicat is a multi-connections Database Administration tool allowing you to connect to MySQL, Oracle, PostgreSQL, SQLite, SQL Server, MariaDB and/or MongoDB databases, making database administration to multiple kinds of database so easy. A man is not old until regrets take the place of dreams. All journeys have secret destinations of which the traveler is unaware. Optimism is the one quality more associated with success and happiness than any other. SQL Editor allows you to create and edit SQL text, prepare and execute selected queries. If your Internet Service Provider (ISP) does not provide direct access to its server, Secure Tunneling Protocol (SSH) / HTTP is another solution. You can select any connections, objects or projects, and then select the corresponding buttons on the Information Pane. The reason why a great man is great is that he resolves to be a great man. HTTP Tunneling is a method for connecting to a server that uses the same protocol (http://) and the same port (port 80) as a web server does. Navicat Monitor is a safe, simple and agentless remote server monitoring tool that is packed with powerful features to make your monitoring effective as possible. It provides strong authentication and secure encrypted communications between two hosts, known as SSH Port Forwarding (Tunneling), over an insecure network. Navicat Monitor requires a repository to store alerts and metrics for historical analysis. Navicat Cloud could not connect and access your databases. By which it means, it could only store your connection settings, queries, model files, and virtual group; your database passwords and data (e.g. tables, views, etc) will not be stored to Navicat Cloud. The On Startup feature allows you to control what tabs appear when you launch Navicat. Genius is an infinite capacity for taking pains. To start working with your server in Navicat, you should first establish a connection or several connections using the Connection window. Navicat provides a wide range advanced features, such as compelling code editing capabilities, smart code-completion, SQL formatting, and more. Champions keep playing until they get it right. Navicat Monitor can be installed on any local computer or virtual machine and does not require any software installation on the servers being monitored. SSH serves to prevent such vulnerabilities and allows you to access a remote server\'s shell without compromising security. The past has no power over the present moment. Difficult circumstances serve as a textbook of life for people. Navicat Data Modeler is a powerful and cost-effective database design tool which helps you build high-quality conceptual, logical and physical data models. After logged in the Navicat Cloud feature, the Navigation pane will be divided into Navicat Cloud and My Connections sections.', 103, 44, '2022-07-01 22:06:51', '2009-09-27 04:23:27');
INSERT INTO `answers` VALUES (55, 5, 12, 'I will greet this day with love in my heart. Difficult circumstances serve as a textbook of life for people. Success consists of going from failure to failure without loss of enthusiasm. Secure SHell (SSH) is a program to log in into another computer over a network, execute commands on a remote server, and move files from one machine to another. Anyone who has never made a mistake has never tried anything new. Remember that failure is an event, not a person. The past has no power over the present moment. You cannot save people, you can just love them. With its well-designed Graphical User Interface(GUI), Navicat lets you quickly and easily create, organize, access and share information in a secure and easy way. The repository database can be an existing MySQL, MariaDB, PostgreSQL, SQL Server, or Amazon RDS instance. A man’s best friends are his ten fingers. How we spend our days is, of course, how we spend our lives. What you get by achieving your goals is not as important as what you become by achieving your goals. Navicat Monitor requires a repository to store alerts and metrics for historical analysis. The Navigation pane employs tree structure which allows you to take action upon the database and their objects through their pop-up menus quickly and easily. All journeys have secret destinations of which the traveler is unaware. What you get by achieving your goals is not as important as what you become by achieving your goals. To connect to a database or schema, simply double-click it in the pane. If the plan doesn’t work, change the plan, but never the goal. Creativity is intelligence having fun. If the plan doesn’t work, change the plan, but never the goal. It can also manage cloud databases such as Amazon Redshift, Amazon RDS, Alibaba Cloud. Features in Navicat are sophisticated enough to provide professional developers for all their specific needs, yet easy to learn for users who are new to database server. Navicat allows you to transfer data from one database and/or schema to another with detailed analytical process. After logged in the Navicat Cloud feature, the Navigation pane will be divided into Navicat Cloud and My Connections sections. Navicat Monitor is a safe, simple and agentless remote server monitoring tool that is packed with powerful features to make your monitoring effective as possible. The repository database can be an existing MySQL, MariaDB, PostgreSQL, SQL Server, or Amazon RDS instance. Secure SHell (SSH) is a program to log in into another computer over a network, execute commands on a remote server, and move files from one machine to another. HTTP Tunneling is a method for connecting to a server that uses the same protocol (http://) and the same port (port 80) as a web server does. Navicat provides a wide range advanced features, such as compelling code editing capabilities, smart code-completion, SQL formatting, and more. I destroy my enemies when I make them my friends. If your Internet Service Provider (ISP) does not provide direct access to its server, Secure Tunneling Protocol (SSH) / HTTP is another solution. SSH serves to prevent such vulnerabilities and allows you to access a remote server\'s shell without compromising security. Navicat Monitor is a safe, simple and agentless remote server monitoring tool that is packed with powerful features to make your monitoring effective as possible. The Navigation pane employs tree structure which allows you to take action upon the database and their objects through their pop-up menus quickly and easily. I destroy my enemies when I make them my friends. SSH serves to prevent such vulnerabilities and allows you to access a remote server\'s shell without compromising security. In other words, Navicat provides the ability for data in different databases and/or schemas to be kept up-to-date so that each repository contains the same information. Such sessions are also susceptible to session hijacking, where a malicious user takes over your session once you have authenticated. A man’s best friends are his ten fingers. You will succeed because most people are lazy. A comfort zone is a beautiful place, but nothing ever grows there. I will greet this day with love in my heart. Navicat Monitor can be installed on any local computer or virtual machine and does not require any software installation on the servers being monitored. In the middle of winter I at last discovered that there was in me an invincible summer. Navicat authorizes you to make connection to remote servers running on different platforms (i.e. Windows, macOS, Linux and UNIX), and supports PAM and GSSAPI authentication. In a Telnet session, all communications, including username and password, are transmitted in plain-text, allowing anyone to listen-in on your session and steal passwords and other information. Export Wizard allows you to export data from tables, collections, views, or query results to any available formats. Navicat Cloud provides a cloud service for synchronizing connections, queries, model files and virtual group information from Navicat, other Navicat family members, different machines and different platforms. Creativity is intelligence having fun. The repository database can be an existing MySQL, MariaDB, PostgreSQL, SQL Server, or Amazon RDS instance. With its well-designed Graphical User Interface(GUI), Navicat lets you quickly and easily create, organize, access and share information in a secure and easy way. You can select any connections, objects or projects, and then select the corresponding buttons on the Information Pane. The past has no power over the present moment. I may not have gone where I intended to go, but I think I have ended up where I needed to be. Navicat Monitor is a safe, simple and agentless remote server monitoring tool that is packed with powerful features to make your monitoring effective as possible. Monitored servers include MySQL, MariaDB and SQL Server, and compatible with cloud databases like Amazon RDS, Amazon Aurora, Oracle Cloud, Google Cloud and Microsoft Azure. To get a secure connection, the first thing you need to do is to install OpenSSL Library and download Database Source. Optimism is the one quality more associated with success and happiness than any other. Always keep your eyes open. Keep watching. Because whatever you see can inspire you. The past has no power over the present moment. I will greet this day with love in my heart. The first step is as good as half over. If the plan doesn’t work, change the plan, but never the goal. If your Internet Service Provider (ISP) does not provide direct access to its server, Secure Tunneling Protocol (SSH) / HTTP is another solution. To open a query using an external editor, control-click it and select Open with External Editor. You can set the file path of an external editor in Preferences. Monitored servers include MySQL, MariaDB and SQL Server, and compatible with cloud databases like Amazon RDS, Amazon Aurora, Oracle Cloud, Google Cloud and Microsoft Azure. The Information Pane shows the detailed object information, project activities, the DDL of database objects, object dependencies, membership of users/roles and preview. HTTP Tunneling is a method for connecting to a server that uses the same protocol (http://) and the same port (port 80) as a web server does.', 17, 572, '2023-07-07 17:43:47', '2004-06-17 04:11:11');
INSERT INTO `answers` VALUES (56, 2, 13, 'Secure Sockets Layer(SSL) is a protocol for transmitting private documents via the Internet. It provides strong authentication and secure encrypted communications between two hosts, known as SSH Port Forwarding (Tunneling), over an insecure network. To connect to a database or schema, simply double-click it in the pane. To clear or reload various internal caches, flush tables, or acquire locks, control-click your connection in the Navigation pane and select Flush and choose the flush option. You must have the reload privilege to use this feature. Navicat Cloud could not connect and access your databases. By which it means, it could only store your connection settings, queries, model files, and virtual group; your database passwords and data (e.g. tables, views, etc) will not be stored to Navicat Cloud. Navicat provides powerful tools for working with queries: Query Editor for editing the query text directly, and Query Builder, Find Builder or Aggregate Builder for building queries visually. Navicat Monitor is a safe, simple and agentless remote server monitoring tool that is packed with powerful features to make your monitoring effective as possible. If the Show objects under schema in navigation pane option is checked at the Preferences window, all database objects are also displayed in the pane. Import Wizard allows you to import data to tables/collections from CSV, TXT, XML, DBF and more. The On Startup feature allows you to control what tabs appear when you launch Navicat. To clear or reload various internal caches, flush tables, or acquire locks, control-click your connection in the Navigation pane and select Flush and choose the flush option. You must have the reload privilege to use this feature. Navicat Cloud provides a cloud service for synchronizing connections, queries, model files and virtual group information from Navicat, other Navicat family members, different machines and different platforms. Always keep your eyes open. Keep watching. Because whatever you see can inspire you. It collects process metrics such as CPU load, RAM usage, and a variety of other resources over SSH/SNMP. To successfully establish a new connection to local/remote server - no matter via SSL, SSH or HTTP, set the database login information in the General tab. Navicat Monitor requires a repository to store alerts and metrics for historical analysis. Navicat Data Modeler enables you to build high-quality conceptual, logical and physical data models for a wide variety of audiences. Creativity is intelligence having fun. Navicat Data Modeler is a powerful and cost-effective database design tool which helps you build high-quality conceptual, logical and physical data models. Navicat Monitor requires a repository to store alerts and metrics for historical analysis. HTTP Tunneling is a method for connecting to a server that uses the same protocol (http://) and the same port (port 80) as a web server does. Actually it is just in an idea when feel oneself can achieve and cannot achieve. You must be the change you wish to see in the world. Navicat Monitor requires a repository to store alerts and metrics for historical analysis. Secure SHell (SSH) is a program to log in into another computer over a network, execute commands on a remote server, and move files from one machine to another. The Main Window consists of several toolbars and panes for you to work on connections, database objects and advanced tools. HTTP Tunneling is a method for connecting to a server that uses the same protocol (http://) and the same port (port 80) as a web server does. Navicat Data Modeler is a powerful and cost-effective database design tool which helps you build high-quality conceptual, logical and physical data models. Navicat provides a wide range advanced features, such as compelling code editing capabilities, smart code-completion, SQL formatting, and more. You must be the change you wish to see in the world. Export Wizard allows you to export data from tables, collections, views, or query results to any available formats. All journeys have secret destinations of which the traveler is unaware. Navicat 15 has added support for the system-wide dark mode. Sometimes you win, sometimes you learn. Remember that failure is an event, not a person. There is no way to happiness. Happiness is the way. A man’s best friends are his ten fingers. All journeys have secret destinations of which the traveler is unaware. You must be the change you wish to see in the world. A man is not old until regrets take the place of dreams. Genius is an infinite capacity for taking pains. If you wait, all that happens is you get older. It can also manage cloud databases such as Amazon Redshift, Amazon RDS, Alibaba Cloud. Features in Navicat are sophisticated enough to provide professional developers for all their specific needs, yet easy to learn for users who are new to database server. Export Wizard allows you to export data from tables, collections, views, or query results to any available formats. Anyone who has ever made anything of importance was disciplined. A comfort zone is a beautiful place, but nothing ever grows there. The Synchronize to Database function will give you a full picture of all database differences. Instead of wondering when your next vacation is, maybe you should set up a life you don’t need to escape from. Remember that failure is an event, not a person. Export Wizard allows you to export data from tables, collections, views, or query results to any available formats. Instead of wondering when your next vacation is, maybe you should set up a life you don’t need to escape from. Navicat authorizes you to make connection to remote servers running on different platforms (i.e. Windows, macOS, Linux and UNIX), and supports PAM and GSSAPI authentication. Flexible settings enable you to set up a custom key for comparison and synchronization. Navicat Monitor requires a repository to store alerts and metrics for historical analysis. In the middle of winter I at last discovered that there was in me an invincible summer. The Information Pane shows the detailed object information, project activities, the DDL of database objects, object dependencies, membership of users/roles and preview.', 80, 728, '2022-03-29 19:26:13', '2011-02-14 19:05:41');
INSERT INTO `answers` VALUES (57, 5, 1, 'To get a secure connection, the first thing you need to do is to install OpenSSL Library and download Database Source. Always keep your eyes open. Keep watching. Because whatever you see can inspire you. Champions keep playing until they get it right. A comfort zone is a beautiful place, but nothing ever grows there. Anyone who has never made a mistake has never tried anything new. It can also manage cloud databases such as Amazon Redshift, Amazon RDS, Alibaba Cloud. Features in Navicat are sophisticated enough to provide professional developers for all their specific needs, yet easy to learn for users who are new to database server. It is used while your ISPs do not allow direct connections, but allows establishing HTTP connections. In a Telnet session, all communications, including username and password, are transmitted in plain-text, allowing anyone to listen-in on your session and steal passwords and other information.', 32, 431, '2021-11-15 10:36:07', '2006-05-17 18:14:52');
INSERT INTO `answers` VALUES (58, 4, 17, 'Such sessions are also susceptible to session hijacking, where a malicious user takes over your session once you have authenticated. Navicat Data Modeler is a powerful and cost-effective database design tool which helps you build high-quality conceptual, logical and physical data models. A comfort zone is a beautiful place, but nothing ever grows there. To connect to a database or schema, simply double-click it in the pane. I may not have gone where I intended to go, but I think I have ended up where I needed to be. A man’s best friends are his ten fingers. In the Objects tab, you can use the List List, Detail Detail and ER Diagram ER Diagram buttons to change the object view. Navicat allows you to transfer data from one database and/or schema to another with detailed analytical process. If the plan doesn’t work, change the plan, but never the goal. All journeys have secret destinations of which the traveler is unaware. The reason why a great man is great is that he resolves to be a great man. To get a secure connection, the first thing you need to do is to install OpenSSL Library and download Database Source. To start working with your server in Navicat, you should first establish a connection or several connections using the Connection window. I will greet this day with love in my heart.', 70, 870, '2013-02-15 06:20:45', '2020-12-04 23:01:46');
INSERT INTO `answers` VALUES (59, 4, 12, 'You cannot save people, you can just love them. Difficult circumstances serve as a textbook of life for people. Such sessions are also susceptible to session hijacking, where a malicious user takes over your session once you have authenticated. Optimism is the one quality more associated with success and happiness than any other. If you wait, all that happens is you get older. Navicat Cloud provides a cloud service for synchronizing connections, queries, model files and virtual group information from Navicat, other Navicat family members, different machines and different platforms. Champions keep playing until they get it right. Navicat Monitor can be installed on any local computer or virtual machine and does not require any software installation on the servers being monitored. The Synchronize to Database function will give you a full picture of all database differences. Import Wizard allows you to import data to tables/collections from CSV, TXT, XML, DBF and more. A comfort zone is a beautiful place, but nothing ever grows there. Navicat provides a wide range advanced features, such as compelling code editing capabilities, smart code-completion, SQL formatting, and more. What you get by achieving your goals is not as important as what you become by achieving your goals. A comfort zone is a beautiful place, but nothing ever grows there. To successfully establish a new connection to local/remote server - no matter via SSL or SSH, set the database login information in the General tab. In a Telnet session, all communications, including username and password, are transmitted in plain-text, allowing anyone to listen-in on your session and steal passwords and other information. To successfully establish a new connection to local/remote server - no matter via SSL, SSH or HTTP, set the database login information in the General tab. All journeys have secret destinations of which the traveler is unaware. Always keep your eyes open. Keep watching. Because whatever you see can inspire you. All journeys have secret destinations of which the traveler is unaware. It can also manage cloud databases such as Amazon Redshift, Amazon RDS, Alibaba Cloud. Features in Navicat are sophisticated enough to provide professional developers for all their specific needs, yet easy to learn for users who are new to database server. To successfully establish a new connection to local/remote server - no matter via SSL, SSH or HTTP, set the database login information in the General tab. The Navigation pane employs tree structure which allows you to take action upon the database and their objects through their pop-up menus quickly and easily. The Information Pane shows the detailed object information, project activities, the DDL of database objects, object dependencies, membership of users/roles and preview. The Navigation pane employs tree structure which allows you to take action upon the database and their objects through their pop-up menus quickly and easily. Monitored servers include MySQL, MariaDB and SQL Server, and compatible with cloud databases like Amazon RDS, Amazon Aurora, Oracle Cloud, Google Cloud and Microsoft Azure. All journeys have secret destinations of which the traveler is unaware. It is used while your ISPs do not allow direct connections, but allows establishing HTTP connections. It provides strong authentication and secure encrypted communications between two hosts, known as SSH Port Forwarding (Tunneling), over an insecure network. Navicat Cloud provides a cloud service for synchronizing connections, queries, model files and virtual group information from Navicat, other Navicat family members, different machines and different platforms. The past has no power over the present moment. Navicat allows you to transfer data from one database and/or schema to another with detailed analytical process. The Navigation pane employs tree structure which allows you to take action upon the database and their objects through their pop-up menus quickly and easily. It is used while your ISPs do not allow direct connections, but allows establishing HTTP connections. In other words, Navicat provides the ability for data in different databases and/or schemas to be kept up-to-date so that each repository contains the same information. Success consists of going from failure to failure without loss of enthusiasm. In a Telnet session, all communications, including username and password, are transmitted in plain-text, allowing anyone to listen-in on your session and steal passwords and other information. Instead of wondering when your next vacation is, maybe you should set up a life you don’t need to escape from. To start working with your server in Navicat, you should first establish a connection or several connections using the Connection window. Export Wizard allows you to export data from tables, collections, views, or query results to any available formats. Monitored servers include MySQL, MariaDB and SQL Server, and compatible with cloud databases like Amazon RDS, Amazon Aurora, Oracle Cloud, Google Cloud and Microsoft Azure. In a Telnet session, all communications, including username and password, are transmitted in plain-text, allowing anyone to listen-in on your session and steal passwords and other information. If you wait, all that happens is you get older. You must be the change you wish to see in the world. Navicat allows you to transfer data from one database and/or schema to another with detailed analytical process. I may not have gone where I intended to go, but I think I have ended up where I needed to be. The Navigation pane employs tree structure which allows you to take action upon the database and their objects through their pop-up menus quickly and easily. Difficult circumstances serve as a textbook of life for people. Navicat authorizes you to make connection to remote servers running on different platforms (i.e. Windows, macOS, Linux and UNIX), and supports PAM and GSSAPI authentication.', 22, 689, '2010-04-01 17:25:51', '2014-09-22 12:37:06');
INSERT INTO `answers` VALUES (60, 5, 2, 'If your Internet Service Provider (ISP) does not provide direct access to its server, Secure Tunneling Protocol (SSH) / HTTP is another solution. To clear or reload various internal caches, flush tables, or acquire locks, control-click your connection in the Navigation pane and select Flush and choose the flush option. You must have the reload privilege to use this feature. All journeys have secret destinations of which the traveler is unaware. You cannot save people, you can just love them. I destroy my enemies when I make them my friends. To successfully establish a new connection to local/remote server - no matter via SSL or SSH, set the database login information in the General tab. The Synchronize to Database function will give you a full picture of all database differences. If the Show objects under schema in navigation pane option is checked at the Preferences window, all database objects are also displayed in the pane. If it scares you, it might be a good thing to try. A comfort zone is a beautiful place, but nothing ever grows there. Navicat is a multi-connections Database Administration tool allowing you to connect to MySQL, Oracle, PostgreSQL, SQLite, SQL Server, MariaDB and/or MongoDB databases, making database administration to multiple kinds of database so easy. You can select any connections, objects or projects, and then select the corresponding buttons on the Information Pane. The Synchronize to Database function will give you a full picture of all database differences. Champions keep playing until they get it right. SQL Editor allows you to create and edit SQL text, prepare and execute selected queries. Navicat Monitor can be installed on any local computer or virtual machine and does not require any software installation on the servers being monitored. It is used while your ISPs do not allow direct connections, but allows establishing HTTP connections. In the middle of winter I at last discovered that there was in me an invincible summer. Actually it is just in an idea when feel oneself can achieve and cannot achieve. Flexible settings enable you to set up a custom key for comparison and synchronization. If the Show objects under schema in navigation pane option is checked at the Preferences window, all database objects are also displayed in the pane. To successfully establish a new connection to local/remote server - no matter via SSL, SSH or HTTP, set the database login information in the General tab. Optimism is the one quality more associated with success and happiness than any other. Navicat Data Modeler is a powerful and cost-effective database design tool which helps you build high-quality conceptual, logical and physical data models. The reason why a great man is great is that he resolves to be a great man. To get a secure connection, the first thing you need to do is to install OpenSSL Library and download Database Source. The Navigation pane employs tree structure which allows you to take action upon the database and their objects through their pop-up menus quickly and easily. Navicat authorizes you to make connection to remote servers running on different platforms (i.e. Windows, macOS, Linux and UNIX), and supports PAM and GSSAPI authentication. Such sessions are also susceptible to session hijacking, where a malicious user takes over your session once you have authenticated. It is used while your ISPs do not allow direct connections, but allows establishing HTTP connections. Secure Sockets Layer(SSL) is a protocol for transmitting private documents via the Internet. In other words, Navicat provides the ability for data in different databases and/or schemas to be kept up-to-date so that each repository contains the same information. Always keep your eyes open. Keep watching. Because whatever you see can inspire you. The On Startup feature allows you to control what tabs appear when you launch Navicat. In other words, Navicat provides the ability for data in different databases and/or schemas to be kept up-to-date so that each repository contains the same information. A man is not old until regrets take the place of dreams. I may not have gone where I intended to go, but I think I have ended up where I needed to be. To open a query using an external editor, control-click it and select Open with External Editor. You can set the file path of an external editor in Preferences. Export Wizard allows you to export data from tables, collections, views, or query results to any available formats. The On Startup feature allows you to control what tabs appear when you launch Navicat. The Information Pane shows the detailed object information, project activities, the DDL of database objects, object dependencies, membership of users/roles and preview. A man is not old until regrets take the place of dreams. SQL Editor allows you to create and edit SQL text, prepare and execute selected queries. The Navigation pane employs tree structure which allows you to take action upon the database and their objects through their pop-up menus quickly and easily. Monitored servers include MySQL, MariaDB and SQL Server, and compatible with cloud databases like Amazon RDS, Amazon Aurora, Oracle Cloud, Google Cloud and Microsoft Azure. Sometimes you win, sometimes you learn. If opportunity doesn’t knock, build a door. Instead of wondering when your next vacation is, maybe you should set up a life you don’t need to escape from. Navicat is a multi-connections Database Administration tool allowing you to connect to MySQL, Oracle, PostgreSQL, SQLite, SQL Server, MariaDB and/or MongoDB databases, making database administration to multiple kinds of database so easy. Navicat Data Modeler enables you to build high-quality conceptual, logical and physical data models for a wide variety of audiences.', 77, 194, '2020-01-27 09:19:07', '2016-01-21 02:26:58');
INSERT INTO `answers` VALUES (61, 3, 1, 'In other words, Navicat provides the ability for data in different databases and/or schemas to be kept up-to-date so that each repository contains the same information. All the Navicat Cloud objects are located under different projects. You can share the project to other Navicat Cloud accounts for collaboration. The Information Pane shows the detailed object information, project activities, the DDL of database objects, object dependencies, membership of users/roles and preview. The Main Window consists of several toolbars and panes for you to work on connections, database objects and advanced tools. If the plan doesn’t work, change the plan, but never the goal. SSH serves to prevent such vulnerabilities and allows you to access a remote server\'s shell without compromising security. Navicat Monitor is a safe, simple and agentless remote server monitoring tool that is packed with powerful features to make your monitoring effective as possible. Navicat Monitor is a safe, simple and agentless remote server monitoring tool that is packed with powerful features to make your monitoring effective as possible. Navicat Cloud could not connect and access your databases. By which it means, it could only store your connection settings, queries, model files, and virtual group; your database passwords and data (e.g. tables, views, etc) will not be stored to Navicat Cloud. Monitored servers include MySQL, MariaDB and SQL Server, and compatible with cloud databases like Amazon RDS, Amazon Aurora, Oracle Cloud, Google Cloud and Microsoft Azure. What you get by achieving your goals is not as important as what you become by achieving your goals. If it scares you, it might be a good thing to try. Typically, it is employed as an encrypted version of Telnet. If your Internet Service Provider (ISP) does not provide direct access to its server, Secure Tunneling Protocol (SSH) / HTTP is another solution. All the Navicat Cloud objects are located under different projects. You can share the project to other Navicat Cloud accounts for collaboration. Such sessions are also susceptible to session hijacking, where a malicious user takes over your session once you have authenticated. Export Wizard allows you to export data from tables, collections, views, or query results to any available formats. You will succeed because most people are lazy. There is no way to happiness. Happiness is the way. Success consists of going from failure to failure without loss of enthusiasm. All the Navicat Cloud objects are located under different projects. You can share the project to other Navicat Cloud accounts for collaboration. After logged in the Navicat Cloud feature, the Navigation pane will be divided into Navicat Cloud and My Connections sections. Genius is an infinite capacity for taking pains. If opportunity doesn’t knock, build a door. A query is used to extract data from the database in a readable format according to the user\'s request. To successfully establish a new connection to local/remote server - no matter via SSL, SSH or HTTP, set the database login information in the General tab. Navicat 15 has added support for the system-wide dark mode. Navicat Monitor is a safe, simple and agentless remote server monitoring tool that is packed with powerful features to make your monitoring effective as possible. Navicat Data Modeler is a powerful and cost-effective database design tool which helps you build high-quality conceptual, logical and physical data models. In a Telnet session, all communications, including username and password, are transmitted in plain-text, allowing anyone to listen-in on your session and steal passwords and other information. Navicat Data Modeler enables you to build high-quality conceptual, logical and physical data models for a wide variety of audiences. If it scares you, it might be a good thing to try. In the middle of winter I at last discovered that there was in me an invincible summer. The reason why a great man is great is that he resolves to be a great man. It is used while your ISPs do not allow direct connections, but allows establishing HTTP connections. It can also manage cloud databases such as Amazon Redshift, Amazon RDS, Alibaba Cloud. Features in Navicat are sophisticated enough to provide professional developers for all their specific needs, yet easy to learn for users who are new to database server. The past has no power over the present moment. The Navigation pane employs tree structure which allows you to take action upon the database and their objects through their pop-up menus quickly and easily. Anyone who has never made a mistake has never tried anything new. It is used while your ISPs do not allow direct connections, but allows establishing HTTP connections. Champions keep playing until they get it right. To open a query using an external editor, control-click it and select Open with External Editor. You can set the file path of an external editor in Preferences. A man’s best friends are his ten fingers. Actually it is just in an idea when feel oneself can achieve and cannot achieve. Secure Sockets Layer(SSL) is a protocol for transmitting private documents via the Internet. Genius is an infinite capacity for taking pains. To get a secure connection, the first thing you need to do is to install OpenSSL Library and download Database Source. Navicat Monitor requires a repository to store alerts and metrics for historical analysis. Export Wizard allows you to export data from tables, collections, views, or query results to any available formats. Navicat Data Modeler enables you to build high-quality conceptual, logical and physical data models for a wide variety of audiences. The reason why a great man is great is that he resolves to be a great man. SQL Editor allows you to create and edit SQL text, prepare and execute selected queries. Navicat Monitor is a safe, simple and agentless remote server monitoring tool that is packed with powerful features to make your monitoring effective as possible. Navicat authorizes you to make connection to remote servers running on different platforms (i.e. Windows, macOS, Linux and UNIX), and supports PAM and GSSAPI authentication. Navicat is a multi-connections Database Administration tool allowing you to connect to MySQL, Oracle, PostgreSQL, SQLite, SQL Server, MariaDB and/or MongoDB databases, making database administration to multiple kinds of database so easy. I will greet this day with love in my heart. Navicat 15 has added support for the system-wide dark mode. Navicat Monitor requires a repository to store alerts and metrics for historical analysis. Navicat Data Modeler is a powerful and cost-effective database design tool which helps you build high-quality conceptual, logical and physical data models. The first step is as good as half over. I will greet this day with love in my heart. In the middle of winter I at last discovered that there was in me an invincible summer. I will greet this day with love in my heart. I may not have gone where I intended to go, but I think I have ended up where I needed to be. What you get by achieving your goals is not as important as what you become by achieving your goals. Creativity is intelligence having fun. SQL Editor allows you to create and edit SQL text, prepare and execute selected queries. Optimism is the one quality more associated with success and happiness than any other. All journeys have secret destinations of which the traveler is unaware. If the plan doesn’t work, change the plan, but never the goal. The Information Pane shows the detailed object information, project activities, the DDL of database objects, object dependencies, membership of users/roles and preview. Navicat provides a wide range advanced features, such as compelling code editing capabilities, smart code-completion, SQL formatting, and more. Secure SHell (SSH) is a program to log in into another computer over a network, execute commands on a remote server, and move files from one machine to another. All journeys have secret destinations of which the traveler is unaware. It wasn’t raining when Noah built the ark. SQL Editor allows you to create and edit SQL text, prepare and execute selected queries. Typically, it is employed as an encrypted version of Telnet. It is used while your ISPs do not allow direct connections, but allows establishing HTTP connections. There is no way to happiness. Happiness is the way. It collects process metrics such as CPU load, RAM usage, and a variety of other resources over SSH/SNMP. Navicat allows you to transfer data from one database and/or schema to another with detailed analytical process. It collects process metrics such as CPU load, RAM usage, and a variety of other resources over SSH/SNMP.', 68, 441, '2012-05-27 08:33:56', '2006-12-09 10:33:58');
INSERT INTO `answers` VALUES (62, 2, 10, 'Import Wizard allows you to import data to tables/collections from CSV, TXT, XML, DBF and more. The first step is as good as half over. To start working with your server in Navicat, you should first establish a connection or several connections using the Connection window. If it scares you, it might be a good thing to try. Typically, it is employed as an encrypted version of Telnet. I destroy my enemies when I make them my friends. HTTP Tunneling is a method for connecting to a server that uses the same protocol (http://) and the same port (port 80) as a web server does. In other words, Navicat provides the ability for data in different databases and/or schemas to be kept up-to-date so that each repository contains the same information. You can select any connections, objects or projects, and then select the corresponding buttons on the Information Pane. In other words, Navicat provides the ability for data in different databases and/or schemas to be kept up-to-date so that each repository contains the same information. Import Wizard allows you to import data to tables/collections from CSV, TXT, XML, DBF and more. Typically, it is employed as an encrypted version of Telnet. In the Objects tab, you can use the List List, Detail Detail and ER Diagram ER Diagram buttons to change the object view. Optimism is the one quality more associated with success and happiness than any other. The Main Window consists of several toolbars and panes for you to work on connections, database objects and advanced tools. Navicat provides a wide range advanced features, such as compelling code editing capabilities, smart code-completion, SQL formatting, and more. After comparing data, the window shows the number of records that will be inserted, updated or deleted in the target. It provides strong authentication and secure encrypted communications between two hosts, known as SSH Port Forwarding (Tunneling), over an insecure network. Secure Sockets Layer(SSL) is a protocol for transmitting private documents via the Internet. To open a query using an external editor, control-click it and select Open with External Editor. You can set the file path of an external editor in Preferences. The reason why a great man is great is that he resolves to be a great man. If you wait, all that happens is you get older. To start working with your server in Navicat, you should first establish a connection or several connections using the Connection window. Navicat Monitor can be installed on any local computer or virtual machine and does not require any software installation on the servers being monitored. You will succeed because most people are lazy. Navicat Monitor can be installed on any local computer or virtual machine and does not require any software installation on the servers being monitored. Sometimes you win, sometimes you learn. SQL Editor allows you to create and edit SQL text, prepare and execute selected queries. It wasn’t raining when Noah built the ark. Navicat 15 has added support for the system-wide dark mode. In the middle of winter I at last discovered that there was in me an invincible summer. To start working with your server in Navicat, you should first establish a connection or several connections using the Connection window. To clear or reload various internal caches, flush tables, or acquire locks, control-click your connection in the Navigation pane and select Flush and choose the flush option. You must have the reload privilege to use this feature.', 87, 853, '2026-02-05 15:28:28', '2008-07-23 20:34:57');
INSERT INTO `answers` VALUES (63, 2, 12, 'Flexible settings enable you to set up a custom key for comparison and synchronization. With its well-designed Graphical User Interface(GUI), Navicat lets you quickly and easily create, organize, access and share information in a secure and easy way. I destroy my enemies when I make them my friends. HTTP Tunneling is a method for connecting to a server that uses the same protocol (http://) and the same port (port 80) as a web server does. Difficult circumstances serve as a textbook of life for people. To successfully establish a new connection to local/remote server - no matter via SSL, SSH or HTTP, set the database login information in the General tab. A comfort zone is a beautiful place, but nothing ever grows there. Sometimes you win, sometimes you learn. Secure SHell (SSH) is a program to log in into another computer over a network, execute commands on a remote server, and move files from one machine to another. To successfully establish a new connection to local/remote server - no matter via SSL or SSH, set the database login information in the General tab. Navicat authorizes you to make connection to remote servers running on different platforms (i.e. Windows, macOS, Linux and UNIX), and supports PAM and GSSAPI authentication. Sometimes you win, sometimes you learn. All the Navicat Cloud objects are located under different projects. You can share the project to other Navicat Cloud accounts for collaboration. The Navigation pane employs tree structure which allows you to take action upon the database and their objects through their pop-up menus quickly and easily. Secure Sockets Layer(SSL) is a protocol for transmitting private documents via the Internet. All journeys have secret destinations of which the traveler is unaware. Typically, it is employed as an encrypted version of Telnet. To successfully establish a new connection to local/remote server - no matter via SSL or SSH, set the database login information in the General tab. In a Telnet session, all communications, including username and password, are transmitted in plain-text, allowing anyone to listen-in on your session and steal passwords and other information. Navicat Data Modeler enables you to build high-quality conceptual, logical and physical data models for a wide variety of audiences. The reason why a great man is great is that he resolves to be a great man. To successfully establish a new connection to local/remote server - no matter via SSL or SSH, set the database login information in the General tab. Remember that failure is an event, not a person. It is used while your ISPs do not allow direct connections, but allows establishing HTTP connections. The On Startup feature allows you to control what tabs appear when you launch Navicat. A query is used to extract data from the database in a readable format according to the user\'s request. A query is used to extract data from the database in a readable format according to the user\'s request. You must be the change you wish to see in the world. Anyone who has ever made anything of importance was disciplined. Genius is an infinite capacity for taking pains. Secure Sockets Layer(SSL) is a protocol for transmitting private documents via the Internet. Navicat Cloud could not connect and access your databases. By which it means, it could only store your connection settings, queries, model files, and virtual group; your database passwords and data (e.g. tables, views, etc) will not be stored to Navicat Cloud. Sometimes you win, sometimes you learn. You can select any connections, objects or projects, and then select the corresponding buttons on the Information Pane. In the middle of winter I at last discovered that there was in me an invincible summer. HTTP Tunneling is a method for connecting to a server that uses the same protocol (http://) and the same port (port 80) as a web server does. All journeys have secret destinations of which the traveler is unaware. In the Objects tab, you can use the List List, Detail Detail and ER Diagram ER Diagram buttons to change the object view. SQL Editor allows you to create and edit SQL text, prepare and execute selected queries. Navicat Data Modeler enables you to build high-quality conceptual, logical and physical data models for a wide variety of audiences. SSH serves to prevent such vulnerabilities and allows you to access a remote server\'s shell without compromising security. SQL Editor allows you to create and edit SQL text, prepare and execute selected queries. Genius is an infinite capacity for taking pains. In a Telnet session, all communications, including username and password, are transmitted in plain-text, allowing anyone to listen-in on your session and steal passwords and other information. All the Navicat Cloud objects are located under different projects. You can share the project to other Navicat Cloud accounts for collaboration.', 13, 889, '2025-10-10 03:09:38', '2002-10-25 11:28:13');
INSERT INTO `answers` VALUES (64, 1, 14, 'To clear or reload various internal caches, flush tables, or acquire locks, control-click your connection in the Navigation pane and select Flush and choose the flush option. You must have the reload privilege to use this feature. To clear or reload various internal caches, flush tables, or acquire locks, control-click your connection in the Navigation pane and select Flush and choose the flush option. You must have the reload privilege to use this feature. To start working with your server in Navicat, you should first establish a connection or several connections using the Connection window. A query is used to extract data from the database in a readable format according to the user\'s request. It is used while your ISPs do not allow direct connections, but allows establishing HTTP connections. A comfort zone is a beautiful place, but nothing ever grows there. You will succeed because most people are lazy. Navicat authorizes you to make connection to remote servers running on different platforms (i.e. Windows, macOS, Linux and UNIX), and supports PAM and GSSAPI authentication. The On Startup feature allows you to control what tabs appear when you launch Navicat. The Synchronize to Database function will give you a full picture of all database differences. Navicat Cloud could not connect and access your databases. By which it means, it could only store your connection settings, queries, model files, and virtual group; your database passwords and data (e.g. tables, views, etc) will not be stored to Navicat Cloud.', 34, 478, '2007-01-29 21:50:12', '2017-11-13 16:07:37');
INSERT INTO `answers` VALUES (65, 1, 6, 'Typically, it is employed as an encrypted version of Telnet. Anyone who has never made a mistake has never tried anything new. If the plan doesn’t work, change the plan, but never the goal. Navicat is a multi-connections Database Administration tool allowing you to connect to MySQL, Oracle, PostgreSQL, SQLite, SQL Server, MariaDB and/or MongoDB databases, making database administration to multiple kinds of database so easy. A man’s best friends are his ten fingers. It wasn’t raining when Noah built the ark. Secure SHell (SSH) is a program to log in into another computer over a network, execute commands on a remote server, and move files from one machine to another. To start working with your server in Navicat, you should first establish a connection or several connections using the Connection window. You must be the change you wish to see in the world. I may not have gone where I intended to go, but I think I have ended up where I needed to be. You can select any connections, objects or projects, and then select the corresponding buttons on the Information Pane. Navicat Cloud provides a cloud service for synchronizing connections, queries, model files and virtual group information from Navicat, other Navicat family members, different machines and different platforms. Navicat Monitor can be installed on any local computer or virtual machine and does not require any software installation on the servers being monitored. Export Wizard allows you to export data from tables, collections, views, or query results to any available formats. You can select any connections, objects or projects, and then select the corresponding buttons on the Information Pane. It can also manage cloud databases such as Amazon Redshift, Amazon RDS, Alibaba Cloud. Features in Navicat are sophisticated enough to provide professional developers for all their specific needs, yet easy to learn for users who are new to database server. Navicat Monitor can be installed on any local computer or virtual machine and does not require any software installation on the servers being monitored. Success consists of going from failure to failure without loss of enthusiasm. Optimism is the one quality more associated with success and happiness than any other. Champions keep playing until they get it right. Difficult circumstances serve as a textbook of life for people. Navicat provides powerful tools for working with queries: Query Editor for editing the query text directly, and Query Builder, Find Builder or Aggregate Builder for building queries visually. There is no way to happiness. Happiness is the way. Typically, it is employed as an encrypted version of Telnet. To successfully establish a new connection to local/remote server - no matter via SSL or SSH, set the database login information in the General tab. Navicat Monitor requires a repository to store alerts and metrics for historical analysis. In other words, Navicat provides the ability for data in different databases and/or schemas to be kept up-to-date so that each repository contains the same information. To start working with your server in Navicat, you should first establish a connection or several connections using the Connection window. Always keep your eyes open. Keep watching. Because whatever you see can inspire you. The Navigation pane employs tree structure which allows you to take action upon the database and their objects through their pop-up menus quickly and easily. SSH serves to prevent such vulnerabilities and allows you to access a remote server\'s shell without compromising security. The repository database can be an existing MySQL, MariaDB, PostgreSQL, SQL Server, or Amazon RDS instance. If you wait, all that happens is you get older. Such sessions are also susceptible to session hijacking, where a malicious user takes over your session once you have authenticated. It wasn’t raining when Noah built the ark. SSH serves to prevent such vulnerabilities and allows you to access a remote server\'s shell without compromising security. With its well-designed Graphical User Interface(GUI), Navicat lets you quickly and easily create, organize, access and share information in a secure and easy way. Sometimes you win, sometimes you learn. Secure SHell (SSH) is a program to log in into another computer over a network, execute commands on a remote server, and move files from one machine to another. Actually it is just in an idea when feel oneself can achieve and cannot achieve. To clear or reload various internal caches, flush tables, or acquire locks, control-click your connection in the Navigation pane and select Flush and choose the flush option. You must have the reload privilege to use this feature. Optimism is the one quality more associated with success and happiness than any other. Flexible settings enable you to set up a custom key for comparison and synchronization. Such sessions are also susceptible to session hijacking, where a malicious user takes over your session once you have authenticated. You can select any connections, objects or projects, and then select the corresponding buttons on the Information Pane. Actually it is just in an idea when feel oneself can achieve and cannot achieve. Navicat Monitor can be installed on any local computer or virtual machine and does not require any software installation on the servers being monitored.', 86, 723, '2008-07-31 03:21:08', '2010-05-06 12:25:12');
INSERT INTO `answers` VALUES (66, 2, 14, 'In the middle of winter I at last discovered that there was in me an invincible summer. After comparing data, the window shows the number of records that will be inserted, updated or deleted in the target. Navicat provides powerful tools for working with queries: Query Editor for editing the query text directly, and Query Builder, Find Builder or Aggregate Builder for building queries visually. If opportunity doesn’t knock, build a door. Champions keep playing until they get it right. I may not have gone where I intended to go, but I think I have ended up where I needed to be. It wasn’t raining when Noah built the ark. Navicat Data Modeler enables you to build high-quality conceptual, logical and physical data models for a wide variety of audiences. A man’s best friends are his ten fingers. Success consists of going from failure to failure without loss of enthusiasm. Instead of wondering when your next vacation is, maybe you should set up a life you don’t need to escape from. To get a secure connection, the first thing you need to do is to install OpenSSL Library and download Database Source. SQL Editor allows you to create and edit SQL text, prepare and execute selected queries. You can select any connections, objects or projects, and then select the corresponding buttons on the Information Pane. To connect to a database or schema, simply double-click it in the pane. The Main Window consists of several toolbars and panes for you to work on connections, database objects and advanced tools. To successfully establish a new connection to local/remote server - no matter via SSL or SSH, set the database login information in the General tab. Such sessions are also susceptible to session hijacking, where a malicious user takes over your session once you have authenticated.', 94, 425, '2016-02-06 09:52:06', '2012-11-21 10:55:30');
INSERT INTO `answers` VALUES (67, 4, 2, 'How we spend our days is, of course, how we spend our lives. Monitored servers include MySQL, MariaDB and SQL Server, and compatible with cloud databases like Amazon RDS, Amazon Aurora, Oracle Cloud, Google Cloud and Microsoft Azure. Instead of wondering when your next vacation is, maybe you should set up a life you don’t need to escape from. Always keep your eyes open. Keep watching. Because whatever you see can inspire you. Navicat Data Modeler is a powerful and cost-effective database design tool which helps you build high-quality conceptual, logical and physical data models. The repository database can be an existing MySQL, MariaDB, PostgreSQL, SQL Server, or Amazon RDS instance. Navicat provides powerful tools for working with queries: Query Editor for editing the query text directly, and Query Builder, Find Builder or Aggregate Builder for building queries visually. After logged in the Navicat Cloud feature, the Navigation pane will be divided into Navicat Cloud and My Connections sections. Navicat Monitor is a safe, simple and agentless remote server monitoring tool that is packed with powerful features to make your monitoring effective as possible. The reason why a great man is great is that he resolves to be a great man. The reason why a great man is great is that he resolves to be a great man. Secure Sockets Layer(SSL) is a protocol for transmitting private documents via the Internet. How we spend our days is, of course, how we spend our lives. Navicat authorizes you to make connection to remote servers running on different platforms (i.e. Windows, macOS, Linux and UNIX), and supports PAM and GSSAPI authentication. Navicat Data Modeler is a powerful and cost-effective database design tool which helps you build high-quality conceptual, logical and physical data models. Navicat authorizes you to make connection to remote servers running on different platforms (i.e. Windows, macOS, Linux and UNIX), and supports PAM and GSSAPI authentication.', 109, 915, '2021-09-27 20:54:19', '2022-12-20 02:13:06');
INSERT INTO `answers` VALUES (68, 3, 14, 'SQL Editor allows you to create and edit SQL text, prepare and execute selected queries. I will greet this day with love in my heart. Navicat provides a wide range advanced features, such as compelling code editing capabilities, smart code-completion, SQL formatting, and more. With its well-designed Graphical User Interface(GUI), Navicat lets you quickly and easily create, organize, access and share information in a secure and easy way. To successfully establish a new connection to local/remote server - no matter via SSL, SSH or HTTP, set the database login information in the General tab. Navicat provides a wide range advanced features, such as compelling code editing capabilities, smart code-completion, SQL formatting, and more. I will greet this day with love in my heart. Genius is an infinite capacity for taking pains. The reason why a great man is great is that he resolves to be a great man. A query is used to extract data from the database in a readable format according to the user\'s request. Navicat Monitor is a safe, simple and agentless remote server monitoring tool that is packed with powerful features to make your monitoring effective as possible. I destroy my enemies when I make them my friends. You cannot save people, you can just love them. Difficult circumstances serve as a textbook of life for people. Export Wizard allows you to export data from tables, collections, views, or query results to any available formats. With its well-designed Graphical User Interface(GUI), Navicat lets you quickly and easily create, organize, access and share information in a secure and easy way. Navicat Cloud provides a cloud service for synchronizing connections, queries, model files and virtual group information from Navicat, other Navicat family members, different machines and different platforms. If the plan doesn’t work, change the plan, but never the goal. After comparing data, the window shows the number of records that will be inserted, updated or deleted in the target. Navicat authorizes you to make connection to remote servers running on different platforms (i.e. Windows, macOS, Linux and UNIX), and supports PAM and GSSAPI authentication. Navicat allows you to transfer data from one database and/or schema to another with detailed analytical process. If the Show objects under schema in navigation pane option is checked at the Preferences window, all database objects are also displayed in the pane. Import Wizard allows you to import data to tables/collections from CSV, TXT, XML, DBF and more. You can select any connections, objects or projects, and then select the corresponding buttons on the Information Pane. Difficult circumstances serve as a textbook of life for people. Difficult circumstances serve as a textbook of life for people. The past has no power over the present moment. Anyone who has ever made anything of importance was disciplined. Navicat authorizes you to make connection to remote servers running on different platforms (i.e. Windows, macOS, Linux and UNIX), and supports PAM and GSSAPI authentication. Navicat Data Modeler is a powerful and cost-effective database design tool which helps you build high-quality conceptual, logical and physical data models. All journeys have secret destinations of which the traveler is unaware. Monitored servers include MySQL, MariaDB and SQL Server, and compatible with cloud databases like Amazon RDS, Amazon Aurora, Oracle Cloud, Google Cloud and Microsoft Azure. Anyone who has never made a mistake has never tried anything new. With its well-designed Graphical User Interface(GUI), Navicat lets you quickly and easily create, organize, access and share information in a secure and easy way. I may not have gone where I intended to go, but I think I have ended up where I needed to be. A query is used to extract data from the database in a readable format according to the user\'s request. There is no way to happiness. Happiness is the way. It collects process metrics such as CPU load, RAM usage, and a variety of other resources over SSH/SNMP. HTTP Tunneling is a method for connecting to a server that uses the same protocol (http://) and the same port (port 80) as a web server does. A man is not old until regrets take the place of dreams. Navicat allows you to transfer data from one database and/or schema to another with detailed analytical process. The On Startup feature allows you to control what tabs appear when you launch Navicat. Navicat Monitor can be installed on any local computer or virtual machine and does not require any software installation on the servers being monitored. The repository database can be an existing MySQL, MariaDB, PostgreSQL, SQL Server, or Amazon RDS instance. It wasn’t raining when Noah built the ark. You must be the change you wish to see in the world. I will greet this day with love in my heart. Export Wizard allows you to export data from tables, collections, views, or query results to any available formats. If you wait, all that happens is you get older. Sometimes you win, sometimes you learn. Difficult circumstances serve as a textbook of life for people. Difficult circumstances serve as a textbook of life for people. Navicat authorizes you to make connection to remote servers running on different platforms (i.e. Windows, macOS, Linux and UNIX), and supports PAM and GSSAPI authentication. If your Internet Service Provider (ISP) does not provide direct access to its server, Secure Tunneling Protocol (SSH) / HTTP is another solution. The past has no power over the present moment. It provides strong authentication and secure encrypted communications between two hosts, known as SSH Port Forwarding (Tunneling), over an insecure network. A man’s best friends are his ten fingers. It wasn’t raining when Noah built the ark. It can also manage cloud databases such as Amazon Redshift, Amazon RDS, Alibaba Cloud. Features in Navicat are sophisticated enough to provide professional developers for all their specific needs, yet easy to learn for users who are new to database server. Monitored servers include MySQL, MariaDB and SQL Server, and compatible with cloud databases like Amazon RDS, Amazon Aurora, Oracle Cloud, Google Cloud and Microsoft Azure. HTTP Tunneling is a method for connecting to a server that uses the same protocol (http://) and the same port (port 80) as a web server does. Difficult circumstances serve as a textbook of life for people. Genius is an infinite capacity for taking pains. In other words, Navicat provides the ability for data in different databases and/or schemas to be kept up-to-date so that each repository contains the same information. Navicat Monitor can be installed on any local computer or virtual machine and does not require any software installation on the servers being monitored. To start working with your server in Navicat, you should first establish a connection or several connections using the Connection window. The reason why a great man is great is that he resolves to be a great man. It provides strong authentication and secure encrypted communications between two hosts, known as SSH Port Forwarding (Tunneling), over an insecure network. I may not have gone where I intended to go, but I think I have ended up where I needed to be. A man’s best friends are his ten fingers. The past has no power over the present moment. It can also manage cloud databases such as Amazon Redshift, Amazon RDS, Alibaba Cloud. Features in Navicat are sophisticated enough to provide professional developers for all their specific needs, yet easy to learn for users who are new to database server. The Navigation pane employs tree structure which allows you to take action upon the database and their objects through their pop-up menus quickly and easily. Navicat Monitor requires a repository to store alerts and metrics for historical analysis. The Main Window consists of several toolbars and panes for you to work on connections, database objects and advanced tools. Genius is an infinite capacity for taking pains. HTTP Tunneling is a method for connecting to a server that uses the same protocol (http://) and the same port (port 80) as a web server does. Such sessions are also susceptible to session hijacking, where a malicious user takes over your session once you have authenticated. You can select any connections, objects or projects, and then select the corresponding buttons on the Information Pane. Such sessions are also susceptible to session hijacking, where a malicious user takes over your session once you have authenticated. In other words, Navicat provides the ability for data in different databases and/or schemas to be kept up-to-date so that each repository contains the same information. Flexible settings enable you to set up a custom key for comparison and synchronization. The Main Window consists of several toolbars and panes for you to work on connections, database objects and advanced tools. What you get by achieving your goals is not as important as what you become by achieving your goals. The past has no power over the present moment. To clear or reload various internal caches, flush tables, or acquire locks, control-click your connection in the Navigation pane and select Flush and choose the flush option. You must have the reload privilege to use this feature.', 46, 373, '2007-04-16 19:12:54', '2019-06-14 23:37:23');
INSERT INTO `answers` VALUES (69, 2, 1, 'A man is not old until regrets take the place of dreams. All the Navicat Cloud objects are located under different projects. You can share the project to other Navicat Cloud accounts for collaboration. A man is not old until regrets take the place of dreams. A man is not old until regrets take the place of dreams. Champions keep playing until they get it right. A comfort zone is a beautiful place, but nothing ever grows there. If your Internet Service Provider (ISP) does not provide direct access to its server, Secure Tunneling Protocol (SSH) / HTTP is another solution. What you get by achieving your goals is not as important as what you become by achieving your goals. All journeys have secret destinations of which the traveler is unaware. Secure SHell (SSH) is a program to log in into another computer over a network, execute commands on a remote server, and move files from one machine to another. In a Telnet session, all communications, including username and password, are transmitted in plain-text, allowing anyone to listen-in on your session and steal passwords and other information. Optimism is the one quality more associated with success and happiness than any other. It collects process metrics such as CPU load, RAM usage, and a variety of other resources over SSH/SNMP. It wasn’t raining when Noah built the ark. I will greet this day with love in my heart. It is used while your ISPs do not allow direct connections, but allows establishing HTTP connections. Champions keep playing until they get it right. It wasn’t raining when Noah built the ark. What you get by achieving your goals is not as important as what you become by achieving your goals. Success consists of going from failure to failure without loss of enthusiasm. Difficult circumstances serve as a textbook of life for people. In the Objects tab, you can use the List List, Detail Detail and ER Diagram ER Diagram buttons to change the object view. Actually it is just in an idea when feel oneself can achieve and cannot achieve. I will greet this day with love in my heart. After logged in the Navicat Cloud feature, the Navigation pane will be divided into Navicat Cloud and My Connections sections. You must be the change you wish to see in the world. Optimism is the one quality more associated with success and happiness than any other. To successfully establish a new connection to local/remote server - no matter via SSL or SSH, set the database login information in the General tab. In the Objects tab, you can use the List List, Detail Detail and ER Diagram ER Diagram buttons to change the object view. SSH serves to prevent such vulnerabilities and allows you to access a remote server\'s shell without compromising security. To successfully establish a new connection to local/remote server - no matter via SSL, SSH or HTTP, set the database login information in the General tab. Import Wizard allows you to import data to tables/collections from CSV, TXT, XML, DBF and more.', 18, 326, '2007-09-15 00:23:53', '2022-12-13 04:35:23');
INSERT INTO `answers` VALUES (70, 5, 14, 'I may not have gone where I intended to go, but I think I have ended up where I needed to be. Import Wizard allows you to import data to tables/collections from CSV, TXT, XML, DBF and more. All the Navicat Cloud objects are located under different projects. You can share the project to other Navicat Cloud accounts for collaboration. SQL Editor allows you to create and edit SQL text, prepare and execute selected queries. A man’s best friends are his ten fingers. The On Startup feature allows you to control what tabs appear when you launch Navicat. After logged in the Navicat Cloud feature, the Navigation pane will be divided into Navicat Cloud and My Connections sections. Import Wizard allows you to import data to tables/collections from CSV, TXT, XML, DBF and more. The Main Window consists of several toolbars and panes for you to work on connections, database objects and advanced tools. If you wait, all that happens is you get older. You will succeed because most people are lazy. Navicat Monitor is a safe, simple and agentless remote server monitoring tool that is packed with powerful features to make your monitoring effective as possible. All journeys have secret destinations of which the traveler is unaware. SQL Editor allows you to create and edit SQL text, prepare and execute selected queries. Navicat Monitor is a safe, simple and agentless remote server monitoring tool that is packed with powerful features to make your monitoring effective as possible. Navicat Monitor requires a repository to store alerts and metrics for historical analysis. Navicat Data Modeler enables you to build high-quality conceptual, logical and physical data models for a wide variety of audiences. To clear or reload various internal caches, flush tables, or acquire locks, control-click your connection in the Navigation pane and select Flush and choose the flush option. You must have the reload privilege to use this feature. You must be the change you wish to see in the world. If you wait, all that happens is you get older. Navicat Cloud provides a cloud service for synchronizing connections, queries, model files and virtual group information from Navicat, other Navicat family members, different machines and different platforms. Navicat provides a wide range advanced features, such as compelling code editing capabilities, smart code-completion, SQL formatting, and more. To successfully establish a new connection to local/remote server - no matter via SSL, SSH or HTTP, set the database login information in the General tab. What you get by achieving your goals is not as important as what you become by achieving your goals. After comparing data, the window shows the number of records that will be inserted, updated or deleted in the target. A comfort zone is a beautiful place, but nothing ever grows there. To successfully establish a new connection to local/remote server - no matter via SSL or SSH, set the database login information in the General tab. You will succeed because most people are lazy. Navicat is a multi-connections Database Administration tool allowing you to connect to MySQL, Oracle, PostgreSQL, SQLite, SQL Server, MariaDB and/or MongoDB databases, making database administration to multiple kinds of database so easy. To successfully establish a new connection to local/remote server - no matter via SSL or SSH, set the database login information in the General tab. If your Internet Service Provider (ISP) does not provide direct access to its server, Secure Tunneling Protocol (SSH) / HTTP is another solution. All journeys have secret destinations of which the traveler is unaware. To successfully establish a new connection to local/remote server - no matter via SSL, SSH or HTTP, set the database login information in the General tab. Flexible settings enable you to set up a custom key for comparison and synchronization. You can select any connections, objects or projects, and then select the corresponding buttons on the Information Pane. It provides strong authentication and secure encrypted communications between two hosts, known as SSH Port Forwarding (Tunneling), over an insecure network. The past has no power over the present moment. Navicat authorizes you to make connection to remote servers running on different platforms (i.e. Windows, macOS, Linux and UNIX), and supports PAM and GSSAPI authentication. In the Objects tab, you can use the List List, Detail Detail and ER Diagram ER Diagram buttons to change the object view. To open a query using an external editor, control-click it and select Open with External Editor. You can set the file path of an external editor in Preferences. With its well-designed Graphical User Interface(GUI), Navicat lets you quickly and easily create, organize, access and share information in a secure and easy way. You can select any connections, objects or projects, and then select the corresponding buttons on the Information Pane. Navicat Data Modeler is a powerful and cost-effective database design tool which helps you build high-quality conceptual, logical and physical data models.', 28, 198, '2025-10-18 06:26:35', '2019-04-09 01:15:46');
INSERT INTO `answers` VALUES (71, 3, 13, 'In a Telnet session, all communications, including username and password, are transmitted in plain-text, allowing anyone to listen-in on your session and steal passwords and other information. In a Telnet session, all communications, including username and password, are transmitted in plain-text, allowing anyone to listen-in on your session and steal passwords and other information. The first step is as good as half over. Secure Sockets Layer(SSL) is a protocol for transmitting private documents via the Internet. If your Internet Service Provider (ISP) does not provide direct access to its server, Secure Tunneling Protocol (SSH) / HTTP is another solution. Navicat Monitor requires a repository to store alerts and metrics for historical analysis. The first step is as good as half over. In a Telnet session, all communications, including username and password, are transmitted in plain-text, allowing anyone to listen-in on your session and steal passwords and other information. It is used while your ISPs do not allow direct connections, but allows establishing HTTP connections. If it scares you, it might be a good thing to try. To open a query using an external editor, control-click it and select Open with External Editor. You can set the file path of an external editor in Preferences. A comfort zone is a beautiful place, but nothing ever grows there. The Information Pane shows the detailed object information, project activities, the DDL of database objects, object dependencies, membership of users/roles and preview. To start working with your server in Navicat, you should first establish a connection or several connections using the Connection window. Champions keep playing until they get it right. Navicat provides a wide range advanced features, such as compelling code editing capabilities, smart code-completion, SQL formatting, and more. Navicat is a multi-connections Database Administration tool allowing you to connect to MySQL, Oracle, PostgreSQL, SQLite, SQL Server, MariaDB and/or MongoDB databases, making database administration to multiple kinds of database so easy. Navicat provides a wide range advanced features, such as compelling code editing capabilities, smart code-completion, SQL formatting, and more. You cannot save people, you can just love them. The Main Window consists of several toolbars and panes for you to work on connections, database objects and advanced tools. To get a secure connection, the first thing you need to do is to install OpenSSL Library and download Database Source. I may not have gone where I intended to go, but I think I have ended up where I needed to be. In a Telnet session, all communications, including username and password, are transmitted in plain-text, allowing anyone to listen-in on your session and steal passwords and other information. The Information Pane shows the detailed object information, project activities, the DDL of database objects, object dependencies, membership of users/roles and preview. If you wait, all that happens is you get older. Navicat Cloud provides a cloud service for synchronizing connections, queries, model files and virtual group information from Navicat, other Navicat family members, different machines and different platforms. Navicat 15 has added support for the system-wide dark mode.', 101, 819, '2002-08-21 23:12:16', '2006-03-28 10:59:22');
INSERT INTO `answers` VALUES (72, 1, 14, 'I destroy my enemies when I make them my friends. Navicat Monitor requires a repository to store alerts and metrics for historical analysis. There is no way to happiness. Happiness is the way. To start working with your server in Navicat, you should first establish a connection or several connections using the Connection window.', 66, 70, '2010-09-01 18:15:07', '2025-02-08 03:46:57');
INSERT INTO `answers` VALUES (73, 5, 10, 'The Synchronize to Database function will give you a full picture of all database differences. It collects process metrics such as CPU load, RAM usage, and a variety of other resources over SSH/SNMP. Navicat provides powerful tools for working with queries: Query Editor for editing the query text directly, and Query Builder, Find Builder or Aggregate Builder for building queries visually. Anyone who has never made a mistake has never tried anything new. It wasn’t raining when Noah built the ark. Navicat authorizes you to make connection to remote servers running on different platforms (i.e. Windows, macOS, Linux and UNIX), and supports PAM and GSSAPI authentication.', 69, 720, '2009-05-07 13:33:55', '2000-02-14 07:34:31');
INSERT INTO `answers` VALUES (74, 3, 5, 'To start working with your server in Navicat, you should first establish a connection or several connections using the Connection window. To successfully establish a new connection to local/remote server - no matter via SSL or SSH, set the database login information in the General tab. In the Objects tab, you can use the List List, Detail Detail and ER Diagram ER Diagram buttons to change the object view. If it scares you, it might be a good thing to try. Navicat allows you to transfer data from one database and/or schema to another with detailed analytical process. Import Wizard allows you to import data to tables/collections from CSV, TXT, XML, DBF and more. The Navigation pane employs tree structure which allows you to take action upon the database and their objects through their pop-up menus quickly and easily. If your Internet Service Provider (ISP) does not provide direct access to its server, Secure Tunneling Protocol (SSH) / HTTP is another solution. What you get by achieving your goals is not as important as what you become by achieving your goals. Secure SHell (SSH) is a program to log in into another computer over a network, execute commands on a remote server, and move files from one machine to another. What you get by achieving your goals is not as important as what you become by achieving your goals. If the Show objects under schema in navigation pane option is checked at the Preferences window, all database objects are also displayed in the pane. Navicat provides a wide range advanced features, such as compelling code editing capabilities, smart code-completion, SQL formatting, and more. The Synchronize to Database function will give you a full picture of all database differences. It collects process metrics such as CPU load, RAM usage, and a variety of other resources over SSH/SNMP. Typically, it is employed as an encrypted version of Telnet. Instead of wondering when your next vacation is, maybe you should set up a life you don’t need to escape from. A comfort zone is a beautiful place, but nothing ever grows there. How we spend our days is, of course, how we spend our lives. Navicat is a multi-connections Database Administration tool allowing you to connect to MySQL, Oracle, PostgreSQL, SQLite, SQL Server, MariaDB and/or MongoDB databases, making database administration to multiple kinds of database so easy. Navicat provides a wide range advanced features, such as compelling code editing capabilities, smart code-completion, SQL formatting, and more. Navicat Monitor can be installed on any local computer or virtual machine and does not require any software installation on the servers being monitored. Creativity is intelligence having fun. In a Telnet session, all communications, including username and password, are transmitted in plain-text, allowing anyone to listen-in on your session and steal passwords and other information.', 87, 29, '2000-10-10 08:28:31', '2013-07-26 13:37:38');
INSERT INTO `answers` VALUES (75, 2, 17, 'In the Objects tab, you can use the List List, Detail Detail and ER Diagram ER Diagram buttons to change the object view. It collects process metrics such as CPU load, RAM usage, and a variety of other resources over SSH/SNMP. Flexible settings enable you to set up a custom key for comparison and synchronization. Navicat provides a wide range advanced features, such as compelling code editing capabilities, smart code-completion, SQL formatting, and more. Creativity is intelligence having fun. With its well-designed Graphical User Interface(GUI), Navicat lets you quickly and easily create, organize, access and share information in a secure and easy way. Flexible settings enable you to set up a custom key for comparison and synchronization. To start working with your server in Navicat, you should first establish a connection or several connections using the Connection window. I destroy my enemies when I make them my friends. Navicat Monitor can be installed on any local computer or virtual machine and does not require any software installation on the servers being monitored. What you get by achieving your goals is not as important as what you become by achieving your goals. Remember that failure is an event, not a person. I destroy my enemies when I make them my friends. I destroy my enemies when I make them my friends. In a Telnet session, all communications, including username and password, are transmitted in plain-text, allowing anyone to listen-in on your session and steal passwords and other information. Anyone who has never made a mistake has never tried anything new. I destroy my enemies when I make them my friends. If it scares you, it might be a good thing to try. Always keep your eyes open. Keep watching. Because whatever you see can inspire you. After logged in the Navicat Cloud feature, the Navigation pane will be divided into Navicat Cloud and My Connections sections. If your Internet Service Provider (ISP) does not provide direct access to its server, Secure Tunneling Protocol (SSH) / HTTP is another solution. Such sessions are also susceptible to session hijacking, where a malicious user takes over your session once you have authenticated. SSH serves to prevent such vulnerabilities and allows you to access a remote server\'s shell without compromising security. The first step is as good as half over. A comfort zone is a beautiful place, but nothing ever grows there.', 98, 66, '2009-04-29 00:11:50', '2020-10-23 19:47:06');
INSERT INTO `answers` VALUES (76, 1, 4, 'HTTP Tunneling is a method for connecting to a server that uses the same protocol (http://) and the same port (port 80) as a web server does. I may not have gone where I intended to go, but I think I have ended up where I needed to be. The Main Window consists of several toolbars and panes for you to work on connections, database objects and advanced tools. The past has no power over the present moment. Optimism is the one quality more associated with success and happiness than any other. Navicat authorizes you to make connection to remote servers running on different platforms (i.e. Windows, macOS, Linux and UNIX), and supports PAM and GSSAPI authentication. Secure SHell (SSH) is a program to log in into another computer over a network, execute commands on a remote server, and move files from one machine to another. All the Navicat Cloud objects are located under different projects. You can share the project to other Navicat Cloud accounts for collaboration. You will succeed because most people are lazy. Such sessions are also susceptible to session hijacking, where a malicious user takes over your session once you have authenticated. I will greet this day with love in my heart. The reason why a great man is great is that he resolves to be a great man. The Main Window consists of several toolbars and panes for you to work on connections, database objects and advanced tools. It can also manage cloud databases such as Amazon Redshift, Amazon RDS, Alibaba Cloud. Features in Navicat are sophisticated enough to provide professional developers for all their specific needs, yet easy to learn for users who are new to database server. Champions keep playing until they get it right. You will succeed because most people are lazy. Actually it is just in an idea when feel oneself can achieve and cannot achieve. Always keep your eyes open. Keep watching. Because whatever you see can inspire you. All the Navicat Cloud objects are located under different projects. You can share the project to other Navicat Cloud accounts for collaboration. With its well-designed Graphical User Interface(GUI), Navicat lets you quickly and easily create, organize, access and share information in a secure and easy way. With its well-designed Graphical User Interface(GUI), Navicat lets you quickly and easily create, organize, access and share information in a secure and easy way. After comparing data, the window shows the number of records that will be inserted, updated or deleted in the target. The repository database can be an existing MySQL, MariaDB, PostgreSQL, SQL Server, or Amazon RDS instance. Navicat authorizes you to make connection to remote servers running on different platforms (i.e. Windows, macOS, Linux and UNIX), and supports PAM and GSSAPI authentication. With its well-designed Graphical User Interface(GUI), Navicat lets you quickly and easily create, organize, access and share information in a secure and easy way. It collects process metrics such as CPU load, RAM usage, and a variety of other resources over SSH/SNMP. If you wait, all that happens is you get older. Import Wizard allows you to import data to tables/collections from CSV, TXT, XML, DBF and more. Instead of wondering when your next vacation is, maybe you should set up a life you don’t need to escape from. It is used while your ISPs do not allow direct connections, but allows establishing HTTP connections. Anyone who has never made a mistake has never tried anything new. It is used while your ISPs do not allow direct connections, but allows establishing HTTP connections. It collects process metrics such as CPU load, RAM usage, and a variety of other resources over SSH/SNMP. The Main Window consists of several toolbars and panes for you to work on connections, database objects and advanced tools. A man is not old until regrets take the place of dreams. Navicat Data Modeler enables you to build high-quality conceptual, logical and physical data models for a wide variety of audiences. Anyone who has never made a mistake has never tried anything new. Navicat authorizes you to make connection to remote servers running on different platforms (i.e. Windows, macOS, Linux and UNIX), and supports PAM and GSSAPI authentication. To successfully establish a new connection to local/remote server - no matter via SSL, SSH or HTTP, set the database login information in the General tab. After comparing data, the window shows the number of records that will be inserted, updated or deleted in the target. Navicat provides a wide range advanced features, such as compelling code editing capabilities, smart code-completion, SQL formatting, and more. Creativity is intelligence having fun. I may not have gone where I intended to go, but I think I have ended up where I needed to be. Difficult circumstances serve as a textbook of life for people. Anyone who has never made a mistake has never tried anything new. All the Navicat Cloud objects are located under different projects. You can share the project to other Navicat Cloud accounts for collaboration. How we spend our days is, of course, how we spend our lives. It wasn’t raining when Noah built the ark. In the Objects tab, you can use the List List, Detail Detail and ER Diagram ER Diagram buttons to change the object view. Import Wizard allows you to import data to tables/collections from CSV, TXT, XML, DBF and more. I may not have gone where I intended to go, but I think I have ended up where I needed to be. I destroy my enemies when I make them my friends. The first step is as good as half over. Navicat Cloud could not connect and access your databases. By which it means, it could only store your connection settings, queries, model files, and virtual group; your database passwords and data (e.g. tables, views, etc) will not be stored to Navicat Cloud. Champions keep playing until they get it right. Such sessions are also susceptible to session hijacking, where a malicious user takes over your session once you have authenticated. A comfort zone is a beautiful place, but nothing ever grows there. To clear or reload various internal caches, flush tables, or acquire locks, control-click your connection in the Navigation pane and select Flush and choose the flush option. You must have the reload privilege to use this feature. Anyone who has ever made anything of importance was disciplined. It provides strong authentication and secure encrypted communications between two hosts, known as SSH Port Forwarding (Tunneling), over an insecure network. A man is not old until regrets take the place of dreams. Navicat Data Modeler is a powerful and cost-effective database design tool which helps you build high-quality conceptual, logical and physical data models. Always keep your eyes open. Keep watching. Because whatever you see can inspire you. Secure Sockets Layer(SSL) is a protocol for transmitting private documents via the Internet. How we spend our days is, of course, how we spend our lives. Flexible settings enable you to set up a custom key for comparison and synchronization. What you get by achieving your goals is not as important as what you become by achieving your goals. All the Navicat Cloud objects are located under different projects. You can share the project to other Navicat Cloud accounts for collaboration. It can also manage cloud databases such as Amazon Redshift, Amazon RDS, Alibaba Cloud. Features in Navicat are sophisticated enough to provide professional developers for all their specific needs, yet easy to learn for users who are new to database server. Navicat Monitor can be installed on any local computer or virtual machine and does not require any software installation on the servers being monitored. Navicat is a multi-connections Database Administration tool allowing you to connect to MySQL, Oracle, PostgreSQL, SQLite, SQL Server, MariaDB and/or MongoDB databases, making database administration to multiple kinds of database so easy. Navicat Monitor requires a repository to store alerts and metrics for historical analysis. If you wait, all that happens is you get older. Difficult circumstances serve as a textbook of life for people. It collects process metrics such as CPU load, RAM usage, and a variety of other resources over SSH/SNMP. Champions keep playing until they get it right. Navicat Monitor can be installed on any local computer or virtual machine and does not require any software installation on the servers being monitored. After comparing data, the window shows the number of records that will be inserted, updated or deleted in the target. The Main Window consists of several toolbars and panes for you to work on connections, database objects and advanced tools.', 96, 61, '2001-11-11 11:55:11', '2021-02-11 07:49:43');
INSERT INTO `answers` VALUES (77, 2, 13, 'If you wait, all that happens is you get older. You can select any connections, objects or projects, and then select the corresponding buttons on the Information Pane. Navicat provides a wide range advanced features, such as compelling code editing capabilities, smart code-completion, SQL formatting, and more. I destroy my enemies when I make them my friends. A man is not old until regrets take the place of dreams. Secure Sockets Layer(SSL) is a protocol for transmitting private documents via the Internet. To connect to a database or schema, simply double-click it in the pane. You can select any connections, objects or projects, and then select the corresponding buttons on the Information Pane. Creativity is intelligence having fun. It can also manage cloud databases such as Amazon Redshift, Amazon RDS, Alibaba Cloud. Features in Navicat are sophisticated enough to provide professional developers for all their specific needs, yet easy to learn for users who are new to database server. SSH serves to prevent such vulnerabilities and allows you to access a remote server\'s shell without compromising security. The Navigation pane employs tree structure which allows you to take action upon the database and their objects through their pop-up menus quickly and easily. You must be the change you wish to see in the world. Actually it is just in an idea when feel oneself can achieve and cannot achieve. The Synchronize to Database function will give you a full picture of all database differences. Navicat 15 has added support for the system-wide dark mode. A man’s best friends are his ten fingers. Flexible settings enable you to set up a custom key for comparison and synchronization. The On Startup feature allows you to control what tabs appear when you launch Navicat. The first step is as good as half over. There is no way to happiness. Happiness is the way. With its well-designed Graphical User Interface(GUI), Navicat lets you quickly and easily create, organize, access and share information in a secure and easy way. To successfully establish a new connection to local/remote server - no matter via SSL or SSH, set the database login information in the General tab. Navicat Data Modeler enables you to build high-quality conceptual, logical and physical data models for a wide variety of audiences. The reason why a great man is great is that he resolves to be a great man. After logged in the Navicat Cloud feature, the Navigation pane will be divided into Navicat Cloud and My Connections sections. Navicat Data Modeler is a powerful and cost-effective database design tool which helps you build high-quality conceptual, logical and physical data models. In the Objects tab, you can use the List List, Detail Detail and ER Diagram ER Diagram buttons to change the object view. In the Objects tab, you can use the List List, Detail Detail and ER Diagram ER Diagram buttons to change the object view. Navicat Monitor is a safe, simple and agentless remote server monitoring tool that is packed with powerful features to make your monitoring effective as possible. It is used while your ISPs do not allow direct connections, but allows establishing HTTP connections. To successfully establish a new connection to local/remote server - no matter via SSL or SSH, set the database login information in the General tab. You will succeed because most people are lazy. How we spend our days is, of course, how we spend our lives. All journeys have secret destinations of which the traveler is unaware. Flexible settings enable you to set up a custom key for comparison and synchronization. In the Objects tab, you can use the List List, Detail Detail and ER Diagram ER Diagram buttons to change the object view. Monitored servers include MySQL, MariaDB and SQL Server, and compatible with cloud databases like Amazon RDS, Amazon Aurora, Oracle Cloud, Google Cloud and Microsoft Azure. SQL Editor allows you to create and edit SQL text, prepare and execute selected queries. Anyone who has never made a mistake has never tried anything new. Navicat provides powerful tools for working with queries: Query Editor for editing the query text directly, and Query Builder, Find Builder or Aggregate Builder for building queries visually. Navicat Monitor requires a repository to store alerts and metrics for historical analysis. All the Navicat Cloud objects are located under different projects. You can share the project to other Navicat Cloud accounts for collaboration. In other words, Navicat provides the ability for data in different databases and/or schemas to be kept up-to-date so that each repository contains the same information. Secure SHell (SSH) is a program to log in into another computer over a network, execute commands on a remote server, and move files from one machine to another. Navicat is a multi-connections Database Administration tool allowing you to connect to MySQL, Oracle, PostgreSQL, SQLite, SQL Server, MariaDB and/or MongoDB databases, making database administration to multiple kinds of database so easy. Anyone who has ever made anything of importance was disciplined. The Navigation pane employs tree structure which allows you to take action upon the database and their objects through their pop-up menus quickly and easily. It wasn’t raining when Noah built the ark. Navicat provides powerful tools for working with queries: Query Editor for editing the query text directly, and Query Builder, Find Builder or Aggregate Builder for building queries visually. To clear or reload various internal caches, flush tables, or acquire locks, control-click your connection in the Navigation pane and select Flush and choose the flush option. You must have the reload privilege to use this feature. You will succeed because most people are lazy. Flexible settings enable you to set up a custom key for comparison and synchronization. Navicat is a multi-connections Database Administration tool allowing you to connect to MySQL, Oracle, PostgreSQL, SQLite, SQL Server, MariaDB and/or MongoDB databases, making database administration to multiple kinds of database so easy. Navicat Monitor can be installed on any local computer or virtual machine and does not require any software installation on the servers being monitored. With its well-designed Graphical User Interface(GUI), Navicat lets you quickly and easily create, organize, access and share information in a secure and easy way. Actually it is just in an idea when feel oneself can achieve and cannot achieve. After comparing data, the window shows the number of records that will be inserted, updated or deleted in the target. All the Navicat Cloud objects are located under different projects. You can share the project to other Navicat Cloud accounts for collaboration. SSH serves to prevent such vulnerabilities and allows you to access a remote server\'s shell without compromising security. The reason why a great man is great is that he resolves to be a great man. The repository database can be an existing MySQL, MariaDB, PostgreSQL, SQL Server, or Amazon RDS instance. If you wait, all that happens is you get older. The first step is as good as half over. I destroy my enemies when I make them my friends. If the plan doesn’t work, change the plan, but never the goal. Such sessions are also susceptible to session hijacking, where a malicious user takes over your session once you have authenticated. The Main Window consists of several toolbars and panes for you to work on connections, database objects and advanced tools. I will greet this day with love in my heart. How we spend our days is, of course, how we spend our lives. Instead of wondering when your next vacation is, maybe you should set up a life you don’t need to escape from. What you get by achieving your goals is not as important as what you become by achieving your goals. Navicat Monitor requires a repository to store alerts and metrics for historical analysis. Navicat provides a wide range advanced features, such as compelling code editing capabilities, smart code-completion, SQL formatting, and more. Navicat Monitor requires a repository to store alerts and metrics for historical analysis. If the plan doesn’t work, change the plan, but never the goal. Navicat provides powerful tools for working with queries: Query Editor for editing the query text directly, and Query Builder, Find Builder or Aggregate Builder for building queries visually.', 1, 544, '2014-05-13 12:39:36', '2014-03-30 04:44:53');
INSERT INTO `answers` VALUES (78, 3, 5, 'Such sessions are also susceptible to session hijacking, where a malicious user takes over your session once you have authenticated. With its well-designed Graphical User Interface(GUI), Navicat lets you quickly and easily create, organize, access and share information in a secure and easy way. Monitored servers include MySQL, MariaDB and SQL Server, and compatible with cloud databases like Amazon RDS, Amazon Aurora, Oracle Cloud, Google Cloud and Microsoft Azure. Optimism is the one quality more associated with success and happiness than any other. You cannot save people, you can just love them. Success consists of going from failure to failure without loss of enthusiasm. Anyone who has never made a mistake has never tried anything new. Navicat Data Modeler is a powerful and cost-effective database design tool which helps you build high-quality conceptual, logical and physical data models. SSH serves to prevent such vulnerabilities and allows you to access a remote server\'s shell without compromising security. If your Internet Service Provider (ISP) does not provide direct access to its server, Secure Tunneling Protocol (SSH) / HTTP is another solution. You cannot save people, you can just love them. Anyone who has never made a mistake has never tried anything new. It wasn’t raining when Noah built the ark.', 95, 672, '2005-11-28 01:15:23', '2000-02-17 03:14:39');
INSERT INTO `answers` VALUES (79, 5, 18, 'It wasn’t raining when Noah built the ark. To get a secure connection, the first thing you need to do is to install OpenSSL Library and download Database Source. A comfort zone is a beautiful place, but nothing ever grows there. Creativity is intelligence having fun. The Navigation pane employs tree structure which allows you to take action upon the database and their objects through their pop-up menus quickly and easily. If you wait, all that happens is you get older. Navicat Cloud could not connect and access your databases. By which it means, it could only store your connection settings, queries, model files, and virtual group; your database passwords and data (e.g. tables, views, etc) will not be stored to Navicat Cloud. To connect to a database or schema, simply double-click it in the pane. If you wait, all that happens is you get older. It can also manage cloud databases such as Amazon Redshift, Amazon RDS, Alibaba Cloud. Features in Navicat are sophisticated enough to provide professional developers for all their specific needs, yet easy to learn for users who are new to database server. To open a query using an external editor, control-click it and select Open with External Editor. You can set the file path of an external editor in Preferences. All journeys have secret destinations of which the traveler is unaware. The reason why a great man is great is that he resolves to be a great man. The Information Pane shows the detailed object information, project activities, the DDL of database objects, object dependencies, membership of users/roles and preview. Navicat provides a wide range advanced features, such as compelling code editing capabilities, smart code-completion, SQL formatting, and more. Navicat 15 has added support for the system-wide dark mode. SSH serves to prevent such vulnerabilities and allows you to access a remote server\'s shell without compromising security. SQL Editor allows you to create and edit SQL text, prepare and execute selected queries. Instead of wondering when your next vacation is, maybe you should set up a life you don’t need to escape from. HTTP Tunneling is a method for connecting to a server that uses the same protocol (http://) and the same port (port 80) as a web server does. Such sessions are also susceptible to session hijacking, where a malicious user takes over your session once you have authenticated. If your Internet Service Provider (ISP) does not provide direct access to its server, Secure Tunneling Protocol (SSH) / HTTP is another solution. The Information Pane shows the detailed object information, project activities, the DDL of database objects, object dependencies, membership of users/roles and preview. Instead of wondering when your next vacation is, maybe you should set up a life you don’t need to escape from. HTTP Tunneling is a method for connecting to a server that uses the same protocol (http://) and the same port (port 80) as a web server does. Flexible settings enable you to set up a custom key for comparison and synchronization. You must be the change you wish to see in the world. It collects process metrics such as CPU load, RAM usage, and a variety of other resources over SSH/SNMP. The Main Window consists of several toolbars and panes for you to work on connections, database objects and advanced tools. In other words, Navicat provides the ability for data in different databases and/or schemas to be kept up-to-date so that each repository contains the same information. It is used while your ISPs do not allow direct connections, but allows establishing HTTP connections. In the Objects tab, you can use the List List, Detail Detail and ER Diagram ER Diagram buttons to change the object view. There is no way to happiness. Happiness is the way. The Navigation pane employs tree structure which allows you to take action upon the database and their objects through their pop-up menus quickly and easily. I destroy my enemies when I make them my friends. The first step is as good as half over. Remember that failure is an event, not a person. Secure Sockets Layer(SSL) is a protocol for transmitting private documents via the Internet. To connect to a database or schema, simply double-click it in the pane. The Navigation pane employs tree structure which allows you to take action upon the database and their objects through their pop-up menus quickly and easily. I will greet this day with love in my heart. The Synchronize to Database function will give you a full picture of all database differences. To successfully establish a new connection to local/remote server - no matter via SSL, SSH or HTTP, set the database login information in the General tab.', 107, 423, '2005-08-21 14:01:55', '2021-04-11 13:47:18');
INSERT INTO `answers` VALUES (80, 5, 6, 'Navicat provides a wide range advanced features, such as compelling code editing capabilities, smart code-completion, SQL formatting, and more.', 6, 524, '2006-02-28 04:19:46', '2020-11-28 20:42:43');
INSERT INTO `answers` VALUES (81, 2, 14, 'Navicat Data Modeler is a powerful and cost-effective database design tool which helps you build high-quality conceptual, logical and physical data models. Navicat provides powerful tools for working with queries: Query Editor for editing the query text directly, and Query Builder, Find Builder or Aggregate Builder for building queries visually. Sometimes you win, sometimes you learn. I will greet this day with love in my heart. To get a secure connection, the first thing you need to do is to install OpenSSL Library and download Database Source. Monitored servers include MySQL, MariaDB and SQL Server, and compatible with cloud databases like Amazon RDS, Amazon Aurora, Oracle Cloud, Google Cloud and Microsoft Azure. What you get by achieving your goals is not as important as what you become by achieving your goals. Navicat provides powerful tools for working with queries: Query Editor for editing the query text directly, and Query Builder, Find Builder or Aggregate Builder for building queries visually. Monitored servers include MySQL, MariaDB and SQL Server, and compatible with cloud databases like Amazon RDS, Amazon Aurora, Oracle Cloud, Google Cloud and Microsoft Azure. If your Internet Service Provider (ISP) does not provide direct access to its server, Secure Tunneling Protocol (SSH) / HTTP is another solution. You cannot save people, you can just love them. To clear or reload various internal caches, flush tables, or acquire locks, control-click your connection in the Navigation pane and select Flush and choose the flush option. You must have the reload privilege to use this feature. After logged in the Navicat Cloud feature, the Navigation pane will be divided into Navicat Cloud and My Connections sections. Such sessions are also susceptible to session hijacking, where a malicious user takes over your session once you have authenticated. I will greet this day with love in my heart. Navicat provides a wide range advanced features, such as compelling code editing capabilities, smart code-completion, SQL formatting, and more. Navicat allows you to transfer data from one database and/or schema to another with detailed analytical process. It collects process metrics such as CPU load, RAM usage, and a variety of other resources over SSH/SNMP. It is used while your ISPs do not allow direct connections, but allows establishing HTTP connections. If you wait, all that happens is you get older. If opportunity doesn’t knock, build a door. HTTP Tunneling is a method for connecting to a server that uses the same protocol (http://) and the same port (port 80) as a web server does. I will greet this day with love in my heart. I will greet this day with love in my heart. The Navigation pane employs tree structure which allows you to take action upon the database and their objects through their pop-up menus quickly and easily. Navicat Cloud provides a cloud service for synchronizing connections, queries, model files and virtual group information from Navicat, other Navicat family members, different machines and different platforms. SQL Editor allows you to create and edit SQL text, prepare and execute selected queries. The Navigation pane employs tree structure which allows you to take action upon the database and their objects through their pop-up menus quickly and easily.', 40, 433, '2016-11-27 15:26:05', '2004-12-05 12:33:27');
INSERT INTO `answers` VALUES (82, 3, 9, 'Navicat allows you to transfer data from one database and/or schema to another with detailed analytical process. It is used while your ISPs do not allow direct connections, but allows establishing HTTP connections. To get a secure connection, the first thing you need to do is to install OpenSSL Library and download Database Source. Flexible settings enable you to set up a custom key for comparison and synchronization. To successfully establish a new connection to local/remote server - no matter via SSL or SSH, set the database login information in the General tab. If the plan doesn’t work, change the plan, but never the goal. The Navigation pane employs tree structure which allows you to take action upon the database and their objects through their pop-up menus quickly and easily. To open a query using an external editor, control-click it and select Open with External Editor. You can set the file path of an external editor in Preferences. If the Show objects under schema in navigation pane option is checked at the Preferences window, all database objects are also displayed in the pane. SQL Editor allows you to create and edit SQL text, prepare and execute selected queries. HTTP Tunneling is a method for connecting to a server that uses the same protocol (http://) and the same port (port 80) as a web server does. Navicat Cloud provides a cloud service for synchronizing connections, queries, model files and virtual group information from Navicat, other Navicat family members, different machines and different platforms. In other words, Navicat provides the ability for data in different databases and/or schemas to be kept up-to-date so that each repository contains the same information. How we spend our days is, of course, how we spend our lives. Difficult circumstances serve as a textbook of life for people. You will succeed because most people are lazy. I will greet this day with love in my heart. Navicat Monitor is a safe, simple and agentless remote server monitoring tool that is packed with powerful features to make your monitoring effective as possible. All the Navicat Cloud objects are located under different projects. You can share the project to other Navicat Cloud accounts for collaboration. The Synchronize to Database function will give you a full picture of all database differences. After comparing data, the window shows the number of records that will be inserted, updated or deleted in the target. HTTP Tunneling is a method for connecting to a server that uses the same protocol (http://) and the same port (port 80) as a web server does. To clear or reload various internal caches, flush tables, or acquire locks, control-click your connection in the Navigation pane and select Flush and choose the flush option. You must have the reload privilege to use this feature. After logged in the Navicat Cloud feature, the Navigation pane will be divided into Navicat Cloud and My Connections sections. Navicat Cloud could not connect and access your databases. By which it means, it could only store your connection settings, queries, model files, and virtual group; your database passwords and data (e.g. tables, views, etc) will not be stored to Navicat Cloud. I destroy my enemies when I make them my friends. If the Show objects under schema in navigation pane option is checked at the Preferences window, all database objects are also displayed in the pane. SSH serves to prevent such vulnerabilities and allows you to access a remote server\'s shell without compromising security. Navicat Data Modeler enables you to build high-quality conceptual, logical and physical data models for a wide variety of audiences. It is used while your ISPs do not allow direct connections, but allows establishing HTTP connections. The Main Window consists of several toolbars and panes for you to work on connections, database objects and advanced tools. Champions keep playing until they get it right. Navicat Monitor can be installed on any local computer or virtual machine and does not require any software installation on the servers being monitored. If the plan doesn’t work, change the plan, but never the goal. The On Startup feature allows you to control what tabs appear when you launch Navicat. All the Navicat Cloud objects are located under different projects. You can share the project to other Navicat Cloud accounts for collaboration. What you get by achieving your goals is not as important as what you become by achieving your goals. If the plan doesn’t work, change the plan, but never the goal. To get a secure connection, the first thing you need to do is to install OpenSSL Library and download Database Source. The repository database can be an existing MySQL, MariaDB, PostgreSQL, SQL Server, or Amazon RDS instance. To successfully establish a new connection to local/remote server - no matter via SSL, SSH or HTTP, set the database login information in the General tab. Secure Sockets Layer(SSL) is a protocol for transmitting private documents via the Internet. Navicat allows you to transfer data from one database and/or schema to another with detailed analytical process. A man’s best friends are his ten fingers. Always keep your eyes open. Keep watching. Because whatever you see can inspire you. Import Wizard allows you to import data to tables/collections from CSV, TXT, XML, DBF and more. It is used while your ISPs do not allow direct connections, but allows establishing HTTP connections. The Main Window consists of several toolbars and panes for you to work on connections, database objects and advanced tools. You can select any connections, objects or projects, and then select the corresponding buttons on the Information Pane. It collects process metrics such as CPU load, RAM usage, and a variety of other resources over SSH/SNMP. It wasn’t raining when Noah built the ark. It wasn’t raining when Noah built the ark. You can select any connections, objects or projects, and then select the corresponding buttons on the Information Pane. I may not have gone where I intended to go, but I think I have ended up where I needed to be. You can select any connections, objects or projects, and then select the corresponding buttons on the Information Pane. Navicat Cloud could not connect and access your databases. By which it means, it could only store your connection settings, queries, model files, and virtual group; your database passwords and data (e.g. tables, views, etc) will not be stored to Navicat Cloud. A query is used to extract data from the database in a readable format according to the user\'s request. Navicat provides powerful tools for working with queries: Query Editor for editing the query text directly, and Query Builder, Find Builder or Aggregate Builder for building queries visually. Navicat provides powerful tools for working with queries: Query Editor for editing the query text directly, and Query Builder, Find Builder or Aggregate Builder for building queries visually. The first step is as good as half over. If it scares you, it might be a good thing to try. Secure Sockets Layer(SSL) is a protocol for transmitting private documents via the Internet. To connect to a database or schema, simply double-click it in the pane. The repository database can be an existing MySQL, MariaDB, PostgreSQL, SQL Server, or Amazon RDS instance. If opportunity doesn’t knock, build a door. Always keep your eyes open. Keep watching. Because whatever you see can inspire you. All journeys have secret destinations of which the traveler is unaware. The repository database can be an existing MySQL, MariaDB, PostgreSQL, SQL Server, or Amazon RDS instance. Navicat Monitor is a safe, simple and agentless remote server monitoring tool that is packed with powerful features to make your monitoring effective as possible. You must be the change you wish to see in the world. In the Objects tab, you can use the List List, Detail Detail and ER Diagram ER Diagram buttons to change the object view. HTTP Tunneling is a method for connecting to a server that uses the same protocol (http://) and the same port (port 80) as a web server does. If you wait, all that happens is you get older. Typically, it is employed as an encrypted version of Telnet. How we spend our days is, of course, how we spend our lives. Navicat authorizes you to make connection to remote servers running on different platforms (i.e. Windows, macOS, Linux and UNIX), and supports PAM and GSSAPI authentication. If you wait, all that happens is you get older. I destroy my enemies when I make them my friends. How we spend our days is, of course, how we spend our lives. Navicat authorizes you to make connection to remote servers running on different platforms (i.e. Windows, macOS, Linux and UNIX), and supports PAM and GSSAPI authentication. Difficult circumstances serve as a textbook of life for people. The reason why a great man is great is that he resolves to be a great man. In a Telnet session, all communications, including username and password, are transmitted in plain-text, allowing anyone to listen-in on your session and steal passwords and other information. The On Startup feature allows you to control what tabs appear when you launch Navicat. SSH serves to prevent such vulnerabilities and allows you to access a remote server\'s shell without compromising security. Navicat allows you to transfer data from one database and/or schema to another with detailed analytical process.', 26, 682, '2011-03-15 06:36:12', '2024-10-12 14:58:13');
INSERT INTO `answers` VALUES (83, 1, 11, 'You cannot save people, you can just love them. Navicat provides powerful tools for working with queries: Query Editor for editing the query text directly, and Query Builder, Find Builder or Aggregate Builder for building queries visually. All the Navicat Cloud objects are located under different projects. You can share the project to other Navicat Cloud accounts for collaboration. How we spend our days is, of course, how we spend our lives. Creativity is intelligence having fun. To clear or reload various internal caches, flush tables, or acquire locks, control-click your connection in the Navigation pane and select Flush and choose the flush option. You must have the reload privilege to use this feature. Navicat allows you to transfer data from one database and/or schema to another with detailed analytical process. You must be the change you wish to see in the world. Monitored servers include MySQL, MariaDB and SQL Server, and compatible with cloud databases like Amazon RDS, Amazon Aurora, Oracle Cloud, Google Cloud and Microsoft Azure. Always keep your eyes open. Keep watching. Because whatever you see can inspire you. To successfully establish a new connection to local/remote server - no matter via SSL, SSH or HTTP, set the database login information in the General tab. The Information Pane shows the detailed object information, project activities, the DDL of database objects, object dependencies, membership of users/roles and preview. It is used while your ISPs do not allow direct connections, but allows establishing HTTP connections. The past has no power over the present moment. It provides strong authentication and secure encrypted communications between two hosts, known as SSH Port Forwarding (Tunneling), over an insecure network. What you get by achieving your goals is not as important as what you become by achieving your goals. You cannot save people, you can just love them. If the plan doesn’t work, change the plan, but never the goal. Anyone who has ever made anything of importance was disciplined. Sometimes you win, sometimes you learn. Navicat Data Modeler enables you to build high-quality conceptual, logical and physical data models for a wide variety of audiences. All the Navicat Cloud objects are located under different projects. You can share the project to other Navicat Cloud accounts for collaboration. A man’s best friends are his ten fingers. Navicat allows you to transfer data from one database and/or schema to another with detailed analytical process. You will succeed because most people are lazy. To clear or reload various internal caches, flush tables, or acquire locks, control-click your connection in the Navigation pane and select Flush and choose the flush option. You must have the reload privilege to use this feature. Navicat Monitor requires a repository to store alerts and metrics for historical analysis. Navicat Monitor is a safe, simple and agentless remote server monitoring tool that is packed with powerful features to make your monitoring effective as possible. If opportunity doesn’t knock, build a door. Navicat Monitor can be installed on any local computer or virtual machine and does not require any software installation on the servers being monitored. Anyone who has never made a mistake has never tried anything new. Typically, it is employed as an encrypted version of Telnet. To get a secure connection, the first thing you need to do is to install OpenSSL Library and download Database Source. Navicat Cloud could not connect and access your databases. By which it means, it could only store your connection settings, queries, model files, and virtual group; your database passwords and data (e.g. tables, views, etc) will not be stored to Navicat Cloud. Navicat Monitor is a safe, simple and agentless remote server monitoring tool that is packed with powerful features to make your monitoring effective as possible. Creativity is intelligence having fun. Navicat Cloud could not connect and access your databases. By which it means, it could only store your connection settings, queries, model files, and virtual group; your database passwords and data (e.g. tables, views, etc) will not be stored to Navicat Cloud. Navicat Data Modeler enables you to build high-quality conceptual, logical and physical data models for a wide variety of audiences. Always keep your eyes open. Keep watching. Because whatever you see can inspire you. A man is not old until regrets take the place of dreams. Optimism is the one quality more associated with success and happiness than any other. The Synchronize to Database function will give you a full picture of all database differences. How we spend our days is, of course, how we spend our lives. Anyone who has ever made anything of importance was disciplined. Secure Sockets Layer(SSL) is a protocol for transmitting private documents via the Internet. The first step is as good as half over. The Navigation pane employs tree structure which allows you to take action upon the database and their objects through their pop-up menus quickly and easily. Secure Sockets Layer(SSL) is a protocol for transmitting private documents via the Internet. Navicat Monitor can be installed on any local computer or virtual machine and does not require any software installation on the servers being monitored. If it scares you, it might be a good thing to try. Navicat 15 has added support for the system-wide dark mode. Secure SHell (SSH) is a program to log in into another computer over a network, execute commands on a remote server, and move files from one machine to another. All journeys have secret destinations of which the traveler is unaware. There is no way to happiness. Happiness is the way. If it scares you, it might be a good thing to try. A man is not old until regrets take the place of dreams. How we spend our days is, of course, how we spend our lives. The past has no power over the present moment. Navicat Monitor is a safe, simple and agentless remote server monitoring tool that is packed with powerful features to make your monitoring effective as possible. With its well-designed Graphical User Interface(GUI), Navicat lets you quickly and easily create, organize, access and share information in a secure and easy way. Anyone who has ever made anything of importance was disciplined. A query is used to extract data from the database in a readable format according to the user\'s request. Actually it is just in an idea when feel oneself can achieve and cannot achieve. Anyone who has ever made anything of importance was disciplined. A query is used to extract data from the database in a readable format according to the user\'s request. Anyone who has ever made anything of importance was disciplined. Navicat Monitor can be installed on any local computer or virtual machine and does not require any software installation on the servers being monitored. Navicat Monitor can be installed on any local computer or virtual machine and does not require any software installation on the servers being monitored. Navicat Data Modeler enables you to build high-quality conceptual, logical and physical data models for a wide variety of audiences. Flexible settings enable you to set up a custom key for comparison and synchronization. Navicat allows you to transfer data from one database and/or schema to another with detailed analytical process. A man is not old until regrets take the place of dreams. I will greet this day with love in my heart. The Navigation pane employs tree structure which allows you to take action upon the database and their objects through their pop-up menus quickly and easily. Always keep your eyes open. Keep watching. Because whatever you see can inspire you. Typically, it is employed as an encrypted version of Telnet. Anyone who has ever made anything of importance was disciplined. Navicat 15 has added support for the system-wide dark mode. Navicat allows you to transfer data from one database and/or schema to another with detailed analytical process. Remember that failure is an event, not a person. Flexible settings enable you to set up a custom key for comparison and synchronization. I will greet this day with love in my heart. It collects process metrics such as CPU load, RAM usage, and a variety of other resources over SSH/SNMP.', 82, 884, '2004-10-01 22:31:36', '2001-12-22 00:27:02');
INSERT INTO `answers` VALUES (84, 5, 16, 'Always keep your eyes open. Keep watching. Because whatever you see can inspire you. All the Navicat Cloud objects are located under different projects. You can share the project to other Navicat Cloud accounts for collaboration. The past has no power over the present moment. There is no way to happiness. Happiness is the way. If your Internet Service Provider (ISP) does not provide direct access to its server, Secure Tunneling Protocol (SSH) / HTTP is another solution. The Navigation pane employs tree structure which allows you to take action upon the database and their objects through their pop-up menus quickly and easily. Always keep your eyes open. Keep watching. Because whatever you see can inspire you. Anyone who has ever made anything of importance was disciplined. You cannot save people, you can just love them. If you wait, all that happens is you get older. In other words, Navicat provides the ability for data in different databases and/or schemas to be kept up-to-date so that each repository contains the same information. I destroy my enemies when I make them my friends. A man’s best friends are his ten fingers. The On Startup feature allows you to control what tabs appear when you launch Navicat. SSH serves to prevent such vulnerabilities and allows you to access a remote server\'s shell without compromising security. The repository database can be an existing MySQL, MariaDB, PostgreSQL, SQL Server, or Amazon RDS instance. Anyone who has never made a mistake has never tried anything new. Navicat is a multi-connections Database Administration tool allowing you to connect to MySQL, Oracle, PostgreSQL, SQLite, SQL Server, MariaDB and/or MongoDB databases, making database administration to multiple kinds of database so easy. It wasn’t raining when Noah built the ark. Remember that failure is an event, not a person. Navicat 15 has added support for the system-wide dark mode. Optimism is the one quality more associated with success and happiness than any other. It provides strong authentication and secure encrypted communications between two hosts, known as SSH Port Forwarding (Tunneling), over an insecure network. Navicat 15 has added support for the system-wide dark mode. Genius is an infinite capacity for taking pains. Instead of wondering when your next vacation is, maybe you should set up a life you don’t need to escape from. Navicat Cloud provides a cloud service for synchronizing connections, queries, model files and virtual group information from Navicat, other Navicat family members, different machines and different platforms. Flexible settings enable you to set up a custom key for comparison and synchronization. Secure Sockets Layer(SSL) is a protocol for transmitting private documents via the Internet. The Navigation pane employs tree structure which allows you to take action upon the database and their objects through their pop-up menus quickly and easily. Sometimes you win, sometimes you learn. If opportunity doesn’t knock, build a door. SQL Editor allows you to create and edit SQL text, prepare and execute selected queries. Creativity is intelligence having fun. You can select any connections, objects or projects, and then select the corresponding buttons on the Information Pane. In other words, Navicat provides the ability for data in different databases and/or schemas to be kept up-to-date so that each repository contains the same information. To connect to a database or schema, simply double-click it in the pane. To successfully establish a new connection to local/remote server - no matter via SSL, SSH or HTTP, set the database login information in the General tab. Anyone who has never made a mistake has never tried anything new. Champions keep playing until they get it right. The Synchronize to Database function will give you a full picture of all database differences. You can select any connections, objects or projects, and then select the corresponding buttons on the Information Pane. If it scares you, it might be a good thing to try. You cannot save people, you can just love them. The Main Window consists of several toolbars and panes for you to work on connections, database objects and advanced tools.', 83, 675, '2023-07-06 18:50:35', '2006-03-28 00:30:57');
INSERT INTO `answers` VALUES (85, 1, 14, 'To get a secure connection, the first thing you need to do is to install OpenSSL Library and download Database Source. In the middle of winter I at last discovered that there was in me an invincible summer. Export Wizard allows you to export data from tables, collections, views, or query results to any available formats. A query is used to extract data from the database in a readable format according to the user\'s request. Navicat Monitor can be installed on any local computer or virtual machine and does not require any software installation on the servers being monitored. Navicat Cloud provides a cloud service for synchronizing connections, queries, model files and virtual group information from Navicat, other Navicat family members, different machines and different platforms. The first step is as good as half over. Genius is an infinite capacity for taking pains. Export Wizard allows you to export data from tables, collections, views, or query results to any available formats. Navicat Cloud provides a cloud service for synchronizing connections, queries, model files and virtual group information from Navicat, other Navicat family members, different machines and different platforms. Success consists of going from failure to failure without loss of enthusiasm. Instead of wondering when your next vacation is, maybe you should set up a life you don’t need to escape from. The Main Window consists of several toolbars and panes for you to work on connections, database objects and advanced tools. Secure Sockets Layer(SSL) is a protocol for transmitting private documents via the Internet. A comfort zone is a beautiful place, but nothing ever grows there. The On Startup feature allows you to control what tabs appear when you launch Navicat. You can select any connections, objects or projects, and then select the corresponding buttons on the Information Pane. Anyone who has never made a mistake has never tried anything new. In other words, Navicat provides the ability for data in different databases and/or schemas to be kept up-to-date so that each repository contains the same information. Navicat Data Modeler enables you to build high-quality conceptual, logical and physical data models for a wide variety of audiences. Navicat Cloud provides a cloud service for synchronizing connections, queries, model files and virtual group information from Navicat, other Navicat family members, different machines and different platforms. Navicat Monitor can be installed on any local computer or virtual machine and does not require any software installation on the servers being monitored. A man’s best friends are his ten fingers. Navicat 15 has added support for the system-wide dark mode. Navicat Cloud provides a cloud service for synchronizing connections, queries, model files and virtual group information from Navicat, other Navicat family members, different machines and different platforms. What you get by achieving your goals is not as important as what you become by achieving your goals. If your Internet Service Provider (ISP) does not provide direct access to its server, Secure Tunneling Protocol (SSH) / HTTP is another solution. Secure SHell (SSH) is a program to log in into another computer over a network, execute commands on a remote server, and move files from one machine to another. Typically, it is employed as an encrypted version of Telnet. All the Navicat Cloud objects are located under different projects. You can share the project to other Navicat Cloud accounts for collaboration. SSH serves to prevent such vulnerabilities and allows you to access a remote server\'s shell without compromising security. A man is not old until regrets take the place of dreams. The first step is as good as half over. Navicat Monitor can be installed on any local computer or virtual machine and does not require any software installation on the servers being monitored. SSH serves to prevent such vulnerabilities and allows you to access a remote server\'s shell without compromising security. If opportunity doesn’t knock, build a door. The Information Pane shows the detailed object information, project activities, the DDL of database objects, object dependencies, membership of users/roles and preview. The Information Pane shows the detailed object information, project activities, the DDL of database objects, object dependencies, membership of users/roles and preview. It is used while your ISPs do not allow direct connections, but allows establishing HTTP connections. Actually it is just in an idea when feel oneself can achieve and cannot achieve. If your Internet Service Provider (ISP) does not provide direct access to its server, Secure Tunneling Protocol (SSH) / HTTP is another solution. A query is used to extract data from the database in a readable format according to the user\'s request. I destroy my enemies when I make them my friends. It wasn’t raining when Noah built the ark. The reason why a great man is great is that he resolves to be a great man. It is used while your ISPs do not allow direct connections, but allows establishing HTTP connections. There is no way to happiness. Happiness is the way. Navicat Cloud could not connect and access your databases. By which it means, it could only store your connection settings, queries, model files, and virtual group; your database passwords and data (e.g. tables, views, etc) will not be stored to Navicat Cloud. Navicat is a multi-connections Database Administration tool allowing you to connect to MySQL, Oracle, PostgreSQL, SQLite, SQL Server, MariaDB and/or MongoDB databases, making database administration to multiple kinds of database so easy.', 59, 147, '2000-11-08 05:32:08', '2006-04-06 17:36:13');
INSERT INTO `answers` VALUES (86, 5, 11, 'The Main Window consists of several toolbars and panes for you to work on connections, database objects and advanced tools. In other words, Navicat provides the ability for data in different databases and/or schemas to be kept up-to-date so that each repository contains the same information. If it scares you, it might be a good thing to try. You cannot save people, you can just love them. A comfort zone is a beautiful place, but nothing ever grows there. If it scares you, it might be a good thing to try. The On Startup feature allows you to control what tabs appear when you launch Navicat. A comfort zone is a beautiful place, but nothing ever grows there. Navicat Data Modeler enables you to build high-quality conceptual, logical and physical data models for a wide variety of audiences. Such sessions are also susceptible to session hijacking, where a malicious user takes over your session once you have authenticated. Navicat Cloud provides a cloud service for synchronizing connections, queries, model files and virtual group information from Navicat, other Navicat family members, different machines and different platforms. The Synchronize to Database function will give you a full picture of all database differences. To clear or reload various internal caches, flush tables, or acquire locks, control-click your connection in the Navigation pane and select Flush and choose the flush option. You must have the reload privilege to use this feature. After comparing data, the window shows the number of records that will be inserted, updated or deleted in the target. Navicat Monitor can be installed on any local computer or virtual machine and does not require any software installation on the servers being monitored. Navicat provides a wide range advanced features, such as compelling code editing capabilities, smart code-completion, SQL formatting, and more. Flexible settings enable you to set up a custom key for comparison and synchronization. Optimism is the one quality more associated with success and happiness than any other. You cannot save people, you can just love them. Navicat Cloud provides a cloud service for synchronizing connections, queries, model files and virtual group information from Navicat, other Navicat family members, different machines and different platforms. If you wait, all that happens is you get older. Such sessions are also susceptible to session hijacking, where a malicious user takes over your session once you have authenticated. All the Navicat Cloud objects are located under different projects. You can share the project to other Navicat Cloud accounts for collaboration. With its well-designed Graphical User Interface(GUI), Navicat lets you quickly and easily create, organize, access and share information in a secure and easy way. It collects process metrics such as CPU load, RAM usage, and a variety of other resources over SSH/SNMP. To successfully establish a new connection to local/remote server - no matter via SSL or SSH, set the database login information in the General tab. How we spend our days is, of course, how we spend our lives. You cannot save people, you can just love them. Navicat authorizes you to make connection to remote servers running on different platforms (i.e. Windows, macOS, Linux and UNIX), and supports PAM and GSSAPI authentication. All journeys have secret destinations of which the traveler is unaware. Navicat Cloud could not connect and access your databases. By which it means, it could only store your connection settings, queries, model files, and virtual group; your database passwords and data (e.g. tables, views, etc) will not be stored to Navicat Cloud. All the Navicat Cloud objects are located under different projects. You can share the project to other Navicat Cloud accounts for collaboration. Flexible settings enable you to set up a custom key for comparison and synchronization.', 48, 829, '2002-05-10 22:41:29', '2004-11-15 05:56:10');
INSERT INTO `answers` VALUES (87, 5, 8, 'The Synchronize to Database function will give you a full picture of all database differences. Navicat authorizes you to make connection to remote servers running on different platforms (i.e. Windows, macOS, Linux and UNIX), and supports PAM and GSSAPI authentication. Optimism is the one quality more associated with success and happiness than any other. In other words, Navicat provides the ability for data in different databases and/or schemas to be kept up-to-date so that each repository contains the same information. Difficult circumstances serve as a textbook of life for people. Monitored servers include MySQL, MariaDB and SQL Server, and compatible with cloud databases like Amazon RDS, Amazon Aurora, Oracle Cloud, Google Cloud and Microsoft Azure. Navicat Cloud could not connect and access your databases. By which it means, it could only store your connection settings, queries, model files, and virtual group; your database passwords and data (e.g. tables, views, etc) will not be stored to Navicat Cloud.', 119, 621, '2006-05-28 16:35:26', '2007-06-16 09:33:48');
INSERT INTO `answers` VALUES (88, 5, 14, 'You can select any connections, objects or projects, and then select the corresponding buttons on the Information Pane. The Information Pane shows the detailed object information, project activities, the DDL of database objects, object dependencies, membership of users/roles and preview. After comparing data, the window shows the number of records that will be inserted, updated or deleted in the target. In the middle of winter I at last discovered that there was in me an invincible summer. Flexible settings enable you to set up a custom key for comparison and synchronization. Navicat Monitor can be installed on any local computer or virtual machine and does not require any software installation on the servers being monitored. To get a secure connection, the first thing you need to do is to install OpenSSL Library and download Database Source. I may not have gone where I intended to go, but I think I have ended up where I needed to be. It wasn’t raining when Noah built the ark. Always keep your eyes open. Keep watching. Because whatever you see can inspire you. Sometimes you win, sometimes you learn. Navicat Data Modeler is a powerful and cost-effective database design tool which helps you build high-quality conceptual, logical and physical data models. Navicat Data Modeler is a powerful and cost-effective database design tool which helps you build high-quality conceptual, logical and physical data models. The past has no power over the present moment. If you wait, all that happens is you get older. It provides strong authentication and secure encrypted communications between two hosts, known as SSH Port Forwarding (Tunneling), over an insecure network. Navicat allows you to transfer data from one database and/or schema to another with detailed analytical process. A comfort zone is a beautiful place, but nothing ever grows there. The first step is as good as half over. Flexible settings enable you to set up a custom key for comparison and synchronization. There is no way to happiness. Happiness is the way. There is no way to happiness. Happiness is the way. Navicat 15 has added support for the system-wide dark mode. I may not have gone where I intended to go, but I think I have ended up where I needed to be. Navicat provides powerful tools for working with queries: Query Editor for editing the query text directly, and Query Builder, Find Builder or Aggregate Builder for building queries visually. Navicat Data Modeler is a powerful and cost-effective database design tool which helps you build high-quality conceptual, logical and physical data models. A query is used to extract data from the database in a readable format according to the user\'s request. A man’s best friends are his ten fingers. To get a secure connection, the first thing you need to do is to install OpenSSL Library and download Database Source. A man’s best friends are his ten fingers. It is used while your ISPs do not allow direct connections, but allows establishing HTTP connections. Navicat Cloud could not connect and access your databases. By which it means, it could only store your connection settings, queries, model files, and virtual group; your database passwords and data (e.g. tables, views, etc) will not be stored to Navicat Cloud. To get a secure connection, the first thing you need to do is to install OpenSSL Library and download Database Source. To open a query using an external editor, control-click it and select Open with External Editor. You can set the file path of an external editor in Preferences. You cannot save people, you can just love them. Such sessions are also susceptible to session hijacking, where a malicious user takes over your session once you have authenticated. To successfully establish a new connection to local/remote server - no matter via SSL or SSH, set the database login information in the General tab. In the Objects tab, you can use the List List, Detail Detail and ER Diagram ER Diagram buttons to change the object view. A man is not old until regrets take the place of dreams. Navicat provides powerful tools for working with queries: Query Editor for editing the query text directly, and Query Builder, Find Builder or Aggregate Builder for building queries visually. Such sessions are also susceptible to session hijacking, where a malicious user takes over your session once you have authenticated. How we spend our days is, of course, how we spend our lives. I may not have gone where I intended to go, but I think I have ended up where I needed to be. The On Startup feature allows you to control what tabs appear when you launch Navicat. Navicat 15 has added support for the system-wide dark mode. The reason why a great man is great is that he resolves to be a great man. Difficult circumstances serve as a textbook of life for people. Secure SHell (SSH) is a program to log in into another computer over a network, execute commands on a remote server, and move files from one machine to another. It provides strong authentication and secure encrypted communications between two hosts, known as SSH Port Forwarding (Tunneling), over an insecure network. Secure Sockets Layer(SSL) is a protocol for transmitting private documents via the Internet. Creativity is intelligence having fun.', 78, 137, '2005-07-21 17:49:39', '2005-04-19 14:45:05');
INSERT INTO `answers` VALUES (89, 3, 3, 'The Information Pane shows the detailed object information, project activities, the DDL of database objects, object dependencies, membership of users/roles and preview. A comfort zone is a beautiful place, but nothing ever grows there. Navicat is a multi-connections Database Administration tool allowing you to connect to MySQL, Oracle, PostgreSQL, SQLite, SQL Server, MariaDB and/or MongoDB databases, making database administration to multiple kinds of database so easy. Creativity is intelligence having fun. Creativity is intelligence having fun. The Main Window consists of several toolbars and panes for you to work on connections, database objects and advanced tools. In a Telnet session, all communications, including username and password, are transmitted in plain-text, allowing anyone to listen-in on your session and steal passwords and other information. Export Wizard allows you to export data from tables, collections, views, or query results to any available formats. Typically, it is employed as an encrypted version of Telnet. A comfort zone is a beautiful place, but nothing ever grows there. If it scares you, it might be a good thing to try. Instead of wondering when your next vacation is, maybe you should set up a life you don’t need to escape from. Navicat Data Modeler is a powerful and cost-effective database design tool which helps you build high-quality conceptual, logical and physical data models. Navicat Cloud provides a cloud service for synchronizing connections, queries, model files and virtual group information from Navicat, other Navicat family members, different machines and different platforms. It can also manage cloud databases such as Amazon Redshift, Amazon RDS, Alibaba Cloud. Features in Navicat are sophisticated enough to provide professional developers for all their specific needs, yet easy to learn for users who are new to database server. I will greet this day with love in my heart. You cannot save people, you can just love them. SSH serves to prevent such vulnerabilities and allows you to access a remote server\'s shell without compromising security. It collects process metrics such as CPU load, RAM usage, and a variety of other resources over SSH/SNMP. Creativity is intelligence having fun. You cannot save people, you can just love them. Navicat 15 has added support for the system-wide dark mode. The repository database can be an existing MySQL, MariaDB, PostgreSQL, SQL Server, or Amazon RDS instance. To successfully establish a new connection to local/remote server - no matter via SSL or SSH, set the database login information in the General tab. After logged in the Navicat Cloud feature, the Navigation pane will be divided into Navicat Cloud and My Connections sections. Navicat Monitor is a safe, simple and agentless remote server monitoring tool that is packed with powerful features to make your monitoring effective as possible. Import Wizard allows you to import data to tables/collections from CSV, TXT, XML, DBF and more. To successfully establish a new connection to local/remote server - no matter via SSL, SSH or HTTP, set the database login information in the General tab. A man’s best friends are his ten fingers. Genius is an infinite capacity for taking pains. You must be the change you wish to see in the world. In the middle of winter I at last discovered that there was in me an invincible summer. HTTP Tunneling is a method for connecting to a server that uses the same protocol (http://) and the same port (port 80) as a web server does. After comparing data, the window shows the number of records that will be inserted, updated or deleted in the target. All journeys have secret destinations of which the traveler is unaware. To start working with your server in Navicat, you should first establish a connection or several connections using the Connection window. Remember that failure is an event, not a person. In the Objects tab, you can use the List List, Detail Detail and ER Diagram ER Diagram buttons to change the object view. The Main Window consists of several toolbars and panes for you to work on connections, database objects and advanced tools. If your Internet Service Provider (ISP) does not provide direct access to its server, Secure Tunneling Protocol (SSH) / HTTP is another solution. If your Internet Service Provider (ISP) does not provide direct access to its server, Secure Tunneling Protocol (SSH) / HTTP is another solution. Export Wizard allows you to export data from tables, collections, views, or query results to any available formats. I may not have gone where I intended to go, but I think I have ended up where I needed to be. Navicat Monitor can be installed on any local computer or virtual machine and does not require any software installation on the servers being monitored. Navicat Cloud could not connect and access your databases. By which it means, it could only store your connection settings, queries, model files, and virtual group; your database passwords and data (e.g. tables, views, etc) will not be stored to Navicat Cloud. The Synchronize to Database function will give you a full picture of all database differences. In the middle of winter I at last discovered that there was in me an invincible summer. The repository database can be an existing MySQL, MariaDB, PostgreSQL, SQL Server, or Amazon RDS instance. You must be the change you wish to see in the world. The first step is as good as half over. Champions keep playing until they get it right. Export Wizard allows you to export data from tables, collections, views, or query results to any available formats. Actually it is just in an idea when feel oneself can achieve and cannot achieve. I destroy my enemies when I make them my friends. If the Show objects under schema in navigation pane option is checked at the Preferences window, all database objects are also displayed in the pane. Optimism is the one quality more associated with success and happiness than any other. The first step is as good as half over. Navicat Cloud could not connect and access your databases. By which it means, it could only store your connection settings, queries, model files, and virtual group; your database passwords and data (e.g. tables, views, etc) will not be stored to Navicat Cloud. Navicat provides powerful tools for working with queries: Query Editor for editing the query text directly, and Query Builder, Find Builder or Aggregate Builder for building queries visually. Import Wizard allows you to import data to tables/collections from CSV, TXT, XML, DBF and more. Monitored servers include MySQL, MariaDB and SQL Server, and compatible with cloud databases like Amazon RDS, Amazon Aurora, Oracle Cloud, Google Cloud and Microsoft Azure. After logged in the Navicat Cloud feature, the Navigation pane will be divided into Navicat Cloud and My Connections sections. You can select any connections, objects or projects, and then select the corresponding buttons on the Information Pane. The repository database can be an existing MySQL, MariaDB, PostgreSQL, SQL Server, or Amazon RDS instance. I may not have gone where I intended to go, but I think I have ended up where I needed to be. To open a query using an external editor, control-click it and select Open with External Editor. You can set the file path of an external editor in Preferences. The past has no power over the present moment. Navicat Monitor is a safe, simple and agentless remote server monitoring tool that is packed with powerful features to make your monitoring effective as possible. It wasn’t raining when Noah built the ark. Anyone who has ever made anything of importance was disciplined. Instead of wondering when your next vacation is, maybe you should set up a life you don’t need to escape from. Typically, it is employed as an encrypted version of Telnet. Flexible settings enable you to set up a custom key for comparison and synchronization. I may not have gone where I intended to go, but I think I have ended up where I needed to be. Optimism is the one quality more associated with success and happiness than any other. I will greet this day with love in my heart. All journeys have secret destinations of which the traveler is unaware. The repository database can be an existing MySQL, MariaDB, PostgreSQL, SQL Server, or Amazon RDS instance. To connect to a database or schema, simply double-click it in the pane. It wasn’t raining when Noah built the ark. A man is not old until regrets take the place of dreams. A query is used to extract data from the database in a readable format according to the user\'s request. A comfort zone is a beautiful place, but nothing ever grows there. Difficult circumstances serve as a textbook of life for people. Success consists of going from failure to failure without loss of enthusiasm. Always keep your eyes open. Keep watching. Because whatever you see can inspire you. Difficult circumstances serve as a textbook of life for people. In other words, Navicat provides the ability for data in different databases and/or schemas to be kept up-to-date so that each repository contains the same information.', 15, 25, '2024-10-11 21:10:57', '2005-09-05 19:56:24');
INSERT INTO `answers` VALUES (90, 2, 5, 'After comparing data, the window shows the number of records that will be inserted, updated or deleted in the target. After logged in the Navicat Cloud feature, the Navigation pane will be divided into Navicat Cloud and My Connections sections. Navicat 15 has added support for the system-wide dark mode. Champions keep playing until they get it right. A man’s best friends are his ten fingers. SQL Editor allows you to create and edit SQL text, prepare and execute selected queries. Navicat allows you to transfer data from one database and/or schema to another with detailed analytical process. If the Show objects under schema in navigation pane option is checked at the Preferences window, all database objects are also displayed in the pane. Navicat allows you to transfer data from one database and/or schema to another with detailed analytical process. Remember that failure is an event, not a person. A query is used to extract data from the database in a readable format according to the user\'s request. To get a secure connection, the first thing you need to do is to install OpenSSL Library and download Database Source. The Synchronize to Database function will give you a full picture of all database differences. Champions keep playing until they get it right. With its well-designed Graphical User Interface(GUI), Navicat lets you quickly and easily create, organize, access and share information in a secure and easy way. Navicat provides a wide range advanced features, such as compelling code editing capabilities, smart code-completion, SQL formatting, and more. With its well-designed Graphical User Interface(GUI), Navicat lets you quickly and easily create, organize, access and share information in a secure and easy way. After comparing data, the window shows the number of records that will be inserted, updated or deleted in the target. Actually it is just in an idea when feel oneself can achieve and cannot achieve. A man’s best friends are his ten fingers. In the Objects tab, you can use the List List, Detail Detail and ER Diagram ER Diagram buttons to change the object view. Navicat allows you to transfer data from one database and/or schema to another with detailed analytical process. If opportunity doesn’t knock, build a door. It can also manage cloud databases such as Amazon Redshift, Amazon RDS, Alibaba Cloud. Features in Navicat are sophisticated enough to provide professional developers for all their specific needs, yet easy to learn for users who are new to database server. Navicat Cloud provides a cloud service for synchronizing connections, queries, model files and virtual group information from Navicat, other Navicat family members, different machines and different platforms. It collects process metrics such as CPU load, RAM usage, and a variety of other resources over SSH/SNMP. To start working with your server in Navicat, you should first establish a connection or several connections using the Connection window. If your Internet Service Provider (ISP) does not provide direct access to its server, Secure Tunneling Protocol (SSH) / HTTP is another solution. You will succeed because most people are lazy. If you wait, all that happens is you get older. If your Internet Service Provider (ISP) does not provide direct access to its server, Secure Tunneling Protocol (SSH) / HTTP is another solution. You cannot save people, you can just love them. In other words, Navicat provides the ability for data in different databases and/or schemas to be kept up-to-date so that each repository contains the same information. Sometimes you win, sometimes you learn. You must be the change you wish to see in the world. A comfort zone is a beautiful place, but nothing ever grows there. To open a query using an external editor, control-click it and select Open with External Editor. You can set the file path of an external editor in Preferences. Secure Sockets Layer(SSL) is a protocol for transmitting private documents via the Internet. Navicat provides a wide range advanced features, such as compelling code editing capabilities, smart code-completion, SQL formatting, and more. If the plan doesn’t work, change the plan, but never the goal. Navicat Cloud provides a cloud service for synchronizing connections, queries, model files and virtual group information from Navicat, other Navicat family members, different machines and different platforms. Success consists of going from failure to failure without loss of enthusiasm. How we spend our days is, of course, how we spend our lives. It wasn’t raining when Noah built the ark. Genius is an infinite capacity for taking pains. The past has no power over the present moment. Always keep your eyes open. Keep watching. Because whatever you see can inspire you. Navicat provides a wide range advanced features, such as compelling code editing capabilities, smart code-completion, SQL formatting, and more. I may not have gone where I intended to go, but I think I have ended up where I needed to be. I may not have gone where I intended to go, but I think I have ended up where I needed to be. If the Show objects under schema in navigation pane option is checked at the Preferences window, all database objects are also displayed in the pane. If it scares you, it might be a good thing to try. Optimism is the one quality more associated with success and happiness than any other. A man’s best friends are his ten fingers. If it scares you, it might be a good thing to try. If your Internet Service Provider (ISP) does not provide direct access to its server, Secure Tunneling Protocol (SSH) / HTTP is another solution. There is no way to happiness. Happiness is the way.', 112, 660, '2026-02-03 11:08:51', '2005-02-25 17:44:22');
INSERT INTO `answers` VALUES (91, 3, 18, 'Navicat provides powerful tools for working with queries: Query Editor for editing the query text directly, and Query Builder, Find Builder or Aggregate Builder for building queries visually. It collects process metrics such as CPU load, RAM usage, and a variety of other resources over SSH/SNMP. To get a secure connection, the first thing you need to do is to install OpenSSL Library and download Database Source. Flexible settings enable you to set up a custom key for comparison and synchronization. Export Wizard allows you to export data from tables, collections, views, or query results to any available formats. You will succeed because most people are lazy. The Navigation pane employs tree structure which allows you to take action upon the database and their objects through their pop-up menus quickly and easily. Navicat Monitor can be installed on any local computer or virtual machine and does not require any software installation on the servers being monitored. After comparing data, the window shows the number of records that will be inserted, updated or deleted in the target. Remember that failure is an event, not a person. Instead of wondering when your next vacation is, maybe you should set up a life you don’t need to escape from. The reason why a great man is great is that he resolves to be a great man. The Main Window consists of several toolbars and panes for you to work on connections, database objects and advanced tools. Always keep your eyes open. Keep watching. Because whatever you see can inspire you. Navicat Monitor is a safe, simple and agentless remote server monitoring tool that is packed with powerful features to make your monitoring effective as possible. Navicat is a multi-connections Database Administration tool allowing you to connect to MySQL, Oracle, PostgreSQL, SQLite, SQL Server, MariaDB and/or MongoDB databases, making database administration to multiple kinds of database so easy. If your Internet Service Provider (ISP) does not provide direct access to its server, Secure Tunneling Protocol (SSH) / HTTP is another solution. There is no way to happiness. Happiness is the way. You cannot save people, you can just love them. A man is not old until regrets take the place of dreams. In a Telnet session, all communications, including username and password, are transmitted in plain-text, allowing anyone to listen-in on your session and steal passwords and other information. A query is used to extract data from the database in a readable format according to the user\'s request. Secure SHell (SSH) is a program to log in into another computer over a network, execute commands on a remote server, and move files from one machine to another. Navicat allows you to transfer data from one database and/or schema to another with detailed analytical process. All the Navicat Cloud objects are located under different projects. You can share the project to other Navicat Cloud accounts for collaboration. Sometimes you win, sometimes you learn. Navicat Data Modeler is a powerful and cost-effective database design tool which helps you build high-quality conceptual, logical and physical data models. Export Wizard allows you to export data from tables, collections, views, or query results to any available formats. Navicat Cloud provides a cloud service for synchronizing connections, queries, model files and virtual group information from Navicat, other Navicat family members, different machines and different platforms. Typically, it is employed as an encrypted version of Telnet. SQL Editor allows you to create and edit SQL text, prepare and execute selected queries. To successfully establish a new connection to local/remote server - no matter via SSL or SSH, set the database login information in the General tab. Sometimes you win, sometimes you learn. SSH serves to prevent such vulnerabilities and allows you to access a remote server\'s shell without compromising security. I may not have gone where I intended to go, but I think I have ended up where I needed to be. Actually it is just in an idea when feel oneself can achieve and cannot achieve. To open a query using an external editor, control-click it and select Open with External Editor. You can set the file path of an external editor in Preferences. A man is not old until regrets take the place of dreams. If the plan doesn’t work, change the plan, but never the goal. All journeys have secret destinations of which the traveler is unaware. Creativity is intelligence having fun. Secure SHell (SSH) is a program to log in into another computer over a network, execute commands on a remote server, and move files from one machine to another. Navicat 15 has added support for the system-wide dark mode. A man’s best friends are his ten fingers. Sometimes you win, sometimes you learn. How we spend our days is, of course, how we spend our lives. To clear or reload various internal caches, flush tables, or acquire locks, control-click your connection in the Navigation pane and select Flush and choose the flush option. You must have the reload privilege to use this feature. Instead of wondering when your next vacation is, maybe you should set up a life you don’t need to escape from. A man is not old until regrets take the place of dreams. What you get by achieving your goals is not as important as what you become by achieving your goals.', 12, 350, '2021-08-26 11:50:11', '2003-02-22 16:43:20');
INSERT INTO `answers` VALUES (92, 3, 9, 'Navicat Data Modeler is a powerful and cost-effective database design tool which helps you build high-quality conceptual, logical and physical data models. It collects process metrics such as CPU load, RAM usage, and a variety of other resources over SSH/SNMP. You can select any connections, objects or projects, and then select the corresponding buttons on the Information Pane. In other words, Navicat provides the ability for data in different databases and/or schemas to be kept up-to-date so that each repository contains the same information. All journeys have secret destinations of which the traveler is unaware. The On Startup feature allows you to control what tabs appear when you launch Navicat. Creativity is intelligence having fun. In a Telnet session, all communications, including username and password, are transmitted in plain-text, allowing anyone to listen-in on your session and steal passwords and other information. A comfort zone is a beautiful place, but nothing ever grows there. Difficult circumstances serve as a textbook of life for people. A man is not old until regrets take the place of dreams. Navicat Monitor can be installed on any local computer or virtual machine and does not require any software installation on the servers being monitored. In the middle of winter I at last discovered that there was in me an invincible summer. A query is used to extract data from the database in a readable format according to the user\'s request. In a Telnet session, all communications, including username and password, are transmitted in plain-text, allowing anyone to listen-in on your session and steal passwords and other information. All the Navicat Cloud objects are located under different projects. You can share the project to other Navicat Cloud accounts for collaboration. In a Telnet session, all communications, including username and password, are transmitted in plain-text, allowing anyone to listen-in on your session and steal passwords and other information. The Navigation pane employs tree structure which allows you to take action upon the database and their objects through their pop-up menus quickly and easily. It provides strong authentication and secure encrypted communications between two hosts, known as SSH Port Forwarding (Tunneling), over an insecure network. A man is not old until regrets take the place of dreams. Navicat Data Modeler enables you to build high-quality conceptual, logical and physical data models for a wide variety of audiences. After comparing data, the window shows the number of records that will be inserted, updated or deleted in the target. If your Internet Service Provider (ISP) does not provide direct access to its server, Secure Tunneling Protocol (SSH) / HTTP is another solution. Such sessions are also susceptible to session hijacking, where a malicious user takes over your session once you have authenticated. It collects process metrics such as CPU load, RAM usage, and a variety of other resources over SSH/SNMP. HTTP Tunneling is a method for connecting to a server that uses the same protocol (http://) and the same port (port 80) as a web server does. To connect to a database or schema, simply double-click it in the pane. How we spend our days is, of course, how we spend our lives. It collects process metrics such as CPU load, RAM usage, and a variety of other resources over SSH/SNMP. You can select any connections, objects or projects, and then select the corresponding buttons on the Information Pane. I may not have gone where I intended to go, but I think I have ended up where I needed to be. Navicat Monitor requires a repository to store alerts and metrics for historical analysis. Import Wizard allows you to import data to tables/collections from CSV, TXT, XML, DBF and more. Flexible settings enable you to set up a custom key for comparison and synchronization. Remember that failure is an event, not a person. Import Wizard allows you to import data to tables/collections from CSV, TXT, XML, DBF and more.', 101, 279, '2008-10-11 07:26:58', '2023-08-31 00:14:27');
INSERT INTO `answers` VALUES (93, 5, 3, 'SSH serves to prevent such vulnerabilities and allows you to access a remote server\'s shell without compromising security. Navicat 15 has added support for the system-wide dark mode. Sometimes you win, sometimes you learn. To connect to a database or schema, simply double-click it in the pane. It is used while your ISPs do not allow direct connections, but allows establishing HTTP connections. Import Wizard allows you to import data to tables/collections from CSV, TXT, XML, DBF and more. If it scares you, it might be a good thing to try. To connect to a database or schema, simply double-click it in the pane. Typically, it is employed as an encrypted version of Telnet. To get a secure connection, the first thing you need to do is to install OpenSSL Library and download Database Source. If you wait, all that happens is you get older. Navicat Monitor is a safe, simple and agentless remote server monitoring tool that is packed with powerful features to make your monitoring effective as possible. If the Show objects under schema in navigation pane option is checked at the Preferences window, all database objects are also displayed in the pane. Optimism is the one quality more associated with success and happiness than any other. Navicat authorizes you to make connection to remote servers running on different platforms (i.e. Windows, macOS, Linux and UNIX), and supports PAM and GSSAPI authentication. Success consists of going from failure to failure without loss of enthusiasm. A man is not old until regrets take the place of dreams. To start working with your server in Navicat, you should first establish a connection or several connections using the Connection window. SSH serves to prevent such vulnerabilities and allows you to access a remote server\'s shell without compromising security. Navicat Monitor is a safe, simple and agentless remote server monitoring tool that is packed with powerful features to make your monitoring effective as possible. How we spend our days is, of course, how we spend our lives. Navicat 15 has added support for the system-wide dark mode. To successfully establish a new connection to local/remote server - no matter via SSL, SSH or HTTP, set the database login information in the General tab. Optimism is the one quality more associated with success and happiness than any other. Such sessions are also susceptible to session hijacking, where a malicious user takes over your session once you have authenticated. Export Wizard allows you to export data from tables, collections, views, or query results to any available formats. You will succeed because most people are lazy. The Navigation pane employs tree structure which allows you to take action upon the database and their objects through their pop-up menus quickly and easily. You will succeed because most people are lazy. Navicat 15 has added support for the system-wide dark mode. To start working with your server in Navicat, you should first establish a connection or several connections using the Connection window. Export Wizard allows you to export data from tables, collections, views, or query results to any available formats. Creativity is intelligence having fun. Navicat Monitor requires a repository to store alerts and metrics for historical analysis. A query is used to extract data from the database in a readable format according to the user\'s request. To successfully establish a new connection to local/remote server - no matter via SSL or SSH, set the database login information in the General tab. Remember that failure is an event, not a person. If it scares you, it might be a good thing to try. Optimism is the one quality more associated with success and happiness than any other. Navicat Cloud provides a cloud service for synchronizing connections, queries, model files and virtual group information from Navicat, other Navicat family members, different machines and different platforms. To successfully establish a new connection to local/remote server - no matter via SSL or SSH, set the database login information in the General tab. You will succeed because most people are lazy. Flexible settings enable you to set up a custom key for comparison and synchronization. Always keep your eyes open. Keep watching. Because whatever you see can inspire you. Navicat Monitor is a safe, simple and agentless remote server monitoring tool that is packed with powerful features to make your monitoring effective as possible. Navicat allows you to transfer data from one database and/or schema to another with detailed analytical process. Creativity is intelligence having fun. I will greet this day with love in my heart. To start working with your server in Navicat, you should first establish a connection or several connections using the Connection window. In a Telnet session, all communications, including username and password, are transmitted in plain-text, allowing anyone to listen-in on your session and steal passwords and other information. It provides strong authentication and secure encrypted communications between two hosts, known as SSH Port Forwarding (Tunneling), over an insecure network. Navicat Monitor can be installed on any local computer or virtual machine and does not require any software installation on the servers being monitored. It can also manage cloud databases such as Amazon Redshift, Amazon RDS, Alibaba Cloud. Features in Navicat are sophisticated enough to provide professional developers for all their specific needs, yet easy to learn for users who are new to database server. There is no way to happiness. Happiness is the way. HTTP Tunneling is a method for connecting to a server that uses the same protocol (http://) and the same port (port 80) as a web server does. It wasn’t raining when Noah built the ark. To connect to a database or schema, simply double-click it in the pane. Instead of wondering when your next vacation is, maybe you should set up a life you don’t need to escape from. To open a query using an external editor, control-click it and select Open with External Editor. You can set the file path of an external editor in Preferences. Navicat Monitor can be installed on any local computer or virtual machine and does not require any software installation on the servers being monitored. If it scares you, it might be a good thing to try. Navicat provides powerful tools for working with queries: Query Editor for editing the query text directly, and Query Builder, Find Builder or Aggregate Builder for building queries visually. Champions keep playing until they get it right. To successfully establish a new connection to local/remote server - no matter via SSL or SSH, set the database login information in the General tab. SSH serves to prevent such vulnerabilities and allows you to access a remote server\'s shell without compromising security. Navicat provides a wide range advanced features, such as compelling code editing capabilities, smart code-completion, SQL formatting, and more. A man is not old until regrets take the place of dreams. The Information Pane shows the detailed object information, project activities, the DDL of database objects, object dependencies, membership of users/roles and preview. After comparing data, the window shows the number of records that will be inserted, updated or deleted in the target. To connect to a database or schema, simply double-click it in the pane. The repository database can be an existing MySQL, MariaDB, PostgreSQL, SQL Server, or Amazon RDS instance. There is no way to happiness. Happiness is the way. If the plan doesn’t work, change the plan, but never the goal. SQL Editor allows you to create and edit SQL text, prepare and execute selected queries. Navicat 15 has added support for the system-wide dark mode. After comparing data, the window shows the number of records that will be inserted, updated or deleted in the target. The Navigation pane employs tree structure which allows you to take action upon the database and their objects through their pop-up menus quickly and easily. To open a query using an external editor, control-click it and select Open with External Editor. You can set the file path of an external editor in Preferences. To successfully establish a new connection to local/remote server - no matter via SSL, SSH or HTTP, set the database login information in the General tab. To connect to a database or schema, simply double-click it in the pane. Navicat Data Modeler is a powerful and cost-effective database design tool which helps you build high-quality conceptual, logical and physical data models. In the Objects tab, you can use the List List, Detail Detail and ER Diagram ER Diagram buttons to change the object view. Import Wizard allows you to import data to tables/collections from CSV, TXT, XML, DBF and more. A query is used to extract data from the database in a readable format according to the user\'s request. Remember that failure is an event, not a person. Optimism is the one quality more associated with success and happiness than any other. After comparing data, the window shows the number of records that will be inserted, updated or deleted in the target. SSH serves to prevent such vulnerabilities and allows you to access a remote server\'s shell without compromising security. If your Internet Service Provider (ISP) does not provide direct access to its server, Secure Tunneling Protocol (SSH) / HTTP is another solution. It provides strong authentication and secure encrypted communications between two hosts, known as SSH Port Forwarding (Tunneling), over an insecure network. A man is not old until regrets take the place of dreams. The Synchronize to Database function will give you a full picture of all database differences. Actually it is just in an idea when feel oneself can achieve and cannot achieve.', 108, 945, '2018-11-18 14:26:25', '2000-08-13 09:48:38');
INSERT INTO `answers` VALUES (94, 4, 11, 'In the Objects tab, you can use the List List, Detail Detail and ER Diagram ER Diagram buttons to change the object view. The Navigation pane employs tree structure which allows you to take action upon the database and their objects through their pop-up menus quickly and easily. What you get by achieving your goals is not as important as what you become by achieving your goals. The past has no power over the present moment. Navicat provides a wide range advanced features, such as compelling code editing capabilities, smart code-completion, SQL formatting, and more. After logged in the Navicat Cloud feature, the Navigation pane will be divided into Navicat Cloud and My Connections sections. To connect to a database or schema, simply double-click it in the pane. The repository database can be an existing MySQL, MariaDB, PostgreSQL, SQL Server, or Amazon RDS instance. All journeys have secret destinations of which the traveler is unaware. Monitored servers include MySQL, MariaDB and SQL Server, and compatible with cloud databases like Amazon RDS, Amazon Aurora, Oracle Cloud, Google Cloud and Microsoft Azure. You can select any connections, objects or projects, and then select the corresponding buttons on the Information Pane. Champions keep playing until they get it right. In the middle of winter I at last discovered that there was in me an invincible summer. A man’s best friends are his ten fingers. Secure SHell (SSH) is a program to log in into another computer over a network, execute commands on a remote server, and move files from one machine to another. A comfort zone is a beautiful place, but nothing ever grows there. After comparing data, the window shows the number of records that will be inserted, updated or deleted in the target. It provides strong authentication and secure encrypted communications between two hosts, known as SSH Port Forwarding (Tunneling), over an insecure network. Navicat Monitor requires a repository to store alerts and metrics for historical analysis. To connect to a database or schema, simply double-click it in the pane. Difficult circumstances serve as a textbook of life for people. I will greet this day with love in my heart. A man is not old until regrets take the place of dreams. To clear or reload various internal caches, flush tables, or acquire locks, control-click your connection in the Navigation pane and select Flush and choose the flush option. You must have the reload privilege to use this feature. Navicat Monitor is a safe, simple and agentless remote server monitoring tool that is packed with powerful features to make your monitoring effective as possible. To connect to a database or schema, simply double-click it in the pane. Instead of wondering when your next vacation is, maybe you should set up a life you don’t need to escape from. How we spend our days is, of course, how we spend our lives. Always keep your eyes open. Keep watching. Because whatever you see can inspire you. Flexible settings enable you to set up a custom key for comparison and synchronization. How we spend our days is, of course, how we spend our lives. If the plan doesn’t work, change the plan, but never the goal. Creativity is intelligence having fun. If the plan doesn’t work, change the plan, but never the goal. SSH serves to prevent such vulnerabilities and allows you to access a remote server\'s shell without compromising security. Anyone who has ever made anything of importance was disciplined. It can also manage cloud databases such as Amazon Redshift, Amazon RDS, Alibaba Cloud. Features in Navicat are sophisticated enough to provide professional developers for all their specific needs, yet easy to learn for users who are new to database server. To connect to a database or schema, simply double-click it in the pane. The Information Pane shows the detailed object information, project activities, the DDL of database objects, object dependencies, membership of users/roles and preview. To connect to a database or schema, simply double-click it in the pane. I destroy my enemies when I make them my friends. Creativity is intelligence having fun. Always keep your eyes open. Keep watching. Because whatever you see can inspire you. The past has no power over the present moment. Navicat Cloud could not connect and access your databases. By which it means, it could only store your connection settings, queries, model files, and virtual group; your database passwords and data (e.g. tables, views, etc) will not be stored to Navicat Cloud. The Main Window consists of several toolbars and panes for you to work on connections, database objects and advanced tools. If you wait, all that happens is you get older. A man is not old until regrets take the place of dreams. The Navigation pane employs tree structure which allows you to take action upon the database and their objects through their pop-up menus quickly and easily. Navicat Data Modeler is a powerful and cost-effective database design tool which helps you build high-quality conceptual, logical and physical data models. To open a query using an external editor, control-click it and select Open with External Editor. You can set the file path of an external editor in Preferences. You must be the change you wish to see in the world. Champions keep playing until they get it right. Navicat provides a wide range advanced features, such as compelling code editing capabilities, smart code-completion, SQL formatting, and more. The Information Pane shows the detailed object information, project activities, the DDL of database objects, object dependencies, membership of users/roles and preview. Flexible settings enable you to set up a custom key for comparison and synchronization. SQL Editor allows you to create and edit SQL text, prepare and execute selected queries. If you wait, all that happens is you get older. Navicat allows you to transfer data from one database and/or schema to another with detailed analytical process. I will greet this day with love in my heart. Monitored servers include MySQL, MariaDB and SQL Server, and compatible with cloud databases like Amazon RDS, Amazon Aurora, Oracle Cloud, Google Cloud and Microsoft Azure. It is used while your ISPs do not allow direct connections, but allows establishing HTTP connections. A comfort zone is a beautiful place, but nothing ever grows there. Always keep your eyes open. Keep watching. Because whatever you see can inspire you. You must be the change you wish to see in the world. HTTP Tunneling is a method for connecting to a server that uses the same protocol (http://) and the same port (port 80) as a web server does. To successfully establish a new connection to local/remote server - no matter via SSL or SSH, set the database login information in the General tab. How we spend our days is, of course, how we spend our lives. Secure SHell (SSH) is a program to log in into another computer over a network, execute commands on a remote server, and move files from one machine to another. The Synchronize to Database function will give you a full picture of all database differences. A query is used to extract data from the database in a readable format according to the user\'s request. Navicat provides a wide range advanced features, such as compelling code editing capabilities, smart code-completion, SQL formatting, and more. The repository database can be an existing MySQL, MariaDB, PostgreSQL, SQL Server, or Amazon RDS instance. To start working with your server in Navicat, you should first establish a connection or several connections using the Connection window.', 100, 753, '2010-12-09 10:36:28', '2001-09-30 21:45:22');
INSERT INTO `answers` VALUES (95, 2, 5, 'Anyone who has never made a mistake has never tried anything new. With its well-designed Graphical User Interface(GUI), Navicat lets you quickly and easily create, organize, access and share information in a secure and easy way. Typically, it is employed as an encrypted version of Telnet. Navicat Cloud provides a cloud service for synchronizing connections, queries, model files and virtual group information from Navicat, other Navicat family members, different machines and different platforms. If it scares you, it might be a good thing to try. The Information Pane shows the detailed object information, project activities, the DDL of database objects, object dependencies, membership of users/roles and preview. There is no way to happiness. Happiness is the way. To open a query using an external editor, control-click it and select Open with External Editor. You can set the file path of an external editor in Preferences. If you wait, all that happens is you get older. The repository database can be an existing MySQL, MariaDB, PostgreSQL, SQL Server, or Amazon RDS instance. It wasn’t raining when Noah built the ark. The repository database can be an existing MySQL, MariaDB, PostgreSQL, SQL Server, or Amazon RDS instance. A man’s best friends are his ten fingers. Secure Sockets Layer(SSL) is a protocol for transmitting private documents via the Internet. Navicat Cloud could not connect and access your databases. By which it means, it could only store your connection settings, queries, model files, and virtual group; your database passwords and data (e.g. tables, views, etc) will not be stored to Navicat Cloud.', 117, 571, '2024-05-01 17:32:31', '2016-01-16 23:13:57');
INSERT INTO `answers` VALUES (96, 2, 14, 'If your Internet Service Provider (ISP) does not provide direct access to its server, Secure Tunneling Protocol (SSH) / HTTP is another solution. You cannot save people, you can just love them. It collects process metrics such as CPU load, RAM usage, and a variety of other resources over SSH/SNMP. After comparing data, the window shows the number of records that will be inserted, updated or deleted in the target. The Navigation pane employs tree structure which allows you to take action upon the database and their objects through their pop-up menus quickly and easily. A query is used to extract data from the database in a readable format according to the user\'s request. You can select any connections, objects or projects, and then select the corresponding buttons on the Information Pane. A man is not old until regrets take the place of dreams. I may not have gone where I intended to go, but I think I have ended up where I needed to be. In the Objects tab, you can use the List List, Detail Detail and ER Diagram ER Diagram buttons to change the object view. I will greet this day with love in my heart. Success consists of going from failure to failure without loss of enthusiasm. Creativity is intelligence having fun. The reason why a great man is great is that he resolves to be a great man. Navicat Cloud could not connect and access your databases. By which it means, it could only store your connection settings, queries, model files, and virtual group; your database passwords and data (e.g. tables, views, etc) will not be stored to Navicat Cloud. Navicat Monitor requires a repository to store alerts and metrics for historical analysis. After comparing data, the window shows the number of records that will be inserted, updated or deleted in the target. Sometimes you win, sometimes you learn. If opportunity doesn’t knock, build a door. In other words, Navicat provides the ability for data in different databases and/or schemas to be kept up-to-date so that each repository contains the same information. You must be the change you wish to see in the world. Navicat Monitor can be installed on any local computer or virtual machine and does not require any software installation on the servers being monitored. Instead of wondering when your next vacation is, maybe you should set up a life you don’t need to escape from. A man is not old until regrets take the place of dreams. Typically, it is employed as an encrypted version of Telnet. To successfully establish a new connection to local/remote server - no matter via SSL or SSH, set the database login information in the General tab. Always keep your eyes open. Keep watching. Because whatever you see can inspire you. To get a secure connection, the first thing you need to do is to install OpenSSL Library and download Database Source. The On Startup feature allows you to control what tabs appear when you launch Navicat.', 113, 171, '2002-11-05 21:41:33', '2024-05-02 09:59:35');
INSERT INTO `answers` VALUES (97, 1, 7, 'To successfully establish a new connection to local/remote server - no matter via SSL, SSH or HTTP, set the database login information in the General tab. If you wait, all that happens is you get older. It wasn’t raining when Noah built the ark. The first step is as good as half over. What you get by achieving your goals is not as important as what you become by achieving your goals. HTTP Tunneling is a method for connecting to a server that uses the same protocol (http://) and the same port (port 80) as a web server does. SSH serves to prevent such vulnerabilities and allows you to access a remote server\'s shell without compromising security. If your Internet Service Provider (ISP) does not provide direct access to its server, Secure Tunneling Protocol (SSH) / HTTP is another solution. To start working with your server in Navicat, you should first establish a connection or several connections using the Connection window. Import Wizard allows you to import data to tables/collections from CSV, TXT, XML, DBF and more. If opportunity doesn’t knock, build a door. SQL Editor allows you to create and edit SQL text, prepare and execute selected queries. All journeys have secret destinations of which the traveler is unaware. To get a secure connection, the first thing you need to do is to install OpenSSL Library and download Database Source. To connect to a database or schema, simply double-click it in the pane. The Synchronize to Database function will give you a full picture of all database differences. The reason why a great man is great is that he resolves to be a great man. You can select any connections, objects or projects, and then select the corresponding buttons on the Information Pane. Navicat is a multi-connections Database Administration tool allowing you to connect to MySQL, Oracle, PostgreSQL, SQLite, SQL Server, MariaDB and/or MongoDB databases, making database administration to multiple kinds of database so easy. If the plan doesn’t work, change the plan, but never the goal. In other words, Navicat provides the ability for data in different databases and/or schemas to be kept up-to-date so that each repository contains the same information. To start working with your server in Navicat, you should first establish a connection or several connections using the Connection window. Actually it is just in an idea when feel oneself can achieve and cannot achieve. Difficult circumstances serve as a textbook of life for people. You must be the change you wish to see in the world. A comfort zone is a beautiful place, but nothing ever grows there. The Navigation pane employs tree structure which allows you to take action upon the database and their objects through their pop-up menus quickly and easily. Navicat Data Modeler enables you to build high-quality conceptual, logical and physical data models for a wide variety of audiences. Champions keep playing until they get it right. Navicat allows you to transfer data from one database and/or schema to another with detailed analytical process. Navicat Data Modeler is a powerful and cost-effective database design tool which helps you build high-quality conceptual, logical and physical data models. To clear or reload various internal caches, flush tables, or acquire locks, control-click your connection in the Navigation pane and select Flush and choose the flush option. You must have the reload privilege to use this feature. It collects process metrics such as CPU load, RAM usage, and a variety of other resources over SSH/SNMP. The reason why a great man is great is that he resolves to be a great man. There is no way to happiness. Happiness is the way. If your Internet Service Provider (ISP) does not provide direct access to its server, Secure Tunneling Protocol (SSH) / HTTP is another solution. All the Navicat Cloud objects are located under different projects. You can share the project to other Navicat Cloud accounts for collaboration. SQL Editor allows you to create and edit SQL text, prepare and execute selected queries. The On Startup feature allows you to control what tabs appear when you launch Navicat. Anyone who has ever made anything of importance was disciplined. To successfully establish a new connection to local/remote server - no matter via SSL or SSH, set the database login information in the General tab. Navicat allows you to transfer data from one database and/or schema to another with detailed analytical process. To open a query using an external editor, control-click it and select Open with External Editor. You can set the file path of an external editor in Preferences. Sometimes you win, sometimes you learn. Import Wizard allows you to import data to tables/collections from CSV, TXT, XML, DBF and more. SQL Editor allows you to create and edit SQL text, prepare and execute selected queries. In the Objects tab, you can use the List List, Detail Detail and ER Diagram ER Diagram buttons to change the object view. I destroy my enemies when I make them my friends. The past has no power over the present moment. All the Navicat Cloud objects are located under different projects. You can share the project to other Navicat Cloud accounts for collaboration. The repository database can be an existing MySQL, MariaDB, PostgreSQL, SQL Server, or Amazon RDS instance. It provides strong authentication and secure encrypted communications between two hosts, known as SSH Port Forwarding (Tunneling), over an insecure network. The repository database can be an existing MySQL, MariaDB, PostgreSQL, SQL Server, or Amazon RDS instance. You must be the change you wish to see in the world. All journeys have secret destinations of which the traveler is unaware. To clear or reload various internal caches, flush tables, or acquire locks, control-click your connection in the Navigation pane and select Flush and choose the flush option. You must have the reload privilege to use this feature. To connect to a database or schema, simply double-click it in the pane. Secure Sockets Layer(SSL) is a protocol for transmitting private documents via the Internet. All journeys have secret destinations of which the traveler is unaware. Anyone who has ever made anything of importance was disciplined. Navicat 15 has added support for the system-wide dark mode. The first step is as good as half over. Navicat Monitor is a safe, simple and agentless remote server monitoring tool that is packed with powerful features to make your monitoring effective as possible. You can select any connections, objects or projects, and then select the corresponding buttons on the Information Pane. To open a query using an external editor, control-click it and select Open with External Editor. You can set the file path of an external editor in Preferences. It wasn’t raining when Noah built the ark. Navicat Cloud could not connect and access your databases. By which it means, it could only store your connection settings, queries, model files, and virtual group; your database passwords and data (e.g. tables, views, etc) will not be stored to Navicat Cloud. Typically, it is employed as an encrypted version of Telnet. Navicat provides powerful tools for working with queries: Query Editor for editing the query text directly, and Query Builder, Find Builder or Aggregate Builder for building queries visually. After logged in the Navicat Cloud feature, the Navigation pane will be divided into Navicat Cloud and My Connections sections. How we spend our days is, of course, how we spend our lives. In a Telnet session, all communications, including username and password, are transmitted in plain-text, allowing anyone to listen-in on your session and steal passwords and other information. Navicat Data Modeler is a powerful and cost-effective database design tool which helps you build high-quality conceptual, logical and physical data models. SQL Editor allows you to create and edit SQL text, prepare and execute selected queries. In the middle of winter I at last discovered that there was in me an invincible summer. The On Startup feature allows you to control what tabs appear when you launch Navicat. To successfully establish a new connection to local/remote server - no matter via SSL, SSH or HTTP, set the database login information in the General tab. Flexible settings enable you to set up a custom key for comparison and synchronization. Success consists of going from failure to failure without loss of enthusiasm. Secure Sockets Layer(SSL) is a protocol for transmitting private documents via the Internet. SQL Editor allows you to create and edit SQL text, prepare and execute selected queries. Import Wizard allows you to import data to tables/collections from CSV, TXT, XML, DBF and more. Navicat Data Modeler enables you to build high-quality conceptual, logical and physical data models for a wide variety of audiences. Export Wizard allows you to export data from tables, collections, views, or query results to any available formats. In the Objects tab, you can use the List List, Detail Detail and ER Diagram ER Diagram buttons to change the object view.', 107, 904, '2011-08-25 01:42:04', '2005-07-25 20:19:47');
INSERT INTO `answers` VALUES (98, 4, 11, 'There is no way to happiness. Happiness is the way. Navicat Cloud provides a cloud service for synchronizing connections, queries, model files and virtual group information from Navicat, other Navicat family members, different machines and different platforms. Monitored servers include MySQL, MariaDB and SQL Server, and compatible with cloud databases like Amazon RDS, Amazon Aurora, Oracle Cloud, Google Cloud and Microsoft Azure. Creativity is intelligence having fun. Navicat Monitor can be installed on any local computer or virtual machine and does not require any software installation on the servers being monitored. If your Internet Service Provider (ISP) does not provide direct access to its server, Secure Tunneling Protocol (SSH) / HTTP is another solution. The Information Pane shows the detailed object information, project activities, the DDL of database objects, object dependencies, membership of users/roles and preview. To start working with your server in Navicat, you should first establish a connection or several connections using the Connection window. Instead of wondering when your next vacation is, maybe you should set up a life you don’t need to escape from. A man is not old until regrets take the place of dreams. To get a secure connection, the first thing you need to do is to install OpenSSL Library and download Database Source. Navicat Cloud provides a cloud service for synchronizing connections, queries, model files and virtual group information from Navicat, other Navicat family members, different machines and different platforms. The Information Pane shows the detailed object information, project activities, the DDL of database objects, object dependencies, membership of users/roles and preview. With its well-designed Graphical User Interface(GUI), Navicat lets you quickly and easily create, organize, access and share information in a secure and easy way. Navicat Data Modeler is a powerful and cost-effective database design tool which helps you build high-quality conceptual, logical and physical data models. It is used while your ISPs do not allow direct connections, but allows establishing HTTP connections. A query is used to extract data from the database in a readable format according to the user\'s request. Always keep your eyes open. Keep watching. Because whatever you see can inspire you. If it scares you, it might be a good thing to try. Import Wizard allows you to import data to tables/collections from CSV, TXT, XML, DBF and more. In the middle of winter I at last discovered that there was in me an invincible summer. The first step is as good as half over. The Main Window consists of several toolbars and panes for you to work on connections, database objects and advanced tools. Anyone who has never made a mistake has never tried anything new. Navicat Monitor can be installed on any local computer or virtual machine and does not require any software installation on the servers being monitored. To get a secure connection, the first thing you need to do is to install OpenSSL Library and download Database Source. Navicat Monitor can be installed on any local computer or virtual machine and does not require any software installation on the servers being monitored. Navicat Cloud could not connect and access your databases. By which it means, it could only store your connection settings, queries, model files, and virtual group; your database passwords and data (e.g. tables, views, etc) will not be stored to Navicat Cloud. The Main Window consists of several toolbars and panes for you to work on connections, database objects and advanced tools. If the plan doesn’t work, change the plan, but never the goal. In the Objects tab, you can use the List List, Detail Detail and ER Diagram ER Diagram buttons to change the object view. Actually it is just in an idea when feel oneself can achieve and cannot achieve. To get a secure connection, the first thing you need to do is to install OpenSSL Library and download Database Source. To successfully establish a new connection to local/remote server - no matter via SSL or SSH, set the database login information in the General tab. A query is used to extract data from the database in a readable format according to the user\'s request. Secure SHell (SSH) is a program to log in into another computer over a network, execute commands on a remote server, and move files from one machine to another. You will succeed because most people are lazy. Navicat 15 has added support for the system-wide dark mode. I will greet this day with love in my heart. HTTP Tunneling is a method for connecting to a server that uses the same protocol (http://) and the same port (port 80) as a web server does. Navicat authorizes you to make connection to remote servers running on different platforms (i.e. Windows, macOS, Linux and UNIX), and supports PAM and GSSAPI authentication. The Information Pane shows the detailed object information, project activities, the DDL of database objects, object dependencies, membership of users/roles and preview. To clear or reload various internal caches, flush tables, or acquire locks, control-click your connection in the Navigation pane and select Flush and choose the flush option. You must have the reload privilege to use this feature. To successfully establish a new connection to local/remote server - no matter via SSL, SSH or HTTP, set the database login information in the General tab. A query is used to extract data from the database in a readable format according to the user\'s request. If the Show objects under schema in navigation pane option is checked at the Preferences window, all database objects are also displayed in the pane. Remember that failure is an event, not a person. A man’s best friends are his ten fingers. Import Wizard allows you to import data to tables/collections from CSV, TXT, XML, DBF and more. To successfully establish a new connection to local/remote server - no matter via SSL or SSH, set the database login information in the General tab. Secure SHell (SSH) is a program to log in into another computer over a network, execute commands on a remote server, and move files from one machine to another. Navicat Monitor can be installed on any local computer or virtual machine and does not require any software installation on the servers being monitored. Navicat 15 has added support for the system-wide dark mode. After comparing data, the window shows the number of records that will be inserted, updated or deleted in the target. A man’s best friends are his ten fingers. To connect to a database or schema, simply double-click it in the pane. In other words, Navicat provides the ability for data in different databases and/or schemas to be kept up-to-date so that each repository contains the same information. There is no way to happiness. Happiness is the way. It provides strong authentication and secure encrypted communications between two hosts, known as SSH Port Forwarding (Tunneling), over an insecure network. Navicat Data Modeler enables you to build high-quality conceptual, logical and physical data models for a wide variety of audiences. The Synchronize to Database function will give you a full picture of all database differences. To successfully establish a new connection to local/remote server - no matter via SSL or SSH, set the database login information in the General tab. Creativity is intelligence having fun. Navicat Data Modeler enables you to build high-quality conceptual, logical and physical data models for a wide variety of audiences. Instead of wondering when your next vacation is, maybe you should set up a life you don’t need to escape from. In other words, Navicat provides the ability for data in different databases and/or schemas to be kept up-to-date so that each repository contains the same information. The Information Pane shows the detailed object information, project activities, the DDL of database objects, object dependencies, membership of users/roles and preview. Remember that failure is an event, not a person. A man’s best friends are his ten fingers. You will succeed because most people are lazy. Actually it is just in an idea when feel oneself can achieve and cannot achieve. Actually it is just in an idea when feel oneself can achieve and cannot achieve. A comfort zone is a beautiful place, but nothing ever grows there. A query is used to extract data from the database in a readable format according to the user\'s request. I destroy my enemies when I make them my friends. If the plan doesn’t work, change the plan, but never the goal. How we spend our days is, of course, how we spend our lives. A comfort zone is a beautiful place, but nothing ever grows there. Champions keep playing until they get it right. If it scares you, it might be a good thing to try. Creativity is intelligence having fun. Navicat authorizes you to make connection to remote servers running on different platforms (i.e. Windows, macOS, Linux and UNIX), and supports PAM and GSSAPI authentication. Export Wizard allows you to export data from tables, collections, views, or query results to any available formats. SQL Editor allows you to create and edit SQL text, prepare and execute selected queries. You can select any connections, objects or projects, and then select the corresponding buttons on the Information Pane. All the Navicat Cloud objects are located under different projects. You can share the project to other Navicat Cloud accounts for collaboration. The past has no power over the present moment. If you wait, all that happens is you get older. If the plan doesn’t work, change the plan, but never the goal.', 63, 934, '2001-06-09 08:48:00', '2013-12-16 14:34:57');
INSERT INTO `answers` VALUES (99, 4, 10, 'A query is used to extract data from the database in a readable format according to the user\'s request. To get a secure connection, the first thing you need to do is to install OpenSSL Library and download Database Source. There is no way to happiness. Happiness is the way. Export Wizard allows you to export data from tables, collections, views, or query results to any available formats. To open a query using an external editor, control-click it and select Open with External Editor. You can set the file path of an external editor in Preferences. After logged in the Navicat Cloud feature, the Navigation pane will be divided into Navicat Cloud and My Connections sections. Navicat is a multi-connections Database Administration tool allowing you to connect to MySQL, Oracle, PostgreSQL, SQLite, SQL Server, MariaDB and/or MongoDB databases, making database administration to multiple kinds of database so easy. The Main Window consists of several toolbars and panes for you to work on connections, database objects and advanced tools. There is no way to happiness. Happiness is the way. Navicat 15 has added support for the system-wide dark mode. To successfully establish a new connection to local/remote server - no matter via SSL or SSH, set the database login information in the General tab. Navicat Data Modeler is a powerful and cost-effective database design tool which helps you build high-quality conceptual, logical and physical data models. The On Startup feature allows you to control what tabs appear when you launch Navicat. All the Navicat Cloud objects are located under different projects. You can share the project to other Navicat Cloud accounts for collaboration. The Main Window consists of several toolbars and panes for you to work on connections, database objects and advanced tools. Such sessions are also susceptible to session hijacking, where a malicious user takes over your session once you have authenticated. Optimism is the one quality more associated with success and happiness than any other. Navicat Cloud provides a cloud service for synchronizing connections, queries, model files and virtual group information from Navicat, other Navicat family members, different machines and different platforms. Navicat authorizes you to make connection to remote servers running on different platforms (i.e. Windows, macOS, Linux and UNIX), and supports PAM and GSSAPI authentication. A man is not old until regrets take the place of dreams. Anyone who has never made a mistake has never tried anything new. If the plan doesn’t work, change the plan, but never the goal. It provides strong authentication and secure encrypted communications between two hosts, known as SSH Port Forwarding (Tunneling), over an insecure network. Optimism is the one quality more associated with success and happiness than any other. SQL Editor allows you to create and edit SQL text, prepare and execute selected queries. It provides strong authentication and secure encrypted communications between two hosts, known as SSH Port Forwarding (Tunneling), over an insecure network. To get a secure connection, the first thing you need to do is to install OpenSSL Library and download Database Source. Navicat allows you to transfer data from one database and/or schema to another with detailed analytical process. To successfully establish a new connection to local/remote server - no matter via SSL, SSH or HTTP, set the database login information in the General tab. In other words, Navicat provides the ability for data in different databases and/or schemas to be kept up-to-date so that each repository contains the same information. The Information Pane shows the detailed object information, project activities, the DDL of database objects, object dependencies, membership of users/roles and preview. In other words, Navicat provides the ability for data in different databases and/or schemas to be kept up-to-date so that each repository contains the same information. To successfully establish a new connection to local/remote server - no matter via SSL, SSH or HTTP, set the database login information in the General tab. Actually it is just in an idea when feel oneself can achieve and cannot achieve. Navicat provides powerful tools for working with queries: Query Editor for editing the query text directly, and Query Builder, Find Builder or Aggregate Builder for building queries visually. All the Navicat Cloud objects are located under different projects. You can share the project to other Navicat Cloud accounts for collaboration. The Navigation pane employs tree structure which allows you to take action upon the database and their objects through their pop-up menus quickly and easily.', 65, 281, '2022-03-09 02:36:36', '2004-03-30 02:42:46');
INSERT INTO `answers` VALUES (100, 5, 14, 'I will greet this day with love in my heart. In the Objects tab, you can use the List List, Detail Detail and ER Diagram ER Diagram buttons to change the object view. Navicat provides powerful tools for working with queries: Query Editor for editing the query text directly, and Query Builder, Find Builder or Aggregate Builder for building queries visually. Navicat provides a wide range advanced features, such as compelling code editing capabilities, smart code-completion, SQL formatting, and more. Navicat provides a wide range advanced features, such as compelling code editing capabilities, smart code-completion, SQL formatting, and more. Anyone who has ever made anything of importance was disciplined. Navicat authorizes you to make connection to remote servers running on different platforms (i.e. Windows, macOS, Linux and UNIX), and supports PAM and GSSAPI authentication. To clear or reload various internal caches, flush tables, or acquire locks, control-click your connection in the Navigation pane and select Flush and choose the flush option. You must have the reload privilege to use this feature. Navicat Data Modeler is a powerful and cost-effective database design tool which helps you build high-quality conceptual, logical and physical data models. To get a secure connection, the first thing you need to do is to install OpenSSL Library and download Database Source. It provides strong authentication and secure encrypted communications between two hosts, known as SSH Port Forwarding (Tunneling), over an insecure network. HTTP Tunneling is a method for connecting to a server that uses the same protocol (http://) and the same port (port 80) as a web server does. To clear or reload various internal caches, flush tables, or acquire locks, control-click your connection in the Navigation pane and select Flush and choose the flush option. You must have the reload privilege to use this feature. To successfully establish a new connection to local/remote server - no matter via SSL or SSH, set the database login information in the General tab. It wasn’t raining when Noah built the ark. I may not have gone where I intended to go, but I think I have ended up where I needed to be. The On Startup feature allows you to control what tabs appear when you launch Navicat. To successfully establish a new connection to local/remote server - no matter via SSL or SSH, set the database login information in the General tab.', 97, 506, '2024-03-02 11:31:13', '2010-01-30 15:24:43');
INSERT INTO `answers` VALUES (101, 4, 14, 'All journeys have secret destinations of which the traveler is unaware. Anyone who has ever made anything of importance was disciplined. Flexible settings enable you to set up a custom key for comparison and synchronization. All journeys have secret destinations of which the traveler is unaware. To connect to a database or schema, simply double-click it in the pane. Navicat provides a wide range advanced features, such as compelling code editing capabilities, smart code-completion, SQL formatting, and more. The reason why a great man is great is that he resolves to be a great man. To successfully establish a new connection to local/remote server - no matter via SSL, SSH or HTTP, set the database login information in the General tab. HTTP Tunneling is a method for connecting to a server that uses the same protocol (http://) and the same port (port 80) as a web server does. The Information Pane shows the detailed object information, project activities, the DDL of database objects, object dependencies, membership of users/roles and preview. Import Wizard allows you to import data to tables/collections from CSV, TXT, XML, DBF and more. Flexible settings enable you to set up a custom key for comparison and synchronization. Navicat Monitor can be installed on any local computer or virtual machine and does not require any software installation on the servers being monitored. To get a secure connection, the first thing you need to do is to install OpenSSL Library and download Database Source. It wasn’t raining when Noah built the ark. If your Internet Service Provider (ISP) does not provide direct access to its server, Secure Tunneling Protocol (SSH) / HTTP is another solution. SSH serves to prevent such vulnerabilities and allows you to access a remote server\'s shell without compromising security. A query is used to extract data from the database in a readable format according to the user\'s request. If the Show objects under schema in navigation pane option is checked at the Preferences window, all database objects are also displayed in the pane. You must be the change you wish to see in the world. You cannot save people, you can just love them. Always keep your eyes open. Keep watching. Because whatever you see can inspire you. Navicat is a multi-connections Database Administration tool allowing you to connect to MySQL, Oracle, PostgreSQL, SQLite, SQL Server, MariaDB and/or MongoDB databases, making database administration to multiple kinds of database so easy. To connect to a database or schema, simply double-click it in the pane. Navicat 15 has added support for the system-wide dark mode. Navicat allows you to transfer data from one database and/or schema to another with detailed analytical process. In the middle of winter I at last discovered that there was in me an invincible summer. Navicat Data Modeler enables you to build high-quality conceptual, logical and physical data models for a wide variety of audiences. If the plan doesn’t work, change the plan, but never the goal. All the Navicat Cloud objects are located under different projects. You can share the project to other Navicat Cloud accounts for collaboration. It wasn’t raining when Noah built the ark. Secure Sockets Layer(SSL) is a protocol for transmitting private documents via the Internet. It wasn’t raining when Noah built the ark. How we spend our days is, of course, how we spend our lives. The Navigation pane employs tree structure which allows you to take action upon the database and their objects through their pop-up menus quickly and easily. If it scares you, it might be a good thing to try. SQL Editor allows you to create and edit SQL text, prepare and execute selected queries. It collects process metrics such as CPU load, RAM usage, and a variety of other resources over SSH/SNMP. What you get by achieving your goals is not as important as what you become by achieving your goals. Navicat is a multi-connections Database Administration tool allowing you to connect to MySQL, Oracle, PostgreSQL, SQLite, SQL Server, MariaDB and/or MongoDB databases, making database administration to multiple kinds of database so easy. I destroy my enemies when I make them my friends. If you wait, all that happens is you get older. Navicat Cloud could not connect and access your databases. By which it means, it could only store your connection settings, queries, model files, and virtual group; your database passwords and data (e.g. tables, views, etc) will not be stored to Navicat Cloud. To start working with your server in Navicat, you should first establish a connection or several connections using the Connection window. Monitored servers include MySQL, MariaDB and SQL Server, and compatible with cloud databases like Amazon RDS, Amazon Aurora, Oracle Cloud, Google Cloud and Microsoft Azure. The Navigation pane employs tree structure which allows you to take action upon the database and their objects through their pop-up menus quickly and easily. The Synchronize to Database function will give you a full picture of all database differences. To successfully establish a new connection to local/remote server - no matter via SSL or SSH, set the database login information in the General tab. Monitored servers include MySQL, MariaDB and SQL Server, and compatible with cloud databases like Amazon RDS, Amazon Aurora, Oracle Cloud, Google Cloud and Microsoft Azure. Monitored servers include MySQL, MariaDB and SQL Server, and compatible with cloud databases like Amazon RDS, Amazon Aurora, Oracle Cloud, Google Cloud and Microsoft Azure. If it scares you, it might be a good thing to try. SQL Editor allows you to create and edit SQL text, prepare and execute selected queries. The repository database can be an existing MySQL, MariaDB, PostgreSQL, SQL Server, or Amazon RDS instance. If opportunity doesn’t knock, build a door. It can also manage cloud databases such as Amazon Redshift, Amazon RDS, Alibaba Cloud. Features in Navicat are sophisticated enough to provide professional developers for all their specific needs, yet easy to learn for users who are new to database server. Actually it is just in an idea when feel oneself can achieve and cannot achieve. Navicat provides a wide range advanced features, such as compelling code editing capabilities, smart code-completion, SQL formatting, and more. With its well-designed Graphical User Interface(GUI), Navicat lets you quickly and easily create, organize, access and share information in a secure and easy way. How we spend our days is, of course, how we spend our lives. Champions keep playing until they get it right. The Navigation pane employs tree structure which allows you to take action upon the database and their objects through their pop-up menus quickly and easily. If the plan doesn’t work, change the plan, but never the goal. There is no way to happiness. Happiness is the way. If the plan doesn’t work, change the plan, but never the goal. SSH serves to prevent such vulnerabilities and allows you to access a remote server\'s shell without compromising security. The first step is as good as half over. It can also manage cloud databases such as Amazon Redshift, Amazon RDS, Alibaba Cloud. Features in Navicat are sophisticated enough to provide professional developers for all their specific needs, yet easy to learn for users who are new to database server.', 92, 958, '2024-06-24 22:13:23', '2012-01-06 21:24:50');
INSERT INTO `answers` VALUES (102, 3, 5, 'Navicat Monitor requires a repository to store alerts and metrics for historical analysis. Navicat Monitor can be installed on any local computer or virtual machine and does not require any software installation on the servers being monitored. Always keep your eyes open. Keep watching. Because whatever you see can inspire you. It collects process metrics such as CPU load, RAM usage, and a variety of other resources over SSH/SNMP. The first step is as good as half over. Anyone who has ever made anything of importance was disciplined. Navicat 15 has added support for the system-wide dark mode. To clear or reload various internal caches, flush tables, or acquire locks, control-click your connection in the Navigation pane and select Flush and choose the flush option. You must have the reload privilege to use this feature. I will greet this day with love in my heart. Such sessions are also susceptible to session hijacking, where a malicious user takes over your session once you have authenticated. It can also manage cloud databases such as Amazon Redshift, Amazon RDS, Alibaba Cloud. Features in Navicat are sophisticated enough to provide professional developers for all their specific needs, yet easy to learn for users who are new to database server. In other words, Navicat provides the ability for data in different databases and/or schemas to be kept up-to-date so that each repository contains the same information. With its well-designed Graphical User Interface(GUI), Navicat lets you quickly and easily create, organize, access and share information in a secure and easy way. Difficult circumstances serve as a textbook of life for people. Navicat authorizes you to make connection to remote servers running on different platforms (i.e. Windows, macOS, Linux and UNIX), and supports PAM and GSSAPI authentication. Navicat provides powerful tools for working with queries: Query Editor for editing the query text directly, and Query Builder, Find Builder or Aggregate Builder for building queries visually. The On Startup feature allows you to control what tabs appear when you launch Navicat. All journeys have secret destinations of which the traveler is unaware. How we spend our days is, of course, how we spend our lives. Navicat Monitor is a safe, simple and agentless remote server monitoring tool that is packed with powerful features to make your monitoring effective as possible. Navicat Monitor requires a repository to store alerts and metrics for historical analysis. The Information Pane shows the detailed object information, project activities, the DDL of database objects, object dependencies, membership of users/roles and preview. To connect to a database or schema, simply double-click it in the pane. Success consists of going from failure to failure without loss of enthusiasm. Secure SHell (SSH) is a program to log in into another computer over a network, execute commands on a remote server, and move files from one machine to another. Navicat Cloud provides a cloud service for synchronizing connections, queries, model files and virtual group information from Navicat, other Navicat family members, different machines and different platforms. The On Startup feature allows you to control what tabs appear when you launch Navicat. SSH serves to prevent such vulnerabilities and allows you to access a remote server\'s shell without compromising security. The reason why a great man is great is that he resolves to be a great man. Flexible settings enable you to set up a custom key for comparison and synchronization. The repository database can be an existing MySQL, MariaDB, PostgreSQL, SQL Server, or Amazon RDS instance. Creativity is intelligence having fun. To open a query using an external editor, control-click it and select Open with External Editor. You can set the file path of an external editor in Preferences. You must be the change you wish to see in the world. Optimism is the one quality more associated with success and happiness than any other. Monitored servers include MySQL, MariaDB and SQL Server, and compatible with cloud databases like Amazon RDS, Amazon Aurora, Oracle Cloud, Google Cloud and Microsoft Azure. Navicat 15 has added support for the system-wide dark mode. Navicat Data Modeler enables you to build high-quality conceptual, logical and physical data models for a wide variety of audiences. Flexible settings enable you to set up a custom key for comparison and synchronization. In other words, Navicat provides the ability for data in different databases and/or schemas to be kept up-to-date so that each repository contains the same information. Navicat Monitor can be installed on any local computer or virtual machine and does not require any software installation on the servers being monitored. You can select any connections, objects or projects, and then select the corresponding buttons on the Information Pane. Navicat is a multi-connections Database Administration tool allowing you to connect to MySQL, Oracle, PostgreSQL, SQLite, SQL Server, MariaDB and/or MongoDB databases, making database administration to multiple kinds of database so easy. Champions keep playing until they get it right. To get a secure connection, the first thing you need to do is to install OpenSSL Library and download Database Source. A man is not old until regrets take the place of dreams. A comfort zone is a beautiful place, but nothing ever grows there. SSH serves to prevent such vulnerabilities and allows you to access a remote server\'s shell without compromising security. After logged in the Navicat Cloud feature, the Navigation pane will be divided into Navicat Cloud and My Connections sections. The On Startup feature allows you to control what tabs appear when you launch Navicat. To start working with your server in Navicat, you should first establish a connection or several connections using the Connection window. The first step is as good as half over. It can also manage cloud databases such as Amazon Redshift, Amazon RDS, Alibaba Cloud. Features in Navicat are sophisticated enough to provide professional developers for all their specific needs, yet easy to learn for users who are new to database server. I will greet this day with love in my heart. Champions keep playing until they get it right. Typically, it is employed as an encrypted version of Telnet. Sometimes you win, sometimes you learn. It collects process metrics such as CPU load, RAM usage, and a variety of other resources over SSH/SNMP. How we spend our days is, of course, how we spend our lives. To get a secure connection, the first thing you need to do is to install OpenSSL Library and download Database Source. The Information Pane shows the detailed object information, project activities, the DDL of database objects, object dependencies, membership of users/roles and preview. Navicat Cloud provides a cloud service for synchronizing connections, queries, model files and virtual group information from Navicat, other Navicat family members, different machines and different platforms. It provides strong authentication and secure encrypted communications between two hosts, known as SSH Port Forwarding (Tunneling), over an insecure network. Typically, it is employed as an encrypted version of Telnet. A man’s best friends are his ten fingers. Navicat Data Modeler is a powerful and cost-effective database design tool which helps you build high-quality conceptual, logical and physical data models. After comparing data, the window shows the number of records that will be inserted, updated or deleted in the target. Champions keep playing until they get it right. To connect to a database or schema, simply double-click it in the pane. The On Startup feature allows you to control what tabs appear when you launch Navicat. It is used while your ISPs do not allow direct connections, but allows establishing HTTP connections. To start working with your server in Navicat, you should first establish a connection or several connections using the Connection window. Secure Sockets Layer(SSL) is a protocol for transmitting private documents via the Internet. Anyone who has never made a mistake has never tried anything new. The Synchronize to Database function will give you a full picture of all database differences. The Information Pane shows the detailed object information, project activities, the DDL of database objects, object dependencies, membership of users/roles and preview. After logged in the Navicat Cloud feature, the Navigation pane will be divided into Navicat Cloud and My Connections sections. If it scares you, it might be a good thing to try. Anyone who has never made a mistake has never tried anything new. Champions keep playing until they get it right. I may not have gone where I intended to go, but I think I have ended up where I needed to be. With its well-designed Graphical User Interface(GUI), Navicat lets you quickly and easily create, organize, access and share information in a secure and easy way. There is no way to happiness. Happiness is the way. After comparing data, the window shows the number of records that will be inserted, updated or deleted in the target. If your Internet Service Provider (ISP) does not provide direct access to its server, Secure Tunneling Protocol (SSH) / HTTP is another solution.', 27, 501, '2006-09-06 17:22:34', '2007-02-20 15:16:19');
INSERT INTO `answers` VALUES (103, 3, 2, 'Navicat allows you to transfer data from one database and/or schema to another with detailed analytical process. Difficult circumstances serve as a textbook of life for people. SSH serves to prevent such vulnerabilities and allows you to access a remote server\'s shell without compromising security. Navicat Monitor requires a repository to store alerts and metrics for historical analysis. In a Telnet session, all communications, including username and password, are transmitted in plain-text, allowing anyone to listen-in on your session and steal passwords and other information. Navicat provides powerful tools for working with queries: Query Editor for editing the query text directly, and Query Builder, Find Builder or Aggregate Builder for building queries visually. It can also manage cloud databases such as Amazon Redshift, Amazon RDS, Alibaba Cloud. Features in Navicat are sophisticated enough to provide professional developers for all their specific needs, yet easy to learn for users who are new to database server. In the Objects tab, you can use the List List, Detail Detail and ER Diagram ER Diagram buttons to change the object view. After comparing data, the window shows the number of records that will be inserted, updated or deleted in the target. You cannot save people, you can just love them. Creativity is intelligence having fun. You can select any connections, objects or projects, and then select the corresponding buttons on the Information Pane. Always keep your eyes open. Keep watching. Because whatever you see can inspire you. Navicat Monitor can be installed on any local computer or virtual machine and does not require any software installation on the servers being monitored. The repository database can be an existing MySQL, MariaDB, PostgreSQL, SQL Server, or Amazon RDS instance. A man’s best friends are his ten fingers. I destroy my enemies when I make them my friends. You must be the change you wish to see in the world. Export Wizard allows you to export data from tables, collections, views, or query results to any available formats. The first step is as good as half over. Champions keep playing until they get it right. The Main Window consists of several toolbars and panes for you to work on connections, database objects and advanced tools. Navicat Cloud provides a cloud service for synchronizing connections, queries, model files and virtual group information from Navicat, other Navicat family members, different machines and different platforms. Navicat provides powerful tools for working with queries: Query Editor for editing the query text directly, and Query Builder, Find Builder or Aggregate Builder for building queries visually. The Synchronize to Database function will give you a full picture of all database differences. How we spend our days is, of course, how we spend our lives. Sometimes you win, sometimes you learn. The Navigation pane employs tree structure which allows you to take action upon the database and their objects through their pop-up menus quickly and easily. Remember that failure is an event, not a person. All the Navicat Cloud objects are located under different projects. You can share the project to other Navicat Cloud accounts for collaboration. A man’s best friends are his ten fingers. The Navigation pane employs tree structure which allows you to take action upon the database and their objects through their pop-up menus quickly and easily. The Information Pane shows the detailed object information, project activities, the DDL of database objects, object dependencies, membership of users/roles and preview. The past has no power over the present moment. I may not have gone where I intended to go, but I think I have ended up where I needed to be. I will greet this day with love in my heart. All journeys have secret destinations of which the traveler is unaware. To get a secure connection, the first thing you need to do is to install OpenSSL Library and download Database Source. Always keep your eyes open. Keep watching. Because whatever you see can inspire you. SSH serves to prevent such vulnerabilities and allows you to access a remote server\'s shell without compromising security. It can also manage cloud databases such as Amazon Redshift, Amazon RDS, Alibaba Cloud. Features in Navicat are sophisticated enough to provide professional developers for all their specific needs, yet easy to learn for users who are new to database server. A query is used to extract data from the database in a readable format according to the user\'s request. In the Objects tab, you can use the List List, Detail Detail and ER Diagram ER Diagram buttons to change the object view. The first step is as good as half over. If you wait, all that happens is you get older.', 1, 841, '2009-04-22 17:08:36', '2002-11-30 07:07:19');
INSERT INTO `answers` VALUES (104, 4, 2, 'Navicat Cloud provides a cloud service for synchronizing connections, queries, model files and virtual group information from Navicat, other Navicat family members, different machines and different platforms. The Synchronize to Database function will give you a full picture of all database differences. Actually it is just in an idea when feel oneself can achieve and cannot achieve. Always keep your eyes open. Keep watching. Because whatever you see can inspire you. Secure SHell (SSH) is a program to log in into another computer over a network, execute commands on a remote server, and move files from one machine to another. Navicat allows you to transfer data from one database and/or schema to another with detailed analytical process. It provides strong authentication and secure encrypted communications between two hosts, known as SSH Port Forwarding (Tunneling), over an insecure network. Navicat is a multi-connections Database Administration tool allowing you to connect to MySQL, Oracle, PostgreSQL, SQLite, SQL Server, MariaDB and/or MongoDB databases, making database administration to multiple kinds of database so easy. In the middle of winter I at last discovered that there was in me an invincible summer. If the plan doesn’t work, change the plan, but never the goal. A man’s best friends are his ten fingers. It provides strong authentication and secure encrypted communications between two hosts, known as SSH Port Forwarding (Tunneling), over an insecure network. SQL Editor allows you to create and edit SQL text, prepare and execute selected queries. I will greet this day with love in my heart. Optimism is the one quality more associated with success and happiness than any other. The Information Pane shows the detailed object information, project activities, the DDL of database objects, object dependencies, membership of users/roles and preview. After logged in the Navicat Cloud feature, the Navigation pane will be divided into Navicat Cloud and My Connections sections.', 78, 214, '2022-12-07 01:34:22', '2008-02-27 10:36:41');
INSERT INTO `answers` VALUES (105, 4, 3, 'I may not have gone where I intended to go, but I think I have ended up where I needed to be. The Main Window consists of several toolbars and panes for you to work on connections, database objects and advanced tools. Navicat authorizes you to make connection to remote servers running on different platforms (i.e. Windows, macOS, Linux and UNIX), and supports PAM and GSSAPI authentication. Anyone who has never made a mistake has never tried anything new. If the plan doesn’t work, change the plan, but never the goal. Navicat Data Modeler is a powerful and cost-effective database design tool which helps you build high-quality conceptual, logical and physical data models. A man’s best friends are his ten fingers. The Synchronize to Database function will give you a full picture of all database differences. Navicat provides a wide range advanced features, such as compelling code editing capabilities, smart code-completion, SQL formatting, and more. The first step is as good as half over. Remember that failure is an event, not a person. The first step is as good as half over. Always keep your eyes open. Keep watching. Because whatever you see can inspire you. Creativity is intelligence having fun. The On Startup feature allows you to control what tabs appear when you launch Navicat. Navicat provides powerful tools for working with queries: Query Editor for editing the query text directly, and Query Builder, Find Builder or Aggregate Builder for building queries visually. Flexible settings enable you to set up a custom key for comparison and synchronization. Navicat provides powerful tools for working with queries: Query Editor for editing the query text directly, and Query Builder, Find Builder or Aggregate Builder for building queries visually. Navicat Cloud could not connect and access your databases. By which it means, it could only store your connection settings, queries, model files, and virtual group; your database passwords and data (e.g. tables, views, etc) will not be stored to Navicat Cloud. Remember that failure is an event, not a person. There is no way to happiness. Happiness is the way. If it scares you, it might be a good thing to try. Export Wizard allows you to export data from tables, collections, views, or query results to any available formats. To open a query using an external editor, control-click it and select Open with External Editor. You can set the file path of an external editor in Preferences. All the Navicat Cloud objects are located under different projects. You can share the project to other Navicat Cloud accounts for collaboration. Navicat provides a wide range advanced features, such as compelling code editing capabilities, smart code-completion, SQL formatting, and more. To successfully establish a new connection to local/remote server - no matter via SSL, SSH or HTTP, set the database login information in the General tab. All journeys have secret destinations of which the traveler is unaware. Navicat Cloud provides a cloud service for synchronizing connections, queries, model files and virtual group information from Navicat, other Navicat family members, different machines and different platforms. Success consists of going from failure to failure without loss of enthusiasm. Difficult circumstances serve as a textbook of life for people. SQL Editor allows you to create and edit SQL text, prepare and execute selected queries. A man is not old until regrets take the place of dreams. To start working with your server in Navicat, you should first establish a connection or several connections using the Connection window. You cannot save people, you can just love them. Genius is an infinite capacity for taking pains. Navicat Monitor requires a repository to store alerts and metrics for historical analysis. Anyone who has never made a mistake has never tried anything new. Optimism is the one quality more associated with success and happiness than any other. After logged in the Navicat Cloud feature, the Navigation pane will be divided into Navicat Cloud and My Connections sections. The first step is as good as half over. Navicat Data Modeler enables you to build high-quality conceptual, logical and physical data models for a wide variety of audiences. You will succeed because most people are lazy. The On Startup feature allows you to control what tabs appear when you launch Navicat. A query is used to extract data from the database in a readable format according to the user\'s request. To clear or reload various internal caches, flush tables, or acquire locks, control-click your connection in the Navigation pane and select Flush and choose the flush option. You must have the reload privilege to use this feature. To clear or reload various internal caches, flush tables, or acquire locks, control-click your connection in the Navigation pane and select Flush and choose the flush option. You must have the reload privilege to use this feature. SQL Editor allows you to create and edit SQL text, prepare and execute selected queries. Monitored servers include MySQL, MariaDB and SQL Server, and compatible with cloud databases like Amazon RDS, Amazon Aurora, Oracle Cloud, Google Cloud and Microsoft Azure. After logged in the Navicat Cloud feature, the Navigation pane will be divided into Navicat Cloud and My Connections sections. If your Internet Service Provider (ISP) does not provide direct access to its server, Secure Tunneling Protocol (SSH) / HTTP is another solution. The Navigation pane employs tree structure which allows you to take action upon the database and their objects through their pop-up menus quickly and easily. How we spend our days is, of course, how we spend our lives. Secure Sockets Layer(SSL) is a protocol for transmitting private documents via the Internet. SSH serves to prevent such vulnerabilities and allows you to access a remote server\'s shell without compromising security. It provides strong authentication and secure encrypted communications between two hosts, known as SSH Port Forwarding (Tunneling), over an insecure network. Anyone who has ever made anything of importance was disciplined. If your Internet Service Provider (ISP) does not provide direct access to its server, Secure Tunneling Protocol (SSH) / HTTP is another solution. Genius is an infinite capacity for taking pains. The first step is as good as half over. The Navigation pane employs tree structure which allows you to take action upon the database and their objects through their pop-up menus quickly and easily. You can select any connections, objects or projects, and then select the corresponding buttons on the Information Pane. The On Startup feature allows you to control what tabs appear when you launch Navicat.', 120, 518, '2006-04-19 21:26:20', '2006-02-18 22:48:47');
INSERT INTO `answers` VALUES (106, 3, 8, 'Navicat authorizes you to make connection to remote servers running on different platforms (i.e. Windows, macOS, Linux and UNIX), and supports PAM and GSSAPI authentication. Navicat Data Modeler is a powerful and cost-effective database design tool which helps you build high-quality conceptual, logical and physical data models. In other words, Navicat provides the ability for data in different databases and/or schemas to be kept up-to-date so that each repository contains the same information. To clear or reload various internal caches, flush tables, or acquire locks, control-click your connection in the Navigation pane and select Flush and choose the flush option. You must have the reload privilege to use this feature. Anyone who has never made a mistake has never tried anything new. Such sessions are also susceptible to session hijacking, where a malicious user takes over your session once you have authenticated. HTTP Tunneling is a method for connecting to a server that uses the same protocol (http://) and the same port (port 80) as a web server does. I may not have gone where I intended to go, but I think I have ended up where I needed to be. To connect to a database or schema, simply double-click it in the pane. Navicat provides a wide range advanced features, such as compelling code editing capabilities, smart code-completion, SQL formatting, and more. If opportunity doesn’t knock, build a door. Navicat authorizes you to make connection to remote servers running on different platforms (i.e. Windows, macOS, Linux and UNIX), and supports PAM and GSSAPI authentication. Such sessions are also susceptible to session hijacking, where a malicious user takes over your session once you have authenticated. Always keep your eyes open. Keep watching. Because whatever you see can inspire you. Always keep your eyes open. Keep watching. Because whatever you see can inspire you. It collects process metrics such as CPU load, RAM usage, and a variety of other resources over SSH/SNMP. The Main Window consists of several toolbars and panes for you to work on connections, database objects and advanced tools. It is used while your ISPs do not allow direct connections, but allows establishing HTTP connections. The On Startup feature allows you to control what tabs appear when you launch Navicat. HTTP Tunneling is a method for connecting to a server that uses the same protocol (http://) and the same port (port 80) as a web server does. Success consists of going from failure to failure without loss of enthusiasm. Monitored servers include MySQL, MariaDB and SQL Server, and compatible with cloud databases like Amazon RDS, Amazon Aurora, Oracle Cloud, Google Cloud and Microsoft Azure. HTTP Tunneling is a method for connecting to a server that uses the same protocol (http://) and the same port (port 80) as a web server does. Navicat provides powerful tools for working with queries: Query Editor for editing the query text directly, and Query Builder, Find Builder or Aggregate Builder for building queries visually. Champions keep playing until they get it right. A query is used to extract data from the database in a readable format according to the user\'s request. Navicat Monitor requires a repository to store alerts and metrics for historical analysis. The Information Pane shows the detailed object information, project activities, the DDL of database objects, object dependencies, membership of users/roles and preview. Champions keep playing until they get it right. In other words, Navicat provides the ability for data in different databases and/or schemas to be kept up-to-date so that each repository contains the same information. Success consists of going from failure to failure without loss of enthusiasm. To start working with your server in Navicat, you should first establish a connection or several connections using the Connection window. Instead of wondering when your next vacation is, maybe you should set up a life you don’t need to escape from. The past has no power over the present moment. After comparing data, the window shows the number of records that will be inserted, updated or deleted in the target. To connect to a database or schema, simply double-click it in the pane. With its well-designed Graphical User Interface(GUI), Navicat lets you quickly and easily create, organize, access and share information in a secure and easy way. In a Telnet session, all communications, including username and password, are transmitted in plain-text, allowing anyone to listen-in on your session and steal passwords and other information. It can also manage cloud databases such as Amazon Redshift, Amazon RDS, Alibaba Cloud. Features in Navicat are sophisticated enough to provide professional developers for all their specific needs, yet easy to learn for users who are new to database server. It is used while your ISPs do not allow direct connections, but allows establishing HTTP connections. You must be the change you wish to see in the world. You will succeed because most people are lazy. Navicat Data Modeler is a powerful and cost-effective database design tool which helps you build high-quality conceptual, logical and physical data models. Instead of wondering when your next vacation is, maybe you should set up a life you don’t need to escape from. Navicat Data Modeler enables you to build high-quality conceptual, logical and physical data models for a wide variety of audiences. To open a query using an external editor, control-click it and select Open with External Editor. You can set the file path of an external editor in Preferences. Navicat Monitor requires a repository to store alerts and metrics for historical analysis. The Information Pane shows the detailed object information, project activities, the DDL of database objects, object dependencies, membership of users/roles and preview. After logged in the Navicat Cloud feature, the Navigation pane will be divided into Navicat Cloud and My Connections sections. It wasn’t raining when Noah built the ark. There is no way to happiness. Happiness is the way. Navicat Monitor is a safe, simple and agentless remote server monitoring tool that is packed with powerful features to make your monitoring effective as possible. It wasn’t raining when Noah built the ark. Creativity is intelligence having fun. How we spend our days is, of course, how we spend our lives. I will greet this day with love in my heart. All the Navicat Cloud objects are located under different projects. You can share the project to other Navicat Cloud accounts for collaboration. The past has no power over the present moment. All the Navicat Cloud objects are located under different projects. You can share the project to other Navicat Cloud accounts for collaboration. Always keep your eyes open. Keep watching. Because whatever you see can inspire you. Secure Sockets Layer(SSL) is a protocol for transmitting private documents via the Internet. HTTP Tunneling is a method for connecting to a server that uses the same protocol (http://) and the same port (port 80) as a web server does. Flexible settings enable you to set up a custom key for comparison and synchronization. You cannot save people, you can just love them. To connect to a database or schema, simply double-click it in the pane. Such sessions are also susceptible to session hijacking, where a malicious user takes over your session once you have authenticated. Navicat Data Modeler is a powerful and cost-effective database design tool which helps you build high-quality conceptual, logical and physical data models. There is no way to happiness. Happiness is the way. A comfort zone is a beautiful place, but nothing ever grows there. After comparing data, the window shows the number of records that will be inserted, updated or deleted in the target. To start working with your server in Navicat, you should first establish a connection or several connections using the Connection window. SQL Editor allows you to create and edit SQL text, prepare and execute selected queries. Secure SHell (SSH) is a program to log in into another computer over a network, execute commands on a remote server, and move files from one machine to another. Monitored servers include MySQL, MariaDB and SQL Server, and compatible with cloud databases like Amazon RDS, Amazon Aurora, Oracle Cloud, Google Cloud and Microsoft Azure. Creativity is intelligence having fun. If you wait, all that happens is you get older. Anyone who has never made a mistake has never tried anything new. Secure Sockets Layer(SSL) is a protocol for transmitting private documents via the Internet. Navicat Monitor requires a repository to store alerts and metrics for historical analysis. The Synchronize to Database function will give you a full picture of all database differences. Import Wizard allows you to import data to tables/collections from CSV, TXT, XML, DBF and more.', 64, 275, '2024-04-05 09:09:58', '2022-07-12 00:58:13');
INSERT INTO `answers` VALUES (107, 2, 3, 'It is used while your ISPs do not allow direct connections, but allows establishing HTTP connections. Secure Sockets Layer(SSL) is a protocol for transmitting private documents via the Internet. Secure Sockets Layer(SSL) is a protocol for transmitting private documents via the Internet.', 126, 657, '2001-04-28 02:16:19', '2017-08-27 14:50:46');
INSERT INTO `answers` VALUES (108, 3, 6, 'How we spend our days is, of course, how we spend our lives. You cannot save people, you can just love them. The On Startup feature allows you to control what tabs appear when you launch Navicat. Genius is an infinite capacity for taking pains. To open a query using an external editor, control-click it and select Open with External Editor. You can set the file path of an external editor in Preferences. If the plan doesn’t work, change the plan, but never the goal. Genius is an infinite capacity for taking pains. With its well-designed Graphical User Interface(GUI), Navicat lets you quickly and easily create, organize, access and share information in a secure and easy way. If you wait, all that happens is you get older. Navicat is a multi-connections Database Administration tool allowing you to connect to MySQL, Oracle, PostgreSQL, SQLite, SQL Server, MariaDB and/or MongoDB databases, making database administration to multiple kinds of database so easy. Optimism is the one quality more associated with success and happiness than any other. Navicat 15 has added support for the system-wide dark mode. Success consists of going from failure to failure without loss of enthusiasm. Genius is an infinite capacity for taking pains. If you wait, all that happens is you get older.', 19, 273, '2022-04-13 21:15:18', '2006-02-15 00:40:09');
INSERT INTO `answers` VALUES (109, 4, 16, 'SQL Editor allows you to create and edit SQL text, prepare and execute selected queries. SSH serves to prevent such vulnerabilities and allows you to access a remote server\'s shell without compromising security. It collects process metrics such as CPU load, RAM usage, and a variety of other resources over SSH/SNMP. To start working with your server in Navicat, you should first establish a connection or several connections using the Connection window. Navicat Monitor is a safe, simple and agentless remote server monitoring tool that is packed with powerful features to make your monitoring effective as possible. Flexible settings enable you to set up a custom key for comparison and synchronization. The repository database can be an existing MySQL, MariaDB, PostgreSQL, SQL Server, or Amazon RDS instance. Export Wizard allows you to export data from tables, collections, views, or query results to any available formats. Genius is an infinite capacity for taking pains. To open a query using an external editor, control-click it and select Open with External Editor. You can set the file path of an external editor in Preferences. Success consists of going from failure to failure without loss of enthusiasm. Navicat is a multi-connections Database Administration tool allowing you to connect to MySQL, Oracle, PostgreSQL, SQLite, SQL Server, MariaDB and/or MongoDB databases, making database administration to multiple kinds of database so easy. What you get by achieving your goals is not as important as what you become by achieving your goals. Optimism is the one quality more associated with success and happiness than any other. Actually it is just in an idea when feel oneself can achieve and cannot achieve. Import Wizard allows you to import data to tables/collections from CSV, TXT, XML, DBF and more. Secure SHell (SSH) is a program to log in into another computer over a network, execute commands on a remote server, and move files from one machine to another. The repository database can be an existing MySQL, MariaDB, PostgreSQL, SQL Server, or Amazon RDS instance. The first step is as good as half over. Navicat provides powerful tools for working with queries: Query Editor for editing the query text directly, and Query Builder, Find Builder or Aggregate Builder for building queries visually. Anyone who has ever made anything of importance was disciplined. To open a query using an external editor, control-click it and select Open with External Editor. You can set the file path of an external editor in Preferences. The Information Pane shows the detailed object information, project activities, the DDL of database objects, object dependencies, membership of users/roles and preview. Remember that failure is an event, not a person. Anyone who has never made a mistake has never tried anything new. Typically, it is employed as an encrypted version of Telnet. In other words, Navicat provides the ability for data in different databases and/or schemas to be kept up-to-date so that each repository contains the same information. It is used while your ISPs do not allow direct connections, but allows establishing HTTP connections. The past has no power over the present moment. Navicat Monitor is a safe, simple and agentless remote server monitoring tool that is packed with powerful features to make your monitoring effective as possible. A query is used to extract data from the database in a readable format according to the user\'s request. In other words, Navicat provides the ability for data in different databases and/or schemas to be kept up-to-date so that each repository contains the same information. If it scares you, it might be a good thing to try. Optimism is the one quality more associated with success and happiness than any other. To open a query using an external editor, control-click it and select Open with External Editor. You can set the file path of an external editor in Preferences. Navicat provides a wide range advanced features, such as compelling code editing capabilities, smart code-completion, SQL formatting, and more. In other words, Navicat provides the ability for data in different databases and/or schemas to be kept up-to-date so that each repository contains the same information. The first step is as good as half over. Genius is an infinite capacity for taking pains.', 31, 594, '2003-11-29 12:35:47', '2017-04-29 10:38:56');
INSERT INTO `answers` VALUES (110, 5, 9, 'It can also manage cloud databases such as Amazon Redshift, Amazon RDS, Alibaba Cloud. Features in Navicat are sophisticated enough to provide professional developers for all their specific needs, yet easy to learn for users who are new to database server. Navicat Data Modeler enables you to build high-quality conceptual, logical and physical data models for a wide variety of audiences. Import Wizard allows you to import data to tables/collections from CSV, TXT, XML, DBF and more. It wasn’t raining when Noah built the ark. To start working with your server in Navicat, you should first establish a connection or several connections using the Connection window. I destroy my enemies when I make them my friends. All the Navicat Cloud objects are located under different projects. You can share the project to other Navicat Cloud accounts for collaboration. A man’s best friends are his ten fingers. After logged in the Navicat Cloud feature, the Navigation pane will be divided into Navicat Cloud and My Connections sections. All the Navicat Cloud objects are located under different projects. You can share the project to other Navicat Cloud accounts for collaboration. Navicat Data Modeler is a powerful and cost-effective database design tool which helps you build high-quality conceptual, logical and physical data models. In the middle of winter I at last discovered that there was in me an invincible summer. In the Objects tab, you can use the List List, Detail Detail and ER Diagram ER Diagram buttons to change the object view. To successfully establish a new connection to local/remote server - no matter via SSL or SSH, set the database login information in the General tab. The Navigation pane employs tree structure which allows you to take action upon the database and their objects through their pop-up menus quickly and easily. Difficult circumstances serve as a textbook of life for people. Navicat Cloud could not connect and access your databases. By which it means, it could only store your connection settings, queries, model files, and virtual group; your database passwords and data (e.g. tables, views, etc) will not be stored to Navicat Cloud. Secure SHell (SSH) is a program to log in into another computer over a network, execute commands on a remote server, and move files from one machine to another. Navicat Monitor is a safe, simple and agentless remote server monitoring tool that is packed with powerful features to make your monitoring effective as possible. Difficult circumstances serve as a textbook of life for people. All the Navicat Cloud objects are located under different projects. You can share the project to other Navicat Cloud accounts for collaboration. The first step is as good as half over. Optimism is the one quality more associated with success and happiness than any other. Import Wizard allows you to import data to tables/collections from CSV, TXT, XML, DBF and more. A query is used to extract data from the database in a readable format according to the user\'s request. Champions keep playing until they get it right. Actually it is just in an idea when feel oneself can achieve and cannot achieve. It is used while your ISPs do not allow direct connections, but allows establishing HTTP connections. If it scares you, it might be a good thing to try. Navicat allows you to transfer data from one database and/or schema to another with detailed analytical process. Creativity is intelligence having fun. If you wait, all that happens is you get older. If the Show objects under schema in navigation pane option is checked at the Preferences window, all database objects are also displayed in the pane. Navicat authorizes you to make connection to remote servers running on different platforms (i.e. Windows, macOS, Linux and UNIX), and supports PAM and GSSAPI authentication. All journeys have secret destinations of which the traveler is unaware. HTTP Tunneling is a method for connecting to a server that uses the same protocol (http://) and the same port (port 80) as a web server does. If the Show objects under schema in navigation pane option is checked at the Preferences window, all database objects are also displayed in the pane. Navicat Data Modeler enables you to build high-quality conceptual, logical and physical data models for a wide variety of audiences. Such sessions are also susceptible to session hijacking, where a malicious user takes over your session once you have authenticated. Import Wizard allows you to import data to tables/collections from CSV, TXT, XML, DBF and more. Monitored servers include MySQL, MariaDB and SQL Server, and compatible with cloud databases like Amazon RDS, Amazon Aurora, Oracle Cloud, Google Cloud and Microsoft Azure. Navicat 15 has added support for the system-wide dark mode. Import Wizard allows you to import data to tables/collections from CSV, TXT, XML, DBF and more. Sometimes you win, sometimes you learn. The repository database can be an existing MySQL, MariaDB, PostgreSQL, SQL Server, or Amazon RDS instance. Navicat provides powerful tools for working with queries: Query Editor for editing the query text directly, and Query Builder, Find Builder or Aggregate Builder for building queries visually. How we spend our days is, of course, how we spend our lives. Creativity is intelligence having fun. Anyone who has ever made anything of importance was disciplined. The first step is as good as half over. A comfort zone is a beautiful place, but nothing ever grows there. To successfully establish a new connection to local/remote server - no matter via SSL, SSH or HTTP, set the database login information in the General tab. Navicat authorizes you to make connection to remote servers running on different platforms (i.e. Windows, macOS, Linux and UNIX), and supports PAM and GSSAPI authentication. Navicat allows you to transfer data from one database and/or schema to another with detailed analytical process. It provides strong authentication and secure encrypted communications between two hosts, known as SSH Port Forwarding (Tunneling), over an insecure network. With its well-designed Graphical User Interface(GUI), Navicat lets you quickly and easily create, organize, access and share information in a secure and easy way. SSH serves to prevent such vulnerabilities and allows you to access a remote server\'s shell without compromising security. Anyone who has never made a mistake has never tried anything new.', 69, 54, '2016-03-05 03:59:18', '2018-07-10 15:42:15');
INSERT INTO `answers` VALUES (111, 1, 6, 'Navicat 15 has added support for the system-wide dark mode. Navicat Data Modeler is a powerful and cost-effective database design tool which helps you build high-quality conceptual, logical and physical data models. Sometimes you win, sometimes you learn. The Synchronize to Database function will give you a full picture of all database differences. The reason why a great man is great is that he resolves to be a great man. In the middle of winter I at last discovered that there was in me an invincible summer. Navicat Monitor requires a repository to store alerts and metrics for historical analysis. What you get by achieving your goals is not as important as what you become by achieving your goals. Navicat allows you to transfer data from one database and/or schema to another with detailed analytical process. Flexible settings enable you to set up a custom key for comparison and synchronization. Secure SHell (SSH) is a program to log in into another computer over a network, execute commands on a remote server, and move files from one machine to another. I will greet this day with love in my heart. To connect to a database or schema, simply double-click it in the pane. Success consists of going from failure to failure without loss of enthusiasm. SQL Editor allows you to create and edit SQL text, prepare and execute selected queries. Navicat provides a wide range advanced features, such as compelling code editing capabilities, smart code-completion, SQL formatting, and more. To successfully establish a new connection to local/remote server - no matter via SSL or SSH, set the database login information in the General tab. A query is used to extract data from the database in a readable format according to the user\'s request. All the Navicat Cloud objects are located under different projects. You can share the project to other Navicat Cloud accounts for collaboration. It wasn’t raining when Noah built the ark. A comfort zone is a beautiful place, but nothing ever grows there. The Main Window consists of several toolbars and panes for you to work on connections, database objects and advanced tools. To connect to a database or schema, simply double-click it in the pane. Export Wizard allows you to export data from tables, collections, views, or query results to any available formats. Navicat provides a wide range advanced features, such as compelling code editing capabilities, smart code-completion, SQL formatting, and more. After comparing data, the window shows the number of records that will be inserted, updated or deleted in the target. In other words, Navicat provides the ability for data in different databases and/or schemas to be kept up-to-date so that each repository contains the same information. Success consists of going from failure to failure without loss of enthusiasm.', 35, 792, '2019-04-14 16:52:35', '2019-08-07 16:49:33');
INSERT INTO `answers` VALUES (112, 2, 14, 'All journeys have secret destinations of which the traveler is unaware. Navicat Monitor can be installed on any local computer or virtual machine and does not require any software installation on the servers being monitored. Flexible settings enable you to set up a custom key for comparison and synchronization. You cannot save people, you can just love them. If your Internet Service Provider (ISP) does not provide direct access to its server, Secure Tunneling Protocol (SSH) / HTTP is another solution. Navicat Monitor requires a repository to store alerts and metrics for historical analysis. Import Wizard allows you to import data to tables/collections from CSV, TXT, XML, DBF and more. Anyone who has never made a mistake has never tried anything new. If the plan doesn’t work, change the plan, but never the goal. The past has no power over the present moment. Navicat authorizes you to make connection to remote servers running on different platforms (i.e. Windows, macOS, Linux and UNIX), and supports PAM and GSSAPI authentication. The Information Pane shows the detailed object information, project activities, the DDL of database objects, object dependencies, membership of users/roles and preview. Instead of wondering when your next vacation is, maybe you should set up a life you don’t need to escape from. The Information Pane shows the detailed object information, project activities, the DDL of database objects, object dependencies, membership of users/roles and preview.', 46, 241, '2001-02-03 05:36:26', '2006-08-22 11:46:42');
INSERT INTO `answers` VALUES (113, 5, 9, 'The Main Window consists of several toolbars and panes for you to work on connections, database objects and advanced tools. To connect to a database or schema, simply double-click it in the pane. The reason why a great man is great is that he resolves to be a great man. If your Internet Service Provider (ISP) does not provide direct access to its server, Secure Tunneling Protocol (SSH) / HTTP is another solution. The On Startup feature allows you to control what tabs appear when you launch Navicat. Champions keep playing until they get it right. The On Startup feature allows you to control what tabs appear when you launch Navicat. Export Wizard allows you to export data from tables, collections, views, or query results to any available formats. It can also manage cloud databases such as Amazon Redshift, Amazon RDS, Alibaba Cloud. Features in Navicat are sophisticated enough to provide professional developers for all their specific needs, yet easy to learn for users who are new to database server. A man is not old until regrets take the place of dreams. Optimism is the one quality more associated with success and happiness than any other. Navicat Data Modeler enables you to build high-quality conceptual, logical and physical data models for a wide variety of audiences. The Navigation pane employs tree structure which allows you to take action upon the database and their objects through their pop-up menus quickly and easily. The Synchronize to Database function will give you a full picture of all database differences. A comfort zone is a beautiful place, but nothing ever grows there. Navicat 15 has added support for the system-wide dark mode. I destroy my enemies when I make them my friends. To connect to a database or schema, simply double-click it in the pane. The past has no power over the present moment. It can also manage cloud databases such as Amazon Redshift, Amazon RDS, Alibaba Cloud. Features in Navicat are sophisticated enough to provide professional developers for all their specific needs, yet easy to learn for users who are new to database server. SSH serves to prevent such vulnerabilities and allows you to access a remote server\'s shell without compromising security. Navicat Monitor requires a repository to store alerts and metrics for historical analysis. Actually it is just in an idea when feel oneself can achieve and cannot achieve. Flexible settings enable you to set up a custom key for comparison and synchronization. Remember that failure is an event, not a person. All journeys have secret destinations of which the traveler is unaware. Anyone who has ever made anything of importance was disciplined. A man is not old until regrets take the place of dreams. There is no way to happiness. Happiness is the way. Instead of wondering when your next vacation is, maybe you should set up a life you don’t need to escape from. Difficult circumstances serve as a textbook of life for people. Navicat provides powerful tools for working with queries: Query Editor for editing the query text directly, and Query Builder, Find Builder or Aggregate Builder for building queries visually. In other words, Navicat provides the ability for data in different databases and/or schemas to be kept up-to-date so that each repository contains the same information. The reason why a great man is great is that he resolves to be a great man. If opportunity doesn’t knock, build a door. I may not have gone where I intended to go, but I think I have ended up where I needed to be. Genius is an infinite capacity for taking pains. If your Internet Service Provider (ISP) does not provide direct access to its server, Secure Tunneling Protocol (SSH) / HTTP is another solution. In the middle of winter I at last discovered that there was in me an invincible summer. Flexible settings enable you to set up a custom key for comparison and synchronization. After comparing data, the window shows the number of records that will be inserted, updated or deleted in the target. Genius is an infinite capacity for taking pains. Optimism is the one quality more associated with success and happiness than any other. Champions keep playing until they get it right. I destroy my enemies when I make them my friends. Secure SHell (SSH) is a program to log in into another computer over a network, execute commands on a remote server, and move files from one machine to another. Anyone who has never made a mistake has never tried anything new. I may not have gone where I intended to go, but I think I have ended up where I needed to be. Navicat Data Modeler is a powerful and cost-effective database design tool which helps you build high-quality conceptual, logical and physical data models. To start working with your server in Navicat, you should first establish a connection or several connections using the Connection window. It provides strong authentication and secure encrypted communications between two hosts, known as SSH Port Forwarding (Tunneling), over an insecure network. It collects process metrics such as CPU load, RAM usage, and a variety of other resources over SSH/SNMP. In the Objects tab, you can use the List List, Detail Detail and ER Diagram ER Diagram buttons to change the object view. Secure Sockets Layer(SSL) is a protocol for transmitting private documents via the Internet. Such sessions are also susceptible to session hijacking, where a malicious user takes over your session once you have authenticated. To start working with your server in Navicat, you should first establish a connection or several connections using the Connection window. Navicat Data Modeler enables you to build high-quality conceptual, logical and physical data models for a wide variety of audiences. Navicat allows you to transfer data from one database and/or schema to another with detailed analytical process. To open a query using an external editor, control-click it and select Open with External Editor. You can set the file path of an external editor in Preferences. Difficult circumstances serve as a textbook of life for people. How we spend our days is, of course, how we spend our lives. Navicat provides powerful tools for working with queries: Query Editor for editing the query text directly, and Query Builder, Find Builder or Aggregate Builder for building queries visually. Typically, it is employed as an encrypted version of Telnet. To start working with your server in Navicat, you should first establish a connection or several connections using the Connection window. Navicat Monitor requires a repository to store alerts and metrics for historical analysis. Navicat Monitor is a safe, simple and agentless remote server monitoring tool that is packed with powerful features to make your monitoring effective as possible. HTTP Tunneling is a method for connecting to a server that uses the same protocol (http://) and the same port (port 80) as a web server does. If the Show objects under schema in navigation pane option is checked at the Preferences window, all database objects are also displayed in the pane. Difficult circumstances serve as a textbook of life for people. A comfort zone is a beautiful place, but nothing ever grows there. Genius is an infinite capacity for taking pains. I may not have gone where I intended to go, but I think I have ended up where I needed to be. A man’s best friends are his ten fingers. If your Internet Service Provider (ISP) does not provide direct access to its server, Secure Tunneling Protocol (SSH) / HTTP is another solution. Import Wizard allows you to import data to tables/collections from CSV, TXT, XML, DBF and more. To get a secure connection, the first thing you need to do is to install OpenSSL Library and download Database Source. Monitored servers include MySQL, MariaDB and SQL Server, and compatible with cloud databases like Amazon RDS, Amazon Aurora, Oracle Cloud, Google Cloud and Microsoft Azure. SSH serves to prevent such vulnerabilities and allows you to access a remote server\'s shell without compromising security. The reason why a great man is great is that he resolves to be a great man. In the middle of winter I at last discovered that there was in me an invincible summer. A query is used to extract data from the database in a readable format according to the user\'s request. In a Telnet session, all communications, including username and password, are transmitted in plain-text, allowing anyone to listen-in on your session and steal passwords and other information. The first step is as good as half over. Navicat Monitor can be installed on any local computer or virtual machine and does not require any software installation on the servers being monitored. Optimism is the one quality more associated with success and happiness than any other. In the Objects tab, you can use the List List, Detail Detail and ER Diagram ER Diagram buttons to change the object view. Navicat provides a wide range advanced features, such as compelling code editing capabilities, smart code-completion, SQL formatting, and more. A comfort zone is a beautiful place, but nothing ever grows there. Flexible settings enable you to set up a custom key for comparison and synchronization. If your Internet Service Provider (ISP) does not provide direct access to its server, Secure Tunneling Protocol (SSH) / HTTP is another solution. The reason why a great man is great is that he resolves to be a great man. A comfort zone is a beautiful place, but nothing ever grows there. Such sessions are also susceptible to session hijacking, where a malicious user takes over your session once you have authenticated. It wasn’t raining when Noah built the ark. It wasn’t raining when Noah built the ark. To successfully establish a new connection to local/remote server - no matter via SSL, SSH or HTTP, set the database login information in the General tab. The first step is as good as half over. All journeys have secret destinations of which the traveler is unaware.', 124, 643, '2002-02-26 12:40:28', '2002-09-26 01:56:09');
INSERT INTO `answers` VALUES (114, 5, 18, 'The past has no power over the present moment. A man’s best friends are his ten fingers. The past has no power over the present moment. All journeys have secret destinations of which the traveler is unaware. The Synchronize to Database function will give you a full picture of all database differences. A comfort zone is a beautiful place, but nothing ever grows there. The past has no power over the present moment. Remember that failure is an event, not a person. In a Telnet session, all communications, including username and password, are transmitted in plain-text, allowing anyone to listen-in on your session and steal passwords and other information. I will greet this day with love in my heart. The first step is as good as half over. If it scares you, it might be a good thing to try. After logged in the Navicat Cloud feature, the Navigation pane will be divided into Navicat Cloud and My Connections sections. The first step is as good as half over. If you wait, all that happens is you get older. You must be the change you wish to see in the world. Navicat 15 has added support for the system-wide dark mode. To successfully establish a new connection to local/remote server - no matter via SSL, SSH or HTTP, set the database login information in the General tab. Actually it is just in an idea when feel oneself can achieve and cannot achieve. There is no way to happiness. Happiness is the way. Monitored servers include MySQL, MariaDB and SQL Server, and compatible with cloud databases like Amazon RDS, Amazon Aurora, Oracle Cloud, Google Cloud and Microsoft Azure. Always keep your eyes open. Keep watching. Because whatever you see can inspire you. Navicat allows you to transfer data from one database and/or schema to another with detailed analytical process. I will greet this day with love in my heart. After logged in the Navicat Cloud feature, the Navigation pane will be divided into Navicat Cloud and My Connections sections. Secure Sockets Layer(SSL) is a protocol for transmitting private documents via the Internet. In the Objects tab, you can use the List List, Detail Detail and ER Diagram ER Diagram buttons to change the object view. Navicat is a multi-connections Database Administration tool allowing you to connect to MySQL, Oracle, PostgreSQL, SQLite, SQL Server, MariaDB and/or MongoDB databases, making database administration to multiple kinds of database so easy. If opportunity doesn’t knock, build a door. If it scares you, it might be a good thing to try. Navicat Data Modeler is a powerful and cost-effective database design tool which helps you build high-quality conceptual, logical and physical data models. If the Show objects under schema in navigation pane option is checked at the Preferences window, all database objects are also displayed in the pane. It collects process metrics such as CPU load, RAM usage, and a variety of other resources over SSH/SNMP. Actually it is just in an idea when feel oneself can achieve and cannot achieve. A man’s best friends are his ten fingers. To successfully establish a new connection to local/remote server - no matter via SSL or SSH, set the database login information in the General tab. Flexible settings enable you to set up a custom key for comparison and synchronization. How we spend our days is, of course, how we spend our lives. It collects process metrics such as CPU load, RAM usage, and a variety of other resources over SSH/SNMP. A man is not old until regrets take the place of dreams. To open a query using an external editor, control-click it and select Open with External Editor. You can set the file path of an external editor in Preferences. In other words, Navicat provides the ability for data in different databases and/or schemas to be kept up-to-date so that each repository contains the same information. Navicat is a multi-connections Database Administration tool allowing you to connect to MySQL, Oracle, PostgreSQL, SQLite, SQL Server, MariaDB and/or MongoDB databases, making database administration to multiple kinds of database so easy. You will succeed because most people are lazy. The Main Window consists of several toolbars and panes for you to work on connections, database objects and advanced tools. If opportunity doesn’t knock, build a door. HTTP Tunneling is a method for connecting to a server that uses the same protocol (http://) and the same port (port 80) as a web server does. Navicat Data Modeler enables you to build high-quality conceptual, logical and physical data models for a wide variety of audiences. Export Wizard allows you to export data from tables, collections, views, or query results to any available formats. Secure Sockets Layer(SSL) is a protocol for transmitting private documents via the Internet. Creativity is intelligence having fun. Typically, it is employed as an encrypted version of Telnet. Monitored servers include MySQL, MariaDB and SQL Server, and compatible with cloud databases like Amazon RDS, Amazon Aurora, Oracle Cloud, Google Cloud and Microsoft Azure. Secure Sockets Layer(SSL) is a protocol for transmitting private documents via the Internet. Navicat provides a wide range advanced features, such as compelling code editing capabilities, smart code-completion, SQL formatting, and more. Such sessions are also susceptible to session hijacking, where a malicious user takes over your session once you have authenticated. SSH serves to prevent such vulnerabilities and allows you to access a remote server\'s shell without compromising security. Anyone who has ever made anything of importance was disciplined. Optimism is the one quality more associated with success and happiness than any other. It provides strong authentication and secure encrypted communications between two hosts, known as SSH Port Forwarding (Tunneling), over an insecure network. It collects process metrics such as CPU load, RAM usage, and a variety of other resources over SSH/SNMP. How we spend our days is, of course, how we spend our lives. Actually it is just in an idea when feel oneself can achieve and cannot achieve. The reason why a great man is great is that he resolves to be a great man. You cannot save people, you can just love them. All the Navicat Cloud objects are located under different projects. You can share the project to other Navicat Cloud accounts for collaboration. Navicat Cloud provides a cloud service for synchronizing connections, queries, model files and virtual group information from Navicat, other Navicat family members, different machines and different platforms. You cannot save people, you can just love them. I may not have gone where I intended to go, but I think I have ended up where I needed to be. It collects process metrics such as CPU load, RAM usage, and a variety of other resources over SSH/SNMP. Typically, it is employed as an encrypted version of Telnet. Navicat 15 has added support for the system-wide dark mode. Navicat Monitor is a safe, simple and agentless remote server monitoring tool that is packed with powerful features to make your monitoring effective as possible. In a Telnet session, all communications, including username and password, are transmitted in plain-text, allowing anyone to listen-in on your session and steal passwords and other information. Creativity is intelligence having fun. The first step is as good as half over. A man is not old until regrets take the place of dreams. Success consists of going from failure to failure without loss of enthusiasm. Genius is an infinite capacity for taking pains. I may not have gone where I intended to go, but I think I have ended up where I needed to be. Actually it is just in an idea when feel oneself can achieve and cannot achieve. All journeys have secret destinations of which the traveler is unaware. Success consists of going from failure to failure without loss of enthusiasm. I will greet this day with love in my heart. With its well-designed Graphical User Interface(GUI), Navicat lets you quickly and easily create, organize, access and share information in a secure and easy way. To get a secure connection, the first thing you need to do is to install OpenSSL Library and download Database Source. The repository database can be an existing MySQL, MariaDB, PostgreSQL, SQL Server, or Amazon RDS instance. It can also manage cloud databases such as Amazon Redshift, Amazon RDS, Alibaba Cloud. Features in Navicat are sophisticated enough to provide professional developers for all their specific needs, yet easy to learn for users who are new to database server.', 24, 188, '2020-09-23 17:27:20', '2009-01-28 12:36:31');
INSERT INTO `answers` VALUES (115, 6, 2, 'ref和reactive的主要区别：\n\n1. ref适用于基本类型（String、Number等），reactive适用于对象和数组\n2. ref需要通过.value访问，但模板中会自动解包\n3. reactive使用Proxy实现，直接修改属性即可触发响应\n4. ref可以接收对象，内部会自动转换为reactive\n\n推荐：基本类型用ref，对象数组用reactive，或者全部用ref也可以。', 0, 12, '2026-03-21 19:30:00', '2026-03-21 19:30:00');
INSERT INTO `answers` VALUES (116, 6, 3, '补充一点，从Vue3.3开始，reactive解构会丢失响应式，但ref不会。所以如果要在setup中解构使用，推荐用toRefs包装。', 0, 8, '2026-03-21 19:45:00', '2026-03-21 19:45:00');
INSERT INTO `answers` VALUES (117, 6, 7, '我的经验是：小型项目用ref足够了，复杂项目用reactive更清晰。两者本质都是通过Proxy实现的。', 0, 5, '2026-03-21 20:00:00', '2026-03-21 20:00:00');
INSERT INTO `answers` VALUES (118, 7, 3, 'Pandas读取大文件的几种优化方法：\n\n1. 指定dtype，避免自动推断类型\n2. 使用chunksize分块读取\n3. 使用usecols只读取需要的列\n4. 将CSV转为Parquet格式，读取速度快10倍\n5. 使用polars库替代pandas，内存效率更高', 0, 18, '2026-03-21 18:30:00', '2026-03-21 18:30:00');
INSERT INTO `answers` VALUES (119, 9, 3, '深色模式实现方案：\n\n1. CSS变量 + prefers-color-scheme媒体查询（推荐）\n2. 使用class=\"dark\"切换，JS控制\n3. Tailwind CSS内置darkMode配置\n4. 使用CSS Filter: invert(1)实现快速深色（但效果一般）\n\n推荐第一种，纯CSS实现，浏览器原生支持。', 0, 15, '2026-03-19 16:00:00', '2026-03-19 16:00:00');
INSERT INTO `answers` VALUES (120, 9, 4, '补充：需要处理图片的深色模式，可以用filter: brightness(0.9)调节。图标如果是SVG，可以单独处理fill颜色。', 0, 7, '2026-03-19 18:00:00', '2026-03-19 18:00:00');
INSERT INTO `answers` VALUES (121, 10, 3, 'MySQL慢查询优化思路：\n\n1. EXPLAIN分析执行计划，关注type、key、rows字段\n2. 给WHERE条件列和ORDER BY列建索引\n3. 避免SELECT *，只查需要的字段\n4. 分页用游标分页代替OFFSET\n5. 适当使用覆盖索引\n6. 考虑数据量是否适合分库分表', 1, 32, '2026-03-18 12:00:00', '2026-03-18 12:00:00');
INSERT INTO `answers` VALUES (122, 10, 7, '补充：可以用pt-query-digest工具分析慢查询日志，找出Top N慢查询，然后针对性优化。', 0, 12, '2026-03-18 15:00:00', '2026-03-18 15:00:00');
INSERT INTO `answers` VALUES (123, 10, 4, '线上优化经验：有时候慢查询不是因为缺索引，而是因为统计信息过期，试试ANALYZE TABLE更新统计信息。', 0, 9, '2026-03-18 22:00:00', '2026-03-18 22:00:00');

-- ----------------------------
-- Table structure for assignment_attachments
-- ----------------------------
DROP TABLE IF EXISTS `assignment_attachments`;
CREATE TABLE `assignment_attachments`  (
  `id` bigint NOT NULL AUTO_INCREMENT COMMENT '附件ID',
  `assignment_id` bigint NOT NULL COMMENT '作业ID',
  `file_url` varchar(255) CHARACTER SET utf8mb4 COLLATE utf8mb4_0900_ai_ci NOT NULL COMMENT '文件URL',
  `file_name` varchar(100) CHARACTER SET utf8mb4 COLLATE utf8mb4_0900_ai_ci NOT NULL COMMENT '文件名',
  `file_size` bigint NULL DEFAULT 0 COMMENT '文件大小',
  PRIMARY KEY (`id`) USING BTREE,
  INDEX `idx_assignment_id`(`assignment_id` ASC) USING BTREE,
  CONSTRAINT `fk_assignment_attachments_assignment` FOREIGN KEY (`assignment_id`) REFERENCES `assignments` (`id`) ON DELETE CASCADE ON UPDATE RESTRICT
) ENGINE = InnoDB AUTO_INCREMENT = 5 CHARACTER SET = utf8mb4 COLLATE = utf8mb4_0900_ai_ci COMMENT = '作业附件表' ROW_FORMAT = Dynamic;

-- ----------------------------
-- Records of assignment_attachments
-- ----------------------------
INSERT INTO `assignment_attachments` VALUES (1, 1, '/assignments/1/design.png', '网页结构设计稿.png', 1245678);
INSERT INTO `assignment_attachments` VALUES (2, 2, '/assignments/2/responsive-design.zip', '响应式设计参考.zip', 3456789);
INSERT INTO `assignment_attachments` VALUES (3, 4, '/assignments/4/shopping-cart-demo.mp4', '购物车功能演示.mp4', 8765432);
INSERT INTO `assignment_attachments` VALUES (4, 5, '/assignments/5/sales_data.csv', '销售数据集.csv', 2345678);

-- ----------------------------
-- Table structure for assignment_submissions
-- ----------------------------
DROP TABLE IF EXISTS `assignment_submissions`;
CREATE TABLE `assignment_submissions`  (
  `id` bigint NOT NULL AUTO_INCREMENT COMMENT '提交ID',
  `assignment_id` bigint NOT NULL COMMENT '作业ID',
  `user_id` bigint NOT NULL COMMENT '学生ID',
  `content` text CHARACTER SET utf8mb4 COLLATE utf8mb4_0900_ai_ci NULL COMMENT '提交内容',
  `score` int NULL DEFAULT NULL COMMENT '得分',
  `feedback` text CHARACTER SET utf8mb4 COLLATE utf8mb4_0900_ai_ci NULL COMMENT '反馈',
  `submit_time` datetime NOT NULL DEFAULT CURRENT_TIMESTAMP COMMENT '提交时间',
  `graded_time` datetime NULL DEFAULT NULL COMMENT '评分时间',
  PRIMARY KEY (`id`) USING BTREE,
  UNIQUE INDEX `uk_user_assignment`(`user_id` ASC, `assignment_id` ASC) USING BTREE,
  INDEX `idx_assignment_id`(`assignment_id` ASC) USING BTREE,
  INDEX `idx_user_id`(`user_id` ASC) USING BTREE,
  INDEX `idx_submit_time`(`submit_time` ASC) USING BTREE,
  INDEX `idx_graded_time`(`graded_time` ASC) USING BTREE,
  CONSTRAINT `fk_assignment_submissions_assignment` FOREIGN KEY (`assignment_id`) REFERENCES `assignments` (`id`) ON DELETE CASCADE ON UPDATE RESTRICT,
  CONSTRAINT `fk_assignment_submissions_user` FOREIGN KEY (`user_id`) REFERENCES `users` (`id`) ON DELETE CASCADE ON UPDATE RESTRICT
) ENGINE = InnoDB AUTO_INCREMENT = 13 CHARACTER SET = utf8mb4 COLLATE = utf8mb4_0900_ai_ci COMMENT = '作业提交表' ROW_FORMAT = Dynamic;

-- ----------------------------
-- Records of assignment_submissions
-- ----------------------------
INSERT INTO `assignment_submissions` VALUES (1, 1, 1, '# HTML5页面结构设计作业\n\n我按照要求完成了页面结构设计，使用了HTML5语义化标签，包括header, nav, main, article, section, aside和footer等。\n\n## 实现要点\n\n1. 使用header标签包含网站标题和主导航\n2. 使用main标签包含页面主要内容\n3. 使用article和section组织内容区块\n4. 使用aside实现侧边栏\n5. 使用footer包含版权信息和次要导航\n\n代码已附在提交文件中。', 92, '很好的完成了作业要求，HTML结构清晰，语义化标签使用恰当。有几点小建议：1. 可以在nav中使用ul/li结构组织导航项；2. 可以为section添加更多的语义化id或class。继续保持！', '2023-06-28 15:30:45', '2023-07-01 10:15:22');
INSERT INTO `assignment_submissions` VALUES (2, 1, 2, '# HTML5页面结构设计\n\n我完成了HTML5页面结构的设计，严格按照设计稿实现，并使用了语义化标签。\n\n## 结构说明\n\n- header: 包含logo和主导航\n- main: 主内容区\n  - section: 产品介绍\n  - section: 特色功能\n  - section: 用户评价\n- aside: 侧边栏，包含相关链接和广告\n- footer: 页脚信息\n\n所有代码已通过W3C验证。', 95, '出色的工作！代码结构清晰，语义化标签使用准确，页面结构与设计稿高度一致。特别赞赏你对W3C标准的重视。一个小建议：可以考虑添加ARIA属性以提高可访问性。', '2023-06-29 09:45:12', '2023-07-01 11:20:35');
INSERT INTO `assignment_submissions` VALUES (3, 2, 1, '# CSS3响应式布局实现\n\n我使用CSS3媒体查询和Flexbox实现了响应式布局，在不同设备上都能良好展示。\n\n## 实现技术\n\n1. 使用Flexbox进行整体布局\n2. 媒体查询断点设置：\n   - 手机：<768px\n   - 平板：768px-1024px\n   - 桌面：>1024px\n3. 使用相对单位(rem, %)确保布局灵活性\n\n已提交HTML、CSS文件和各设备测试截图。', 88, '响应式布局实现得很好，断点设置合理，Flexbox使用恰当。有两点需要改进：1. 在小屏幕上导航菜单可以考虑使用汉堡菜单；2. 部分图片在小屏幕上没有等比例缩放。请在下次作业中注意这些细节。', '2023-07-12 16:40:23', '2023-07-16 14:30:18');
INSERT INTO `assignment_submissions` VALUES (4, 3, 2, '# JavaScript闭包与模块模式\n\n我实现了一个计数器模块，使用闭包实现了私有变量，并提供了增加、减少、重置和获取当前值的方法。\n\n## 代码实现\n\n```javascript\nconst createCounter = () => {\n  let count = 0;\n  \n  return {\n    increment: () => ++count,\n    decrement: () => --count,\n    reset: () => { count = 0; return count; },\n    getValue: () => count\n  };\n};\n```\n\n测试用例和结果已在提交文件中。', 98, '优秀的实现！代码简洁清晰，完美展示了闭包的应用。闭包的私有性保护得很好，接口设计合理。特别欣赏你的测试用例设计，覆盖了各种使用场景。继续保持这样的高质量代码风格！', '2023-06-24 11:25:38', '2023-06-26 09:10:45');
INSERT INTO `assignment_submissions` VALUES (5, 4, 5, '# Vue.js购物车组件\n\n我开发了一个Vue.js购物车组件，实现了所有要求的功能。\n\n## 组件结构\n\n- ShoppingCart (主组件)\n  - ProductList (商品列表组件)\n  - CartList (购物车列表组件)\n  - CartSummary (汇总组件)\n\n## 功能实现\n\n1. 使用Vuex管理购物车状态\n2. 实现了商品添加、数量修改、删除功能\n3. 使用计算属性计算总价和商品总数\n4. 实现了本地存储，刷新页面不丢失购物车数据\n\n代码和演示截图已提交。', NULL, NULL, '2023-07-09 20:15:33', NULL);
INSERT INTO `assignment_submissions` VALUES (11, 4, 6, '# Python数据分析报告\n\n使用Pandas处理销售数据集，完成数据清洗、转换、分析和可视化。\n\n分析报告包含：销售趋势、产品类别分析、客户群体分析。\n\nPython代码和PDF报告已提交。', NULL, NULL, '2026-03-21 19:30:00', NULL);
INSERT INTO `assignment_submissions` VALUES (12, 5, 9, '# Java企业级应用开发作业\n\n使用Spring Boot + MyBatis实现用户管理模块。\n\n包含：用户CRUD、分页查询、条件筛选、异常处理。\n\n代码已提交。', 90, '很好的实现！代码结构清晰，注解使用规范。建议后续加上事务管理和缓存优化。', '2026-03-20 16:00:00', '2026-03-21 10:00:00');

-- ----------------------------
-- Table structure for assignments
-- ----------------------------
DROP TABLE IF EXISTS `assignments`;
CREATE TABLE `assignments`  (
  `id` bigint NOT NULL AUTO_INCREMENT COMMENT '作业ID',
  `title` varchar(100) CHARACTER SET utf8mb4 COLLATE utf8mb4_0900_ai_ci NOT NULL COMMENT '作业标题',
  `description` text CHARACTER SET utf8mb4 COLLATE utf8mb4_0900_ai_ci NULL COMMENT '作业描述',
  `course_id` bigint NOT NULL COMMENT '关联课程ID',
  `deadline` datetime NOT NULL COMMENT '截止日期',
  `total_score` int NULL DEFAULT 100 COMMENT '总分',
  `content` text CHARACTER SET utf8mb4 COLLATE utf8mb4_0900_ai_ci NULL COMMENT '作业内容',
  `create_time` datetime NOT NULL DEFAULT CURRENT_TIMESTAMP COMMENT '创建时间',
  `update_time` datetime NOT NULL DEFAULT CURRENT_TIMESTAMP ON UPDATE CURRENT_TIMESTAMP COMMENT '更新时间',
  `attachments` text CHARACTER SET utf8mb4 COLLATE utf8mb4_0900_ai_ci NULL COMMENT '附件URL列表(JSON格式)',
  PRIMARY KEY (`id`) USING BTREE,
  INDEX `idx_course_id`(`course_id` ASC) USING BTREE
) ENGINE = InnoDB AUTO_INCREMENT = 6 CHARACTER SET = utf8mb4 COLLATE = utf8mb4_0900_ai_ci COMMENT = '作业表' ROW_FORMAT = Dynamic;

-- ----------------------------
-- Records of assignments
-- ----------------------------
INSERT INTO `assignments` VALUES (1, 'HTML5页面结构设计', '根据提供的设计稿，使用HTML5语义化标签创建页面结构，包含头部、导航、主内容区、侧边栏和底部。', 1, '2023-06-30 23:59:59', 100, '# 作业要求\n\n1. 使用HTML5语义化标签（header, nav, main, article, section, aside, footer等）\n2. 页面结构需符合设计稿\n3. 代码需符合W3C规范\n4. 提交HTML文件和说明文档\n\n# 设计稿\n请参考附件中的设计稿图片。', '2025-11-21 13:45:30', '2025-11-21 13:45:30', NULL);
INSERT INTO `assignments` VALUES (2, 'CSS3响应式布局实现', '使用CSS3技术实现一个响应式网页，要求在不同设备上（手机、平板、电脑）都能良好展示。', 1, '2023-07-15 23:59:59', 100, '# 作业要求\n\n1. 使用CSS3媒体查询实现响应式布局\n2. 使用Flexbox或Grid布局技术\n3. 断点设置合理（至少包含手机、平板、桌面三种视图）\n4. 提交HTML、CSS文件和测试截图\n\n# 参考设计\n请参考附件中的设计图片。', '2025-11-21 13:45:30', '2025-11-21 13:45:30', NULL);
INSERT INTO `assignments` VALUES (3, 'JavaScript闭包与模块模式', '实现一个计数器模块，使用闭包实现私有变量，提供增加、减少、重置和获取当前值的方法。', 2, '2023-06-25 23:59:59', 100, '# 作业要求\n\n1. 使用闭包实现私有变量\n2. 提供四个公共方法：increment(), decrement(), reset(), getValue()\n3. 模块可以创建多个独立的计数器实例\n4. 提交JavaScript文件和测试用例\n\n# 示例代码结构\n```javascript\nconst createCounter = () => {\n  // 你的实现\n};\n\nconst counter1 = createCounter();\nconst counter2 = createCounter();\n// 测试代码\n```', '2025-11-21 13:45:30', '2025-11-21 13:45:30', NULL);
INSERT INTO `assignments` VALUES (4, 'Vue.js组件开发', '开发一个Vue.js购物车组件，实现商品列表展示、添加商品、修改数量、删除商品和计算总价的功能。', 3, '2023-07-10 23:59:59', 100, '# 作业要求\n\n1. 使用Vue.js组件化开发\n2. 实现商品列表展示、添加商品、修改数量、删除商品功能\n3. 使用计算属性计算总价\n4. 使用合适的事件处理机制\n5. 提交Vue组件代码和演示截图\n\n# 组件结构\n- ShoppingCart（主组件）\n  - ProductList（商品列表）\n  - CartList（购物车列表）\n  - CartSummary（购物车汇总）', '2025-11-21 13:45:30', '2025-11-21 13:45:30', NULL);
INSERT INTO `assignments` VALUES (5, 'Python数据分析报告', '使用Python对提供的销售数据集进行分析，生成销售趋势、产品类别分析和客户群体分析报告。', 4, '2023-07-20 23:59:59', 100, '# 作业要求\n\n1. 使用Pandas进行数据清洗和处理\n2. 使用Matplotlib或Seaborn进行数据可视化\n3. 分析内容包括：销售趋势、产品类别分析、客户群体分析\n4. 提交Python代码、数据分析报告（PDF格式）\n\n# 数据集\n请使用课程提供的sales_data.csv文件。', '2025-11-21 13:45:30', '2025-11-21 13:45:30', NULL);

-- ----------------------------
-- Table structure for chapters
-- ----------------------------
DROP TABLE IF EXISTS `chapters`;
CREATE TABLE `chapters`  (
  `id` bigint NOT NULL AUTO_INCREMENT COMMENT '章节ID',
  `course_id` bigint NOT NULL COMMENT '课程ID',
  `title` varchar(100) CHARACTER SET utf8mb4 COLLATE utf8mb4_0900_ai_ci NOT NULL COMMENT '章节标题',
  `sort` int NULL DEFAULT 0 COMMENT '排序号',
  `create_time` datetime NOT NULL DEFAULT CURRENT_TIMESTAMP COMMENT '创建时间',
  `update_time` datetime NOT NULL DEFAULT CURRENT_TIMESTAMP ON UPDATE CURRENT_TIMESTAMP COMMENT '更新时间',
  PRIMARY KEY (`id`) USING BTREE,
  INDEX `idx_course_id`(`course_id` ASC) USING BTREE,
  CONSTRAINT `fk_chapters_course` FOREIGN KEY (`course_id`) REFERENCES `courses` (`id`) ON DELETE CASCADE ON UPDATE RESTRICT
) ENGINE = InnoDB AUTO_INCREMENT = 21 CHARACTER SET = utf8mb4 COLLATE = utf8mb4_0900_ai_ci COMMENT = '章节表' ROW_FORMAT = Dynamic;

-- ----------------------------
-- Records of chapters
-- ----------------------------
INSERT INTO `chapters` VALUES (1, 1, '章节test', 5, '2025-11-21 13:45:30', '2026-03-01 20:04:41');
INSERT INTO `chapters` VALUES (2, 1, 'CSS3核心技术', 2, '2025-11-21 13:45:30', '2025-11-21 13:45:30');
INSERT INTO `chapters` VALUES (3, 1, '响应式布局实战', 3, '2025-11-21 13:45:30', '2025-11-21 13:45:30');
INSERT INTO `chapters` VALUES (4, 1, '综合项目实战', 4, '2025-11-21 13:45:30', '2025-11-21 13:45:30');
INSERT INTO `chapters` VALUES (5, 2, 'JavaScript基础回顾', 1, '2025-11-21 13:45:30', '2025-11-21 13:45:30');
INSERT INTO `chapters` VALUES (6, 2, 'ES6+新特性详解', 2, '2025-11-21 13:45:30', '2025-11-21 13:45:30');
INSERT INTO `chapters` VALUES (7, 2, '异步编程与Promise', 3, '2025-11-21 13:45:30', '2025-11-21 13:45:30');
INSERT INTO `chapters` VALUES (8, 2, '函数式编程思想', 4, '2025-11-21 13:45:30', '2025-11-21 13:45:30');
INSERT INTO `chapters` VALUES (9, 2, '设计模式与最佳实践', 5, '2025-11-21 13:45:30', '2025-11-21 13:45:30');
INSERT INTO `chapters` VALUES (10, 3, 'Vue.js基础入门', 1, '2025-11-21 13:45:30', '2025-11-21 13:45:30');
INSERT INTO `chapters` VALUES (11, 3, '组件化开发', 2, '2025-11-21 13:45:30', '2025-11-21 13:45:30');
INSERT INTO `chapters` VALUES (12, 3, 'Vuex状态管理', 3, '2025-11-21 13:45:30', '2025-11-21 13:45:30');
INSERT INTO `chapters` VALUES (13, 3, 'Vue Router路由配置', 4, '2025-11-21 13:45:30', '2025-11-21 13:45:30');
INSERT INTO `chapters` VALUES (14, 3, '电商项目实战', 5, '2025-11-21 13:45:30', '2025-11-21 13:45:30');
INSERT INTO `chapters` VALUES (15, 4, 'Python基础回顾', 1, '2025-11-21 13:45:30', '2025-11-21 13:45:30');
INSERT INTO `chapters` VALUES (16, 4, 'NumPy数据处理', 2, '2025-11-21 13:45:30', '2025-11-21 13:45:30');
INSERT INTO `chapters` VALUES (17, 4, 'Pandas数据分析', 3, '2025-11-21 13:45:30', '2025-11-21 13:45:30');
INSERT INTO `chapters` VALUES (18, 4, 'Matplotlib数据可视化', 4, '2025-11-21 13:45:30', '2025-11-21 13:45:30');
INSERT INTO `chapters` VALUES (19, 4, '数据分析项目实战', 5, '2025-11-21 13:45:30', '2025-11-21 13:45:30');
INSERT INTO `chapters` VALUES (20, 1, '章节test', 1, '2026-03-01 19:41:30', '2026-03-01 19:41:30');

-- ----------------------------
-- Table structure for course_categories
-- ----------------------------
DROP TABLE IF EXISTS `course_categories`;
CREATE TABLE `course_categories`  (
  `id` bigint NOT NULL AUTO_INCREMENT COMMENT '分类ID',
  `name` varchar(50) CHARACTER SET utf8mb4 COLLATE utf8mb4_0900_ai_ci NOT NULL COMMENT '分类名称',
  `icon` varchar(255) CHARACTER SET utf8mb4 COLLATE utf8mb4_0900_ai_ci NULL DEFAULT NULL COMMENT '分类图标',
  `parent_id` bigint NULL DEFAULT NULL COMMENT '父分类ID',
  `sort` int NULL DEFAULT 0 COMMENT '排序',
  `create_time` datetime NOT NULL DEFAULT CURRENT_TIMESTAMP COMMENT '创建时间',
  `update_time` datetime NOT NULL DEFAULT CURRENT_TIMESTAMP ON UPDATE CURRENT_TIMESTAMP COMMENT '更新时间',
  PRIMARY KEY (`id`) USING BTREE,
  INDEX `idx_parent_id`(`parent_id` ASC) USING BTREE
) ENGINE = InnoDB AUTO_INCREMENT = 28 CHARACTER SET = utf8mb4 COLLATE = utf8mb4_0900_ai_ci COMMENT = '课程分类表' ROW_FORMAT = Dynamic;

-- ----------------------------
-- Records of course_categories
-- ----------------------------
INSERT INTO `course_categories` VALUES (1, '编程开发', '/icons/programming.png', NULL, 1, '2025-11-21 13:45:30', '2025-11-21 13:45:30');
INSERT INTO `course_categories` VALUES (2, '设计创作', '/icons/design.png', NULL, 2, '2025-11-21 13:45:30', '2025-11-21 13:45:30');
INSERT INTO `course_categories` VALUES (3, '语言学习', '/icons/language.png', NULL, 3, '2025-11-21 13:45:30', '2025-11-21 13:45:30');
INSERT INTO `course_categories` VALUES (4, '职业技能', '/icons/career.png', NULL, 4, '2025-11-21 13:45:30', '2025-11-21 13:45:30');
INSERT INTO `course_categories` VALUES (5, '兴趣爱好', '/icons/hobby.png', NULL, 5, '2025-11-21 13:45:30', '2025-11-21 13:45:30');
INSERT INTO `course_categories` VALUES (6, '学历教育', '/icons/education.png', NULL, 6, '2025-11-21 13:45:30', '2025-11-21 13:45:30');
INSERT INTO `course_categories` VALUES (7, 'Web前端', '/icons/frontend.png', 1, 1, '2025-11-21 13:45:30', '2025-11-21 13:45:30');
INSERT INTO `course_categories` VALUES (8, '后端开发', '/icons/backend.png', 1, 2, '2025-11-21 13:45:30', '2025-11-21 13:45:30');
INSERT INTO `course_categories` VALUES (9, '移动开发', '/icons/mobile.png', 1, 3, '2025-11-21 13:45:30', '2025-11-21 13:45:30');
INSERT INTO `course_categories` VALUES (10, '数据科学', '/icons/datascience.png', 1, 4, '2025-11-21 13:45:30', '2025-11-21 13:45:30');
INSERT INTO `course_categories` VALUES (11, 'UI设计', '/icons/ui.png', 2, 1, '2025-11-21 13:45:30', '2025-11-21 13:45:30');
INSERT INTO `course_categories` VALUES (12, '平面设计', '/icons/graphic.png', 2, 2, '2025-11-21 13:45:30', '2025-11-21 13:45:30');
INSERT INTO `course_categories` VALUES (13, '3D建模', '/icons/3d.png', 2, 3, '2025-11-21 13:45:30', '2025-11-21 13:45:30');
INSERT INTO `course_categories` VALUES (14, '英语', '/icons/english.png', 3, 1, '2025-11-21 13:45:30', '2025-11-21 13:45:30');
INSERT INTO `course_categories` VALUES (15, '日语', '/icons/japanese.png', 3, 2, '2025-11-21 13:45:30', '2025-11-21 13:45:30');
INSERT INTO `course_categories` VALUES (16, '韩语', '/icons/korean.png', 3, 3, '2025-11-21 13:45:30', '2025-11-21 13:45:30');
INSERT INTO `course_categories` VALUES (17, '项目管理', '/icons/projectmanagement.png', 4, 1, '2025-11-21 13:45:30', '2025-11-21 13:45:30');
INSERT INTO `course_categories` VALUES (18, '营销推广', '/icons/marketing.png', 4, 2, '2025-11-21 13:45:30', '2025-11-21 13:45:30');
INSERT INTO `course_categories` VALUES (19, '职场办公', '/icons/office.png', 4, 3, '2025-11-21 13:45:30', '2025-11-21 13:45:30');
INSERT INTO `course_categories` VALUES (20, '音乐', '/icons/music.png', 5, 1, '2025-11-21 13:45:30', '2025-11-21 13:45:30');
INSERT INTO `course_categories` VALUES (21, '烹饪', '/icons/cooking.png', 5, 2, '2025-11-21 13:45:30', '2025-11-21 13:45:30');
INSERT INTO `course_categories` VALUES (22, '摄影', '/icons/photography.png', 5, 3, '2025-11-21 13:45:30', '2025-11-21 13:45:30');
INSERT INTO `course_categories` VALUES (23, '考研', '/icons/postgraduate.png', 6, 1, '2025-11-21 13:45:30', '2025-11-21 13:45:30');
INSERT INTO `course_categories` VALUES (24, '考公', '/icons/civilservice.png', 6, 2, '2025-11-21 13:45:30', '2025-11-21 13:45:30');
INSERT INTO `course_categories` VALUES (25, '专升本', '/icons/undergraduate.png', 6, 3, '2025-11-21 13:45:30', '2025-11-21 13:45:30');
INSERT INTO `course_categories` VALUES (26, 'Vue', '/icons/undergraduate.png', 7, 0, '2026-02-09 21:04:59', '2026-02-09 21:05:00');
INSERT INTO `course_categories` VALUES (27, 'HTML', '/icons/undergraduate.png', 7, 1, '2026-02-09 21:05:22', '2026-02-09 21:05:24');

-- ----------------------------
-- Table structure for course_comments
-- ----------------------------
DROP TABLE IF EXISTS `course_comments`;
CREATE TABLE `course_comments`  (
  `id` bigint NOT NULL AUTO_INCREMENT COMMENT '评论ID',
  `course_id` bigint NOT NULL COMMENT '课程ID',
  `user_id` bigint NOT NULL COMMENT '用户ID',
  `content` text CHARACTER SET utf8mb4 COLLATE utf8mb4_0900_ai_ci NOT NULL COMMENT '评论内容',
  `rating` tinyint UNSIGNED NULL DEFAULT 5 COMMENT '评分(1-5)',
  `create_time` datetime NOT NULL DEFAULT CURRENT_TIMESTAMP COMMENT '创建时间',
  `update_time` datetime NOT NULL DEFAULT CURRENT_TIMESTAMP ON UPDATE CURRENT_TIMESTAMP COMMENT '更新时间',
  PRIMARY KEY (`id`) USING BTREE,
  INDEX `idx_course_id`(`course_id` ASC) USING BTREE,
  INDEX `idx_user_id`(`user_id` ASC) USING BTREE,
  CONSTRAINT `fk_comments_course` FOREIGN KEY (`course_id`) REFERENCES `courses` (`id`) ON DELETE RESTRICT ON UPDATE RESTRICT,
  CONSTRAINT `fk_comments_user` FOREIGN KEY (`user_id`) REFERENCES `users` (`id`) ON DELETE RESTRICT ON UPDATE RESTRICT
) ENGINE = InnoDB AUTO_INCREMENT = 21 CHARACTER SET = utf8mb4 COLLATE = utf8mb4_0900_ai_ci COMMENT = '课程评论表' ROW_FORMAT = Dynamic;

-- ----------------------------
-- Records of course_comments
-- ----------------------------
INSERT INTO `course_comments` VALUES (1, 1, 1, '课程内容非常详细，老师讲解清晰，对初学者很友好，学完后对HTML和CSS有了系统的了解。', 5, '2025-11-21 13:45:30', '2025-11-21 13:45:30');
INSERT INTO `course_comments` VALUES (2, 1, 2, '课程质量很高，但是有些知识点讲解有点快，希望能够放慢节奏。', 4, '2025-11-21 13:45:30', '2025-11-21 13:45:30');
INSERT INTO `course_comments` VALUES (3, 1, 5, '实战项目很有帮助，让我学以致用，巩固了所学知识。', 5, '2025-11-21 13:45:30', '2025-11-21 13:45:30');
INSERT INTO `course_comments` VALUES (4, 2, 6, '老师对JavaScript的理解很深入，讲解的例子也很贴近实际工作场景，收获很大。', 5, '2025-11-21 13:45:30', '2025-11-21 13:45:30');
INSERT INTO `course_comments` VALUES (5, 2, 8, '课程内容有深度，但是有些概念讲解不够清晰，需要自己额外查阅资料。', 3, '2025-11-21 13:45:30', '2025-11-21 13:45:30');
INSERT INTO `course_comments` VALUES (6, 3, 1, 'Vue.js课程非常实用，项目实战部分设计得很好，学完后能够独立开发Vue应用。', 5, '2025-11-21 13:45:30', '2025-11-21 13:45:30');
INSERT INTO `course_comments` VALUES (7, 3, 5, '老师讲解思路清晰，代码规范，对提升我的Vue开发能力帮助很大。', 5, '2025-11-21 13:45:30', '2025-11-21 13:45:30');
INSERT INTO `course_comments` VALUES (8, 4, 2, 'Python数据分析课程内容丰富，案例生动，学完后能够处理实际工作中的数据分析任务。', 4, '2025-11-21 13:45:30', '2025-11-21 13:45:30');
INSERT INTO `course_comments` VALUES (9, 4, 6, '课程内容与实际工作结合紧密，老师经验丰富，讲解到位。', 5, '2025-11-21 13:45:30', '2025-11-21 13:45:30');
INSERT INTO `course_comments` VALUES (10, 5, 1, 'Java企业级应用开发课程很全面，从基础到高级都有覆盖，学习曲线设计合理。', 4, '2025-11-21 13:45:30', '2025-11-21 13:45:30');
INSERT INTO `course_comments` VALUES (11, 1, 1, '课程内容非常实用，老师讲解清晰，配套项目很有价值，学完之后能够独立完成静态页面开发。', 5, '2026-03-21 10:00:00', '2026-03-21 10:00:00');
INSERT INTO `course_comments` VALUES (12, 1, 2, 'CSS3部分讲解很深入，尤其是Flexbox和Grid布局，配合大量实例容易理解。', 5, '2026-03-20 15:00:00', '2026-03-20 15:00:00');
INSERT INTO `course_comments` VALUES (13, 2, 5, 'JavaScript高级部分讲得很好，闭包、原型链讲得很透彻，终于理解了这些概念。', 5, '2026-03-21 11:00:00', '2026-03-21 11:00:00');
INSERT INTO `course_comments` VALUES (14, 2, 6, 'ES6+新特性讲解清晰，配合实际项目案例，比看文档学得快多了。', 4, '2026-03-20 14:00:00', '2026-03-20 14:00:00');
INSERT INTO `course_comments` VALUES (15, 3, 1, 'Vue3 Composition API讲得很好，配合实际项目学习曲线平缓很多，推荐！', 5, '2026-03-21 12:00:00', '2026-03-21 12:00:00');
INSERT INTO `course_comments` VALUES (16, 3, 2, '组件化开发思想讲得很清楚，从基础到项目实战，循序渐进。', 5, '2026-03-19 16:00:00', '2026-03-19 16:00:00');
INSERT INTO `course_comments` VALUES (17, 3, 5, 'Vuex部分稍微有点难理解，希望可以增加更多实际案例。', 4, '2026-03-18 11:00:00', '2026-03-18 11:00:00');
INSERT INTO `course_comments` VALUES (18, 4, 6, '数据分析部分很实用，Pandas和Matplotlib的讲解配合真实数据集，学会了可以直接用在工作中。', 5, '2026-03-21 13:00:00', '2026-03-21 13:00:00');
INSERT INTO `course_comments` VALUES (19, 4, 9, 'Python数据分析课程内容丰富，案例生动，学完后能够处理实际工作中的数据分析任务。', 4, '2026-03-19 15:00:00', '2026-03-19 15:00:00');
INSERT INTO `course_comments` VALUES (20, 5, 9, 'Spring Boot部分讲解系统完整，从基础到高级都有覆盖，学习曲线设计合理。', 5, '2026-03-20 10:00:00', '2026-03-20 10:00:00');

-- ----------------------------
-- Table structure for course_daily_statistics
-- ----------------------------
DROP TABLE IF EXISTS `course_daily_statistics`;
CREATE TABLE `course_daily_statistics`  (
  `id` bigint NOT NULL AUTO_INCREMENT COMMENT 'ID',
  `course_id` bigint NOT NULL COMMENT '课程ID',
  `stat_date` date NOT NULL COMMENT '统计日期',
  `view_count` int NOT NULL DEFAULT 0 COMMENT '浏览次数',
  `study_count` int NOT NULL DEFAULT 0 COMMENT '学习人数',
  `study_time` int NOT NULL DEFAULT 0 COMMENT '学习时长(分钟)',
  `new_student_count` int NOT NULL DEFAULT 0 COMMENT '新增学员数',
  `comment_count` int NOT NULL DEFAULT 0 COMMENT '评论数',
  `create_time` datetime NOT NULL DEFAULT CURRENT_TIMESTAMP COMMENT '创建时间',
  PRIMARY KEY (`id`) USING BTREE,
  INDEX `idx_course_date`(`course_id` ASC, `stat_date` ASC) USING BTREE
) ENGINE = InnoDB AUTO_INCREMENT = 76 CHARACTER SET = utf8mb4 COLLATE = utf8mb4_0900_ai_ci COMMENT = '课程每日学习统计表' ROW_FORMAT = Dynamic;

-- ----------------------------
-- Records of course_daily_statistics
-- ----------------------------
INSERT INTO `course_daily_statistics` VALUES (1, 1, '2023-06-01', 85, 68, 3200, 5, 6, '2025-11-21 13:45:30');
INSERT INTO `course_daily_statistics` VALUES (2, 1, '2023-06-02', 92, 75, 3500, 4, 8, '2025-11-21 13:45:30');
INSERT INTO `course_daily_statistics` VALUES (3, 1, '2023-06-03', 88, 70, 3300, 3, 7, '2025-11-21 13:45:30');
INSERT INTO `course_daily_statistics` VALUES (4, 1, '2023-06-04', 95, 78, 3600, 5, 9, '2025-11-21 13:45:30');
INSERT INTO `course_daily_statistics` VALUES (5, 1, '2023-06-05', 90, 72, 3400, 4, 8, '2025-11-21 13:45:30');
INSERT INTO `course_daily_statistics` VALUES (6, 2, '2023-06-01', 78, 62, 2800, 4, 5, '2025-11-21 13:45:30');
INSERT INTO `course_daily_statistics` VALUES (7, 2, '2023-06-02', 85, 68, 3100, 3, 7, '2025-11-21 13:45:30');
INSERT INTO `course_daily_statistics` VALUES (8, 2, '2023-06-03', 82, 65, 2900, 4, 6, '2025-11-21 13:45:30');
INSERT INTO `course_daily_statistics` VALUES (9, 2, '2023-06-04', 88, 70, 3200, 5, 8, '2025-11-21 13:45:30');
INSERT INTO `course_daily_statistics` VALUES (10, 2, '2023-06-05', 84, 67, 3000, 3, 7, '2025-11-21 13:45:30');
INSERT INTO `course_daily_statistics` VALUES (11, 3, '2023-06-01', 65, 52, 2400, 3, 4, '2025-11-21 13:45:30');
INSERT INTO `course_daily_statistics` VALUES (12, 3, '2023-06-02', 70, 56, 2600, 2, 5, '2025-11-21 13:45:30');
INSERT INTO `course_daily_statistics` VALUES (13, 3, '2023-06-03', 68, 54, 2500, 3, 5, '2025-11-21 13:45:30');
INSERT INTO `course_daily_statistics` VALUES (14, 3, '2023-06-04', 72, 58, 2700, 4, 6, '2025-11-21 13:45:30');
INSERT INTO `course_daily_statistics` VALUES (15, 3, '2023-06-05', 69, 55, 2550, 3, 5, '2025-11-21 13:45:30');
INSERT INTO `course_daily_statistics` VALUES (16, 4, '2023-06-01', 55, 44, 2000, 2, 3, '2025-11-21 13:45:30');
INSERT INTO `course_daily_statistics` VALUES (17, 4, '2023-06-02', 60, 48, 2200, 3, 4, '2025-11-21 13:45:30');
INSERT INTO `course_daily_statistics` VALUES (18, 4, '2023-06-03', 58, 46, 2100, 2, 4, '2025-11-21 13:45:30');
INSERT INTO `course_daily_statistics` VALUES (19, 4, '2023-06-04', 62, 50, 2300, 3, 5, '2025-11-21 13:45:30');
INSERT INTO `course_daily_statistics` VALUES (20, 4, '2023-06-05', 59, 47, 2150, 2, 4, '2025-11-21 13:45:30');
INSERT INTO `course_daily_statistics` VALUES (21, 5, '2023-06-01', 45, 36, 1600, 2, 3, '2025-11-21 13:45:30');
INSERT INTO `course_daily_statistics` VALUES (22, 5, '2023-06-02', 48, 38, 1700, 1, 3, '2025-11-21 13:45:30');
INSERT INTO `course_daily_statistics` VALUES (23, 5, '2023-06-03', 47, 37, 1650, 2, 3, '2025-11-21 13:45:30');
INSERT INTO `course_daily_statistics` VALUES (24, 5, '2023-06-04', 50, 40, 1800, 2, 4, '2025-11-21 13:45:30');
INSERT INTO `course_daily_statistics` VALUES (25, 5, '2023-06-05', 49, 39, 1750, 2, 3, '2025-11-21 13:45:30');
INSERT INTO `course_daily_statistics` VALUES (26, 6, '2023-06-01', 0, 0, 0, 0, 0, '2025-11-21 13:45:30');
INSERT INTO `course_daily_statistics` VALUES (27, 6, '2023-06-02', 0, 0, 0, 0, 0, '2025-11-21 13:45:30');
INSERT INTO `course_daily_statistics` VALUES (28, 6, '2023-06-03', 120, 1, 2, 0, 0, '2025-11-21 13:45:30');
INSERT INTO `course_daily_statistics` VALUES (29, 6, '2023-06-04', 0, 0, 0, 0, 0, '2025-11-21 13:45:30');
INSERT INTO `course_daily_statistics` VALUES (30, 6, '2023-06-05', 135, 1, 3, 0, 0, '2025-11-21 13:45:30');
INSERT INTO `course_daily_statistics` VALUES (31, 9, '2023-06-01', 0, 0, 0, 0, 0, '2025-11-21 13:45:30');
INSERT INTO `course_daily_statistics` VALUES (32, 9, '2023-06-02', 0, 0, 0, 0, 0, '2025-11-21 13:45:30');
INSERT INTO `course_daily_statistics` VALUES (33, 9, '2023-06-03', 0, 0, 0, 0, 0, '2025-11-21 13:45:30');
INSERT INTO `course_daily_statistics` VALUES (34, 9, '2023-06-04', 165, 1, 3, 0, 0, '2025-11-21 13:45:30');
INSERT INTO `course_daily_statistics` VALUES (35, 9, '2023-06-05', 0, 0, 0, 0, 0, '2025-11-21 13:45:30');
INSERT INTO `course_daily_statistics` VALUES (36, 1, '2026-03-12', 95, 78, 3600, 5, 8, '2026-03-12 23:00:00');
INSERT INTO `course_daily_statistics` VALUES (37, 1, '2026-03-13', 88, 72, 3400, 4, 7, '2026-03-13 23:00:00');
INSERT INTO `course_daily_statistics` VALUES (38, 1, '2026-03-14', 102, 85, 3900, 6, 9, '2026-03-14 23:00:00');
INSERT INTO `course_daily_statistics` VALUES (39, 1, '2026-03-15', 110, 90, 4200, 7, 10, '2026-03-15 23:00:00');
INSERT INTO `course_daily_statistics` VALUES (40, 1, '2026-03-16', 75, 62, 2900, 3, 6, '2026-03-16 23:00:00');
INSERT INTO `course_daily_statistics` VALUES (41, 1, '2026-03-17', 120, 98, 4500, 8, 11, '2026-03-17 23:00:00');
INSERT INTO `course_daily_statistics` VALUES (42, 1, '2026-03-18', 95, 78, 3600, 5, 8, '2026-03-18 23:00:00');
INSERT INTO `course_daily_statistics` VALUES (43, 1, '2026-03-19', 90, 74, 3450, 4, 7, '2026-03-19 23:00:00');
INSERT INTO `course_daily_statistics` VALUES (44, 1, '2026-03-20', 115, 94, 4350, 7, 10, '2026-03-20 23:00:00');
INSERT INTO `course_daily_statistics` VALUES (45, 1, '2026-03-21', 130, 108, 5000, 9, 12, '2026-03-21 23:00:00');
INSERT INTO `course_daily_statistics` VALUES (46, 2, '2026-03-12', 82, 68, 3100, 4, 6, '2026-03-12 23:00:00');
INSERT INTO `course_daily_statistics` VALUES (47, 2, '2026-03-13', 78, 65, 2950, 3, 5, '2026-03-13 23:00:00');
INSERT INTO `course_daily_statistics` VALUES (48, 2, '2026-03-14', 90, 75, 3400, 5, 7, '2026-03-14 23:00:00');
INSERT INTO `course_daily_statistics` VALUES (49, 2, '2026-03-15', 98, 82, 3750, 6, 8, '2026-03-15 23:00:00');
INSERT INTO `course_daily_statistics` VALUES (50, 2, '2026-03-16', 65, 54, 2450, 2, 4, '2026-03-16 23:00:00');
INSERT INTO `course_daily_statistics` VALUES (51, 2, '2026-03-17', 105, 88, 4000, 7, 9, '2026-03-17 23:00:00');
INSERT INTO `course_daily_statistics` VALUES (52, 2, '2026-03-18', 85, 71, 3250, 4, 6, '2026-03-18 23:00:00');
INSERT INTO `course_daily_statistics` VALUES (53, 2, '2026-03-19', 80, 67, 3050, 3, 5, '2026-03-19 23:00:00');
INSERT INTO `course_daily_statistics` VALUES (54, 2, '2026-03-20', 100, 84, 3850, 6, 8, '2026-03-20 23:00:00');
INSERT INTO `course_daily_statistics` VALUES (55, 2, '2026-03-21', 112, 94, 4300, 8, 10, '2026-03-21 23:00:00');
INSERT INTO `course_daily_statistics` VALUES (56, 3, '2026-03-12', 70, 58, 2650, 3, 5, '2026-03-12 23:00:00');
INSERT INTO `course_daily_statistics` VALUES (57, 3, '2026-03-13', 65, 54, 2450, 2, 4, '2026-03-13 23:00:00');
INSERT INTO `course_daily_statistics` VALUES (58, 3, '2026-03-14', 78, 65, 2950, 4, 6, '2026-03-14 23:00:00');
INSERT INTO `course_daily_statistics` VALUES (59, 3, '2026-03-15', 85, 71, 3250, 5, 7, '2026-03-15 23:00:00');
INSERT INTO `course_daily_statistics` VALUES (60, 3, '2026-03-16', 55, 46, 2100, 2, 3, '2026-03-16 23:00:00');
INSERT INTO `course_daily_statistics` VALUES (61, 3, '2026-03-17', 92, 77, 3500, 6, 8, '2026-03-17 23:00:00');
INSERT INTO `course_daily_statistics` VALUES (62, 3, '2026-03-18', 72, 60, 2750, 3, 5, '2026-03-18 23:00:00');
INSERT INTO `course_daily_statistics` VALUES (63, 3, '2026-03-19', 68, 56, 2550, 2, 4, '2026-03-19 23:00:00');
INSERT INTO `course_daily_statistics` VALUES (64, 3, '2026-03-20', 88, 73, 3350, 5, 7, '2026-03-20 23:00:00');
INSERT INTO `course_daily_statistics` VALUES (65, 3, '2026-03-21', 98, 82, 3750, 7, 9, '2026-03-21 23:00:00');
INSERT INTO `course_daily_statistics` VALUES (66, 4, '2026-03-12', 60, 50, 2250, 2, 4, '2026-03-12 23:00:00');
INSERT INTO `course_daily_statistics` VALUES (67, 4, '2026-03-13', 55, 46, 2050, 2, 3, '2026-03-13 23:00:00');
INSERT INTO `course_daily_statistics` VALUES (68, 4, '2026-03-14', 68, 57, 2600, 3, 5, '2026-03-14 23:00:00');
INSERT INTO `course_daily_statistics` VALUES (69, 4, '2026-03-15', 75, 63, 2850, 4, 6, '2026-03-15 23:00:00');
INSERT INTO `course_daily_statistics` VALUES (70, 4, '2026-03-16', 48, 40, 1800, 1, 2, '2026-03-16 23:00:00');
INSERT INTO `course_daily_statistics` VALUES (71, 4, '2026-03-17', 80, 67, 3050, 5, 7, '2026-03-17 23:00:00');
INSERT INTO `course_daily_statistics` VALUES (72, 4, '2026-03-18', 62, 52, 2350, 2, 4, '2026-03-18 23:00:00');
INSERT INTO `course_daily_statistics` VALUES (73, 4, '2026-03-19', 58, 48, 2150, 2, 3, '2026-03-19 23:00:00');
INSERT INTO `course_daily_statistics` VALUES (74, 4, '2026-03-20', 76, 64, 2900, 4, 6, '2026-03-20 23:00:00');
INSERT INTO `course_daily_statistics` VALUES (75, 4, '2026-03-21', 85, 71, 3250, 5, 7, '2026-03-21 23:00:00');

-- ----------------------------
-- Table structure for course_favorites
-- ----------------------------
DROP TABLE IF EXISTS `course_favorites`;
CREATE TABLE `course_favorites`  (
  `id` bigint NOT NULL AUTO_INCREMENT COMMENT 'ID',
  `user_id` bigint NOT NULL COMMENT '用户ID',
  `course_id` bigint NOT NULL COMMENT '课程ID',
  `create_time` datetime NOT NULL DEFAULT CURRENT_TIMESTAMP COMMENT '收藏时间',
  PRIMARY KEY (`id`) USING BTREE,
  UNIQUE INDEX `uk_user_course`(`user_id` ASC, `course_id` ASC) USING BTREE,
  INDEX `fk_favorites_course`(`course_id` ASC) USING BTREE,
  CONSTRAINT `fk_favorites_course` FOREIGN KEY (`course_id`) REFERENCES `courses` (`id`) ON DELETE RESTRICT ON UPDATE RESTRICT,
  CONSTRAINT `fk_favorites_user` FOREIGN KEY (`user_id`) REFERENCES `users` (`id`) ON DELETE RESTRICT ON UPDATE RESTRICT
) ENGINE = InnoDB AUTO_INCREMENT = 13 CHARACTER SET = utf8mb4 COLLATE = utf8mb4_0900_ai_ci COMMENT = '课程收藏表' ROW_FORMAT = Dynamic;

-- ----------------------------
-- Records of course_favorites
-- ----------------------------
INSERT INTO `course_favorites` VALUES (1, 1, 4, '2025-11-21 13:45:30');
INSERT INTO `course_favorites` VALUES (2, 1, 7, '2025-11-21 13:45:30');
INSERT INTO `course_favorites` VALUES (3, 2, 3, '2025-11-21 13:45:30');
INSERT INTO `course_favorites` VALUES (4, 2, 6, '2025-11-21 13:45:30');
INSERT INTO `course_favorites` VALUES (5, 5, 1, '2025-11-21 13:45:30');
INSERT INTO `course_favorites` VALUES (6, 5, 9, '2025-11-21 13:45:30');
INSERT INTO `course_favorites` VALUES (7, 6, 2, '2025-11-21 13:45:30');
INSERT INTO `course_favorites` VALUES (8, 6, 8, '2025-11-21 13:45:30');
INSERT INTO `course_favorites` VALUES (9, 8, 5, '2025-11-21 13:45:30');
INSERT INTO `course_favorites` VALUES (10, 8, 10, '2025-11-21 13:45:30');
INSERT INTO `course_favorites` VALUES (11, 9, 3, '2025-11-21 13:45:30');
INSERT INTO `course_favorites` VALUES (12, 9, 7, '2025-11-21 13:45:30');

-- ----------------------------
-- Table structure for courses
-- ----------------------------
DROP TABLE IF EXISTS `courses`;
CREATE TABLE `courses`  (
  `id` bigint NOT NULL AUTO_INCREMENT COMMENT '课程ID',
  `title` varchar(100) CHARACTER SET utf8mb4 COLLATE utf8mb4_0900_ai_ci NOT NULL COMMENT '课程标题',
  `description` text CHARACTER SET utf8mb4 COLLATE utf8mb4_0900_ai_ci NULL COMMENT '课程描述',
  `cover_image` varchar(255) CHARACTER SET utf8mb4 COLLATE utf8mb4_0900_ai_ci NULL DEFAULT NULL COMMENT '封面图片URL',
  `price` decimal(10, 2) NOT NULL DEFAULT 0.00 COMMENT '价格',
  `category_id` bigint NULL DEFAULT NULL COMMENT '分类ID',
  `level` enum('初级','中级','高级') CHARACTER SET utf8mb4 COLLATE utf8mb4_0900_ai_ci NULL DEFAULT NULL COMMENT '难度级别(初级/中级/高级)',
  `duration` int NULL DEFAULT 0 COMMENT '课程总时长(分钟)',
  `teacher_id` bigint NOT NULL COMMENT '教师ID',
  `status` enum('draft','published','offline') CHARACTER SET utf8mb4 COLLATE utf8mb4_0900_ai_ci NULL DEFAULT 'draft' COMMENT '状态(draft/published/offline)',
  `student_count` int NULL DEFAULT 0 COMMENT '学生数量',
  `create_time` datetime NOT NULL DEFAULT CURRENT_TIMESTAMP COMMENT '创建时间',
  `update_time` datetime NOT NULL DEFAULT CURRENT_TIMESTAMP ON UPDATE CURRENT_TIMESTAMP COMMENT '更新时间',
  PRIMARY KEY (`id`) USING BTREE,
  INDEX `idx_teacher_id`(`teacher_id` ASC) USING BTREE,
  INDEX `idx_category_id`(`category_id` ASC) USING BTREE,
  FULLTEXT INDEX `ft_title_desc`(`title`, `description`),
  CONSTRAINT `fk_courses_category` FOREIGN KEY (`category_id`) REFERENCES `course_categories` (`id`) ON DELETE RESTRICT ON UPDATE RESTRICT,
  CONSTRAINT `fk_courses_teacher` FOREIGN KEY (`teacher_id`) REFERENCES `users` (`id`) ON DELETE RESTRICT ON UPDATE RESTRICT
) ENGINE = InnoDB AUTO_INCREMENT = 11 CHARACTER SET = utf8mb4 COLLATE = utf8mb4_0900_ai_ci COMMENT = '课程表' ROW_FORMAT = Dynamic;

-- ----------------------------
-- Records of courses
-- ----------------------------
INSERT INTO `courses` VALUES (1, 'HTML5+CSS3零基础入门到精通', '本课程从零开始，详细讲解HTML5和CSS3的基础知识和高级应用，通过实战项目帮助学员掌握前端开发的核心技能。适合零基础学员和需要提升技能的前端开发者。', '/covers/html-css.jpg', 99.00, 7, '初级', 1800, 3, 'published', 1250, '2025-11-21 13:45:30', '2025-11-21 13:45:30');
INSERT INTO `courses` VALUES (2, 'JavaScript高级程序设计', '深入学习JavaScript语言精髓，掌握ES6+新特性，理解闭包、原型链、异步编程等核心概念，提升前端开发能力。', '/covers/javascript.jpg', 129.00, 7, '中级', 2400, 3, 'published', 980, '2025-11-21 13:45:30', '2025-11-21 13:45:30');
INSERT INTO `courses` VALUES (3, 'Vue.js实战项目开发', '基于Vue.js框架的实战课程，从组件化思想到Vuex状态管理，从路由配置到项目优化，全方位讲解Vue开发技巧。', '/covers/vuejs.jpg', 159.00, 7, '中级', 2100, 7, 'published', 865, '2025-11-21 13:45:30', '2025-11-21 13:45:30');
INSERT INTO `courses` VALUES (4, 'Python数据分析与可视化', '使用Python进行数据分析和可视化的实用课程，涵盖NumPy、Pandas、Matplotlib等库的使用，以及数据清洗、转换、分析和可视化的完整流程。', '/covers/python-data.jpg', 199.00, 10, '中级', 2700, 7, 'published', 723, '2025-11-21 13:45:30', '2025-11-21 13:45:30');
INSERT INTO `courses` VALUES (5, 'Java企业级应用开发', '从Java基础到企业级应用开发，包括Spring Boot、Spring Cloud、MyBatis等框架的使用，数据库设计与优化，以及微服务架构的实践。', '/covers/java.jpg', 249.00, 8, '高级', 3600, 3, 'published', 542, '2025-11-21 13:45:30', '2025-11-21 13:45:30');
INSERT INTO `courses` VALUES (6, 'UI设计入门到精通', '系统学习UI设计原则、色彩搭配、字体排版、图标设计等内容，掌握Sketch、Figma等主流设计工具，提升产品设计能力。', '/covers/ui-design.jpg', 149.00, 11, '初级', 2100, 4, 'published', 1105, '2025-11-21 13:45:30', '2025-11-21 13:45:30');
INSERT INTO `courses` VALUES (7, '商业插画设计实战', '学习商业插画设计的核心技法，包括人物角色、场景、构图等，掌握Procreate、Photoshop等工具的使用技巧，提升插画创作能力。', '/covers/illustration.jpg', 179.00, 12, '中级', 2400, 4, 'published', 658, '2025-11-21 13:45:30', '2025-11-21 13:45:30');
INSERT INTO `courses` VALUES (8, '新概念英语精讲', '系统讲解新概念英语教程，从发音、词汇到语法、阅读，全方位提升英语能力，适合英语学习者和备考人群。', '/covers/english.jpg', 129.00, 14, '初级', 3000, 7, 'published', 1560, '2025-11-21 13:45:30', '2025-11-21 13:45:30');
INSERT INTO `courses` VALUES (9, '日语N2备考指南', '针对日语能力考试N2级别的系统备考课程，包括词汇、语法、听力、阅读等全方位训练，助你一次通过N2考试。', '/covers/japanese.jpg', 159.00, 15, '中级', 2700, 4, 'published', 432, '2025-11-21 13:45:30', '2025-11-21 13:45:30');
INSERT INTO `courses` VALUES (10, '项目管理PMP认证课程', '系统讲解项目管理知识体系(PMBOK)，结合实际案例分析，帮助学员掌握项目管理方法论，顺利通过PMP认证考试。', '/covers/pmp.jpg', 299.00, 17, '高级', 3600, 3, 'published', 378, '2025-11-21 13:45:30', '2025-11-21 13:45:30');

-- ----------------------------
-- Table structure for learning_progress
-- ----------------------------
DROP TABLE IF EXISTS `learning_progress`;
CREATE TABLE `learning_progress`  (
  `id` bigint NOT NULL AUTO_INCREMENT COMMENT '进度ID',
  `user_id` bigint NOT NULL COMMENT '用户ID',
  `course_id` bigint NOT NULL COMMENT '课程ID',
  `section_id` bigint NOT NULL COMMENT '课时ID',
  `position` int NULL DEFAULT 0 COMMENT '视频播放位置(秒)',
  `finished` tinyint(1) NULL DEFAULT 0 COMMENT '是否完成',
  `last_learn_time` datetime NOT NULL DEFAULT CURRENT_TIMESTAMP COMMENT '最后学习时间',
  `create_time` datetime NOT NULL DEFAULT CURRENT_TIMESTAMP COMMENT '创建时间',
  `update_time` datetime NOT NULL DEFAULT CURRENT_TIMESTAMP ON UPDATE CURRENT_TIMESTAMP COMMENT '更新时间',
  PRIMARY KEY (`id`) USING BTREE,
  UNIQUE INDEX `uk_user_section`(`user_id` ASC, `section_id` ASC) USING BTREE,
  INDEX `idx_user_course`(`user_id` ASC, `course_id` ASC) USING BTREE,
  INDEX `fk_progress_course`(`course_id` ASC) USING BTREE,
  INDEX `fk_progress_section`(`section_id` ASC) USING BTREE,
  CONSTRAINT `fk_progress_course` FOREIGN KEY (`course_id`) REFERENCES `courses` (`id`) ON DELETE RESTRICT ON UPDATE RESTRICT,
  CONSTRAINT `fk_progress_section` FOREIGN KEY (`section_id`) REFERENCES `sections` (`id`) ON DELETE RESTRICT ON UPDATE RESTRICT,
  CONSTRAINT `fk_progress_user` FOREIGN KEY (`user_id`) REFERENCES `users` (`id`) ON DELETE RESTRICT ON UPDATE RESTRICT
) ENGINE = InnoDB AUTO_INCREMENT = 11 CHARACTER SET = utf8mb4 COLLATE = utf8mb4_0900_ai_ci COMMENT = '学习进度表' ROW_FORMAT = Dynamic;

-- ----------------------------
-- Records of learning_progress
-- ----------------------------
INSERT INTO `learning_progress` VALUES (1, 1, 1, 1, 1800, 1, '2025-11-21 13:45:30', '2025-11-21 13:45:30', '2025-11-21 13:45:30');
INSERT INTO `learning_progress` VALUES (2, 1, 1, 2, 1500, 1, '2025-11-21 13:45:30', '2025-11-21 13:45:30', '2025-11-21 13:45:30');
INSERT INTO `learning_progress` VALUES (3, 1, 1, 3, 900, 0, '2025-11-21 13:45:30', '2025-11-21 13:45:30', '2025-11-21 13:45:30');
INSERT INTO `learning_progress` VALUES (4, 2, 1, 1, 1800, 1, '2025-11-21 13:45:30', '2025-11-21 13:45:30', '2025-11-21 13:45:30');
INSERT INTO `learning_progress` VALUES (5, 2, 1, 2, 1500, 1, '2025-11-21 13:45:30', '2025-11-21 13:45:30', '2025-11-21 13:45:30');
INSERT INTO `learning_progress` VALUES (6, 2, 2, 18, 600, 0, '2025-11-21 13:45:30', '2025-11-21 13:45:30', '2025-11-21 13:45:30');
INSERT INTO `learning_progress` VALUES (7, 5, 3, 10, 1800, 1, '2025-11-21 13:45:30', '2025-11-21 13:45:30', '2025-11-21 13:45:30');
INSERT INTO `learning_progress` VALUES (8, 5, 3, 11, 1200, 0, '2025-11-21 13:45:30', '2025-11-21 13:45:30', '2025-11-21 13:45:30');
INSERT INTO `learning_progress` VALUES (9, 6, 4, 15, 1800, 1, '2025-11-21 13:45:30', '2025-11-21 13:45:30', '2025-11-21 13:45:30');
INSERT INTO `learning_progress` VALUES (10, 6, 4, 16, 1500, 1, '2025-11-21 13:45:30', '2025-11-21 13:45:30', '2025-11-21 13:45:30');

-- ----------------------------
-- Table structure for notifications
-- ----------------------------
DROP TABLE IF EXISTS `notifications`;
CREATE TABLE `notifications`  (
  `id` bigint NOT NULL AUTO_INCREMENT COMMENT '通知ID',
  `user_id` bigint NOT NULL COMMENT '接收用户ID',
  `type` enum('system','course','comment','qa') CHARACTER SET utf8mb4 COLLATE utf8mb4_0900_ai_ci NOT NULL COMMENT '消息类型(system/course/comment/qa)',
  `title` varchar(100) CHARACTER SET utf8mb4 COLLATE utf8mb4_0900_ai_ci NOT NULL COMMENT '消息标题',
  `content` text CHARACTER SET utf8mb4 COLLATE utf8mb4_0900_ai_ci NOT NULL COMMENT '消息内容',
  `is_read` tinyint(1) NULL DEFAULT 0 COMMENT '是否已读',
  `link` varchar(255) CHARACTER SET utf8mb4 COLLATE utf8mb4_0900_ai_ci NULL DEFAULT NULL COMMENT '相关链接',
  `sender_id` bigint NULL DEFAULT NULL COMMENT '发送者ID',
  `create_time` datetime NOT NULL DEFAULT CURRENT_TIMESTAMP COMMENT '创建时间',
  PRIMARY KEY (`id`) USING BTREE,
  INDEX `idx_user_id`(`user_id` ASC) USING BTREE,
  INDEX `idx_is_read`(`is_read` ASC) USING BTREE,
  INDEX `idx_type`(`type` ASC) USING BTREE,
  INDEX `fk_notifications_sender`(`sender_id` ASC) USING BTREE,
  CONSTRAINT `fk_notifications_sender` FOREIGN KEY (`sender_id`) REFERENCES `users` (`id`) ON DELETE SET NULL ON UPDATE RESTRICT,
  CONSTRAINT `fk_notifications_user` FOREIGN KEY (`user_id`) REFERENCES `users` (`id`) ON DELETE CASCADE ON UPDATE RESTRICT
) ENGINE = InnoDB AUTO_INCREMENT = 28 CHARACTER SET = utf8mb4 COLLATE = utf8mb4_0900_ai_ci COMMENT = '消息通知表' ROW_FORMAT = Dynamic;

-- ----------------------------
-- Records of notifications
-- ----------------------------
INSERT INTO `notifications` VALUES (1, 1, 'course', '课程更新通知', 'HTML5+CSS3零基础入门到精通课程已更新第4章内容，快来学习吧！', 0, '/courses/1/chapters/4', 3, '2025-11-21 13:45:30');
INSERT INTO `notifications` VALUES (2, 1, 'comment', '评论回复通知', '王强老师回复了你在JavaScript高级程序设计课程中的评论', 1, '/courses/2/comments', 3, '2025-11-21 13:45:30');
INSERT INTO `notifications` VALUES (3, 1, 'qa', '问题回答通知', '你的问题\"Vue组件之间如何进行通信？\"收到了新回答', 0, '/community/questions/1', 7, '2025-11-21 13:45:30');
INSERT INTO `notifications` VALUES (4, 1, 'system', '作业评分通知', '你的作业\"HTML5页面结构设计\"已评分完成，得分：92', 1, '/assignments/1/submissions/1', NULL, '2025-11-21 13:45:30');
INSERT INTO `notifications` VALUES (5, 2, 'course', '课程更新通知', 'JavaScript高级程序设计课程已更新第5章内容，快来学习吧！', 0, '/courses/2/chapters/5', 3, '2025-11-21 13:45:30');
INSERT INTO `notifications` VALUES (6, 2, 'qa', '问题采纳通知', '你的回答被问题\"JavaScript中的闭包是什么？\"采纳为最佳答案', 1, '/community/questions/2', 1, '2025-11-21 13:45:30');
INSERT INTO `notifications` VALUES (7, 2, 'system', '作业评分通知', '你的作业\"HTML5页面结构设计\"已评分完成，得分：95', 0, '/assignments/1/submissions/2', NULL, '2025-11-21 13:45:30');
INSERT INTO `notifications` VALUES (8, 2, 'system', '作业评分通知', '你的作业\"JavaScript闭包与模块模式\"已评分完成，得分：98', 0, '/assignments/3/submissions/4', NULL, '2025-11-21 13:45:30');
INSERT INTO `notifications` VALUES (9, 5, 'course', '课程更新通知', 'Vue.js实战项目开发课程已更新第5章内容，快来学习吧！', 0, '/courses/3/chapters/5', 7, '2025-11-21 13:45:30');
INSERT INTO `notifications` VALUES (10, 5, 'qa', '问题回答通知', '你的问题\"CSS Grid和Flexbox有什么区别？\"收到了新回答', 1, '/community/questions/3', 3, '2025-11-21 13:45:30');
INSERT INTO `notifications` VALUES (11, 5, 'system', '作业截止提醒', '作业\"Vue.js组件开发\"将在明天截止，请及时提交', 0, '/assignments/4', NULL, '2025-11-21 13:45:30');
INSERT INTO `notifications` VALUES (12, 6, 'course', '课程更新通知', 'Python数据分析与可视化课程已更新第4章内容，快来学习吧！', 1, '/courses/4/chapters/4', 7, '2025-11-21 13:45:30');
INSERT INTO `notifications` VALUES (13, 6, 'qa', '问题回答通知', '你的问题\"Python数据分析中如何处理缺失值？\"收到了新回答', 0, '/community/questions/4', 3, '2025-11-21 13:45:30');
INSERT INTO `notifications` VALUES (14, 6, 'system', '作业截止提醒', '作业\"Python数据分析报告\"将在3天后截止，请及时提交', 0, '/assignments/5', NULL, '2025-11-21 13:45:30');
INSERT INTO `notifications` VALUES (15, 9, 'course', '课程更新通知', 'Java企业级应用开发课程已更新第3章内容，快来学习吧！', 1, '/courses/5/chapters/3', 3, '2025-11-21 13:45:30');
INSERT INTO `notifications` VALUES (16, 9, 'qa', '问题回答通知', '你的问题\"Java Spring Boot如何实现权限控制？\"收到了新回答', 0, '/community/questions/5', 7, '2025-11-21 13:45:30');
INSERT INTO `notifications` VALUES (17, 9, 'system', '课程推荐', '根据你的学习记录，推荐你学习\"Spring Cloud微服务架构\"课程', 1, '/courses/11', NULL, '2025-11-21 13:45:30');
INSERT INTO `notifications` VALUES (18, 1, 'course', '课程更新通知', 'HTML5+CSS3零基础入门到精通课程已更新第5章内容，快来学习吧！', 0, '/courses/1/chapters/5', 3, '2026-03-21 12:00:00');
INSERT INTO `notifications` VALUES (19, 1, 'comment', '评论回复通知', '王强老师回复了你在Vue.js实战项目开发课程中的评论', 0, '/courses/3/comments', 3, '2026-03-21 13:00:00');
INSERT INTO `notifications` VALUES (20, 1, 'qa', '问题回答通知', '你的问题\"Vue3中ref和reactive有什么区别？\"收到了新回答', 1, '/community/questions/6', 2, '2026-03-21 19:30:00');
INSERT INTO `notifications` VALUES (21, 1, 'system', '作业评分通知', '你的作业\"HTML5页面结构设计\"已评分完成，得分：92', 1, '/assignments/1/submissions/6', NULL, '2026-03-21 22:00:00');
INSERT INTO `notifications` VALUES (22, 2, 'qa', '问题采纳通知', '你的回答被问题\"Vue3中ref和reactive有什么区别？\"采纳为最佳答案', 0, '/community/questions/6', 1, '2026-03-21 20:00:00');
INSERT INTO `notifications` VALUES (23, 2, 'system', '作业评分通知', '你的作业\"HTML5页面结构设计\"已评分完成，得分：95', 1, '/assignments/1/submissions/7', NULL, '2026-03-21 23:00:00');
INSERT INTO `notifications` VALUES (24, 5, 'qa', '问题回答通知', '你的问题\"Python中如何优化Pandas读取大文件的性能？\"收到了新回答', 0, '/community/questions/7', 3, '2026-03-21 18:30:00');
INSERT INTO `notifications` VALUES (25, 6, 'system', '作业截止提醒', '作业\"Python数据分析报告\"将在3天后截止，请及时提交', 0, '/assignments/5', NULL, '2026-03-21 20:00:00');
INSERT INTO `notifications` VALUES (26, 6, 'qa', '问题回答通知', '你的问题\"CSS中如何实现深色模式？\"收到了新回答', 1, '/community/questions/9', 3, '2026-03-19 16:00:00');
INSERT INTO `notifications` VALUES (27, 9, 'system', '作业评分通知', '你的作业\"Java企业级应用开发\"已评分完成，得分：90', 1, '/assignments/6/submissions/5', NULL, '2026-03-21 10:00:00');

-- ----------------------------
-- Table structure for platform_daily_statistics
-- ----------------------------
DROP TABLE IF EXISTS `platform_daily_statistics`;
CREATE TABLE `platform_daily_statistics`  (
  `id` bigint NOT NULL AUTO_INCREMENT COMMENT 'ID',
  `stat_date` date NOT NULL COMMENT '统计日期',
  `total_users` int NOT NULL COMMENT '平台总用户数',
  `new_users` int NOT NULL COMMENT '新增用户数',
  `active_users` int NOT NULL COMMENT '活跃用户数',
  `course_views` int NOT NULL COMMENT '课程浏览次数',
  `lesson_views` int NOT NULL COMMENT '课时浏览次数',
  `total_study_time` int NOT NULL COMMENT '总学习时长(分钟)',
  `assignment_submissions` int NOT NULL COMMENT '作业提交数',
  `question_posts` int NOT NULL COMMENT '问题发布数',
  `answer_posts` int NOT NULL COMMENT '回答发布数',
  `comment_posts` int NOT NULL COMMENT '评论发布数',
  `create_time` datetime NOT NULL DEFAULT CURRENT_TIMESTAMP COMMENT '创建时间',
  PRIMARY KEY (`id`) USING BTREE,
  INDEX `idx_stat_date`(`stat_date` ASC) USING BTREE
) ENGINE = InnoDB AUTO_INCREMENT = 41 CHARACTER SET = utf8mb4 COLLATE = utf8mb4_0900_ai_ci COMMENT = '平台每日汇总数据表' ROW_FORMAT = Dynamic;

-- ----------------------------
-- Records of platform_daily_statistics
-- ----------------------------
INSERT INTO `platform_daily_statistics` VALUES (1, '2023-06-01', 120, 15, 78, 356, 289, 12450, 12, 8, 15, 24, '2025-11-21 13:45:30');
INSERT INTO `platform_daily_statistics` VALUES (2, '2023-06-02', 125, 5, 82, 378, 305, 13200, 14, 10, 18, 31, '2025-11-21 13:45:30');
INSERT INTO `platform_daily_statistics` VALUES (3, '2023-06-03', 132, 7, 85, 412, 328, 14100, 15, 12, 22, 35, '2025-11-21 13:45:30');
INSERT INTO `platform_daily_statistics` VALUES (4, '2023-06-04', 140, 8, 90, 435, 342, 15300, 18, 15, 26, 42, '2025-11-21 13:45:30');
INSERT INTO `platform_daily_statistics` VALUES (5, '2023-06-05', 145, 5, 88, 410, 325, 14800, 16, 14, 24, 38, '2025-11-21 13:45:30');
INSERT INTO `platform_daily_statistics` VALUES (6, '2023-06-06', 150, 5, 92, 425, 338, 15600, 19, 16, 28, 45, '2025-11-21 13:45:30');
INSERT INTO `platform_daily_statistics` VALUES (7, '2023-06-07', 158, 8, 95, 442, 356, 16200, 21, 18, 32, 49, '2025-11-21 13:45:30');
INSERT INTO `platform_daily_statistics` VALUES (8, '2023-06-08', 165, 7, 98, 458, 372, 16800, 23, 20, 35, 52, '2025-11-21 13:45:30');
INSERT INTO `platform_daily_statistics` VALUES (9, '2023-06-09', 172, 7, 102, 475, 385, 17500, 25, 22, 38, 56, '2025-11-21 13:45:30');
INSERT INTO `platform_daily_statistics` VALUES (10, '2023-06-10', 180, 8, 105, 492, 398, 18200, 28, 25, 42, 62, '2025-11-21 13:45:30');
INSERT INTO `platform_daily_statistics` VALUES (11, '2023-06-11', 185, 5, 100, 465, 375, 17200, 24, 21, 36, 54, '2025-11-21 13:45:30');
INSERT INTO `platform_daily_statistics` VALUES (12, '2023-06-12', 190, 5, 103, 478, 382, 17600, 26, 23, 39, 58, '2025-11-21 13:45:30');
INSERT INTO `platform_daily_statistics` VALUES (13, '2023-06-13', 198, 8, 108, 495, 402, 18500, 29, 26, 43, 64, '2025-11-21 13:45:30');
INSERT INTO `platform_daily_statistics` VALUES (14, '2023-06-14', 205, 7, 112, 512, 418, 19200, 32, 28, 46, 68, '2025-11-21 13:45:30');
INSERT INTO `platform_daily_statistics` VALUES (15, '2023-06-15', 212, 7, 115, 528, 432, 19800, 34, 30, 49, 72, '2025-11-21 13:45:30');
INSERT INTO `platform_daily_statistics` VALUES (16, '2023-06-16', 220, 8, 118, 545, 445, 20500, 36, 32, 52, 76, '2025-11-21 13:45:30');
INSERT INTO `platform_daily_statistics` VALUES (17, '2023-06-17', 225, 5, 114, 520, 425, 19500, 33, 29, 48, 70, '2025-11-21 13:45:30');
INSERT INTO `platform_daily_statistics` VALUES (18, '2023-06-18', 230, 5, 110, 505, 410, 18800, 30, 27, 45, 66, '2025-11-21 13:45:30');
INSERT INTO `platform_daily_statistics` VALUES (19, '2023-06-19', 238, 8, 116, 525, 428, 19700, 34, 31, 50, 73, '2025-11-21 13:45:30');
INSERT INTO `platform_daily_statistics` VALUES (20, '2023-06-20', 245, 7, 120, 542, 442, 20300, 37, 33, 53, 78, '2025-11-21 13:45:30');
INSERT INTO `platform_daily_statistics` VALUES (21, '2023-06-21', 252, 7, 125, 560, 458, 21000, 39, 35, 56, 82, '2025-11-21 13:45:30');
INSERT INTO `platform_daily_statistics` VALUES (22, '2023-06-22', 260, 8, 130, 578, 472, 21800, 42, 38, 60, 87, '2025-11-21 13:45:30');
INSERT INTO `platform_daily_statistics` VALUES (23, '2023-06-23', 268, 8, 135, 595, 485, 22500, 45, 40, 63, 92, '2025-11-21 13:45:30');
INSERT INTO `platform_daily_statistics` VALUES (24, '2023-06-24', 275, 7, 140, 612, 498, 23200, 48, 43, 67, 96, '2025-11-21 13:45:30');
INSERT INTO `platform_daily_statistics` VALUES (25, '2023-06-25', 282, 7, 145, 630, 512, 24000, 51, 45, 70, 102, '2025-11-21 13:45:30');
INSERT INTO `platform_daily_statistics` VALUES (26, '2023-06-26', 290, 8, 150, 648, 525, 24800, 54, 48, 74, 108, '2025-11-21 13:45:30');
INSERT INTO `platform_daily_statistics` VALUES (27, '2023-06-27', 295, 5, 145, 625, 508, 23800, 50, 44, 69, 100, '2025-11-21 13:45:30');
INSERT INTO `platform_daily_statistics` VALUES (28, '2023-06-28', 302, 7, 152, 645, 522, 24500, 53, 47, 73, 106, '2025-11-21 13:45:30');
INSERT INTO `platform_daily_statistics` VALUES (29, '2023-06-29', 310, 8, 158, 662, 535, 25300, 56, 50, 77, 112, '2025-11-21 13:45:30');
INSERT INTO `platform_daily_statistics` VALUES (30, '2023-06-30', 318, 8, 165, 680, 548, 26100, 59, 53, 81, 118, '2025-11-21 13:45:30');
INSERT INTO `platform_daily_statistics` VALUES (31, '2026-03-12', 318, 0, 195, 680, 548, 26100, 59, 53, 81, 118, '2026-03-12 23:59:00');
INSERT INTO `platform_daily_statistics` VALUES (32, '2026-03-13', 318, 1, 188, 650, 525, 24800, 55, 50, 77, 112, '2026-03-13 23:59:00');
INSERT INTO `platform_daily_statistics` VALUES (33, '2026-03-14', 318, 0, 210, 720, 580, 27500, 62, 58, 85, 125, '2026-03-14 23:59:00');
INSERT INTO `platform_daily_statistics` VALUES (34, '2026-03-15', 318, 2, 225, 760, 610, 28900, 65, 62, 90, 132, '2026-03-15 23:59:00');
INSERT INTO `platform_daily_statistics` VALUES (35, '2026-03-16', 318, 1, 165, 580, 470, 22000, 48, 44, 68, 98, '2026-03-16 23:59:00');
INSERT INTO `platform_daily_statistics` VALUES (36, '2026-03-17', 318, 0, 240, 820, 660, 31200, 72, 68, 98, 145, '2026-03-17 23:59:00');
INSERT INTO `platform_daily_statistics` VALUES (37, '2026-03-18', 318, 3, 205, 710, 575, 27000, 60, 56, 84, 120, '2026-03-18 23:59:00');
INSERT INTO `platform_daily_statistics` VALUES (38, '2026-03-19', 318, 1, 198, 695, 560, 26500, 58, 54, 80, 115, '2026-03-19 23:59:00');
INSERT INTO `platform_daily_statistics` VALUES (39, '2026-03-20', 318, 2, 230, 790, 635, 30200, 68, 65, 94, 138, '2026-03-20 23:59:00');
INSERT INTO `platform_daily_statistics` VALUES (40, '2026-03-21', 318, 4, 250, 860, 695, 32800, 75, 72, 105, 155, '2026-03-21 23:59:00');

-- ----------------------------
-- Table structure for question_tags
-- ----------------------------
DROP TABLE IF EXISTS `question_tags`;
CREATE TABLE `question_tags`  (
  `id` bigint NOT NULL AUTO_INCREMENT COMMENT '标签ID',
  `question_id` bigint NOT NULL COMMENT '问题ID',
  `tag_name` varchar(50) CHARACTER SET utf8mb4 COLLATE utf8mb4_0900_ai_ci NOT NULL COMMENT '标签名称',
  PRIMARY KEY (`id`) USING BTREE,
  UNIQUE INDEX `uk_question_tag`(`question_id` ASC, `tag_name` ASC) USING BTREE,
  INDEX `idx_question_id`(`question_id` ASC) USING BTREE,
  CONSTRAINT `fk_question_tags_question` FOREIGN KEY (`question_id`) REFERENCES `questions` (`id`) ON DELETE CASCADE ON UPDATE RESTRICT
) ENGINE = InnoDB AUTO_INCREMENT = 18 CHARACTER SET = utf8mb4 COLLATE = utf8mb4_0900_ai_ci COMMENT = '问题标签表' ROW_FORMAT = Dynamic;

-- ----------------------------
-- Records of question_tags
-- ----------------------------
INSERT INTO `question_tags` VALUES (1, 1, 'Vue.js');
INSERT INTO `question_tags` VALUES (3, 1, 'Vuex');
INSERT INTO `question_tags` VALUES (2, 1, '组件通信');
INSERT INTO `question_tags` VALUES (4, 2, 'JavaScript');
INSERT INTO `question_tags` VALUES (6, 2, '作用域');
INSERT INTO `question_tags` VALUES (5, 2, '闭包');
INSERT INTO `question_tags` VALUES (7, 3, 'CSS');
INSERT INTO `question_tags` VALUES (9, 3, 'Flexbox');
INSERT INTO `question_tags` VALUES (8, 3, 'Grid');
INSERT INTO `question_tags` VALUES (10, 3, '响应式布局');
INSERT INTO `question_tags` VALUES (12, 4, 'Pandas');
INSERT INTO `question_tags` VALUES (11, 4, 'Python');
INSERT INTO `question_tags` VALUES (13, 4, '数据清洗');
INSERT INTO `question_tags` VALUES (14, 5, 'Java');
INSERT INTO `question_tags` VALUES (15, 5, 'Spring Boot');
INSERT INTO `question_tags` VALUES (17, 5, 'Spring Security');
INSERT INTO `question_tags` VALUES (16, 5, '权限控制');

-- ----------------------------
-- Table structure for questions
-- ----------------------------
DROP TABLE IF EXISTS `questions`;
CREATE TABLE `questions`  (
  `id` bigint NOT NULL AUTO_INCREMENT COMMENT '问题ID',
  `title` varchar(200) CHARACTER SET utf8mb4 COLLATE utf8mb4_0900_ai_ci NOT NULL COMMENT '问题标题',
  `content` text CHARACTER SET utf8mb4 COLLATE utf8mb4_0900_ai_ci NOT NULL COMMENT '问题内容',
  `user_id` bigint NOT NULL COMMENT '提问用户ID',
  `course_id` bigint NULL DEFAULT NULL COMMENT '关联课程ID',
  `view_count` int NULL DEFAULT 0 COMMENT '浏览次数',
  `answer_count` int NULL DEFAULT 0 COMMENT '回答数量',
  `create_time` datetime NOT NULL DEFAULT CURRENT_TIMESTAMP COMMENT '创建时间',
  `update_time` datetime NOT NULL DEFAULT CURRENT_TIMESTAMP ON UPDATE CURRENT_TIMESTAMP COMMENT '更新时间',
  `last_answer_time` datetime NULL DEFAULT NULL COMMENT '最后回答时间',
  PRIMARY KEY (`id`) USING BTREE,
  INDEX `idx_user_id`(`user_id` ASC) USING BTREE,
  INDEX `idx_course_id`(`course_id` ASC) USING BTREE,
  FULLTEXT INDEX `ft_title_content`(`title`, `content`),
  CONSTRAINT `fk_questions_course` FOREIGN KEY (`course_id`) REFERENCES `courses` (`id`) ON DELETE SET NULL ON UPDATE RESTRICT
) ENGINE = InnoDB AUTO_INCREMENT = 11 CHARACTER SET = utf8mb4 COLLATE = utf8mb4_0900_ai_ci COMMENT = '问题表' ROW_FORMAT = Dynamic;

-- ----------------------------
-- Records of questions
-- ----------------------------
INSERT INTO `questions` VALUES (1, 'Vue组件之间如何进行通信？', '我在学习Vue.js课程时，对于父子组件、兄弟组件之间的通信方式有些混淆，特别是Vuex和事件总线的使用场景，希望能有详细解答。', 1, 3, 156, 3, '2025-11-21 13:45:30', '2025-11-21 13:45:30', NULL);
INSERT INTO `questions` VALUES (2, 'JavaScript中的闭包是什么？', '在学习JavaScript高级程序设计时，对闭包的概念理解不清晰，特别是它与作用域的关系，以及在实际开发中的应用场景，希望能有详细解释。', 2, 2, 245, 4, '2025-11-21 13:45:30', '2025-11-21 13:45:30', NULL);
INSERT INTO `questions` VALUES (3, 'CSS Grid和Flexbox有什么区别？', '在学习响应式布局时，不太理解CSS Grid和Flexbox的适用场景和区别，希望能有具体的实例说明。', 5, 1, 189, 2, '2025-11-21 13:45:30', '2025-11-21 13:45:30', NULL);
INSERT INTO `questions` VALUES (4, 'Python数据分析中如何处理缺失值？', '在使用Pandas进行数据分析时，遇到了大量缺失值，不知道应该采用什么策略处理，是直接删除还是填充，希望能有最佳实践分享。', 6, 4, 132, 3, '2025-11-21 13:45:30', '2025-11-21 13:45:30', NULL);
INSERT INTO `questions` VALUES (5, 'Java Spring Boot如何实现权限控制？', '在开发企业应用时，需要实现基于角色的权限控制，不太清楚Spring Security的配置方法，希望能有详细的步骤指导。', 9, 5, 178, 2, '2025-11-21 13:45:30', '2025-11-21 13:45:30', NULL);
INSERT INTO `questions` VALUES (6, 'Vue3中ref和reactive有什么区别？', '我刚学习Vue3，看到有ref和reactive两种定义响应式数据的方式，不明白它们各自的使用场景和区别，希望能有详细解答。', 1, 3, 156, 3, '2026-03-21 19:00:00', '2026-03-21 20:00:00', '2026-03-21 20:00:00');
INSERT INTO `questions` VALUES (7, 'Python中如何优化Pandas读取大文件的性能？', '工作中遇到几十GB的CSV文件，用pandas.read_csv读取特别慢，有什么好的优化方法吗？', 5, 4, 132, 1, '2026-03-21 18:00:00', '2026-03-21 19:00:00', '2026-03-21 19:00:00');
INSERT INTO `questions` VALUES (8, 'Spring Boot中如何实现接口统一参数校验？', '我想在Spring Boot中做参数校验，但每个接口都要写if判断太麻烦，有没有优雅的统一校验方式？', 9, 5, 89, 0, '2026-03-20 15:00:00', '2026-03-20 15:00:00', NULL);
INSERT INTO `questions` VALUES (9, 'CSS中如何实现深色模式（Dark Mode）？', '想给网站添加深色模式，但是不知道用什么技术方案比较合适，求推荐。', 2, 1, 178, 2, '2026-03-19 14:00:00', '2026-03-19 18:00:00', '2026-03-19 18:00:00');
INSERT INTO `questions` VALUES (10, 'MySQL中慢查询如何优化？', '发现线上有几个查询特别慢，用EXPLAIN看了但不知道怎么优化，求分析思路。', 6, 5, 245, 3, '2026-03-18 10:00:00', '2026-03-18 22:00:00', '2026-03-18 22:00:00');

-- ----------------------------
-- Table structure for sections
-- ----------------------------
DROP TABLE IF EXISTS `sections`;
CREATE TABLE `sections`  (
  `id` bigint NOT NULL AUTO_INCREMENT COMMENT '课时ID',
  `chapter_id` bigint NOT NULL COMMENT '章节ID',
  `title` varchar(100) CHARACTER SET utf8mb4 COLLATE utf8mb4_0900_ai_ci NOT NULL COMMENT '课时标题',
  `video_url` varchar(255) CHARACTER SET utf8mb4 COLLATE utf8mb4_0900_ai_ci NULL DEFAULT NULL COMMENT '视频URL',
  `duration` int NULL DEFAULT 0 COMMENT '时长(分钟)',
  `is_free` tinyint(1) NULL DEFAULT 0 COMMENT '是否免费试看',
  `sort` int NULL DEFAULT 0 COMMENT '排序号',
  `create_time` datetime NOT NULL DEFAULT CURRENT_TIMESTAMP COMMENT '创建时间',
  `update_time` datetime NOT NULL DEFAULT CURRENT_TIMESTAMP ON UPDATE CURRENT_TIMESTAMP COMMENT '更新时间',
  PRIMARY KEY (`id`) USING BTREE,
  INDEX `idx_chapter_id`(`chapter_id` ASC) USING BTREE,
  CONSTRAINT `fk_sections_chapter` FOREIGN KEY (`chapter_id`) REFERENCES `chapters` (`id`) ON DELETE CASCADE ON UPDATE RESTRICT
) ENGINE = InnoDB AUTO_INCREMENT = 23 CHARACTER SET = utf8mb4 COLLATE = utf8mb4_0900_ai_ci COMMENT = '课时表' ROW_FORMAT = Dynamic;

-- ----------------------------
-- Records of sections
-- ----------------------------
INSERT INTO `sections` VALUES (1, 1, 'HTML5简介与环境搭建', '/videos/html5-intro.mp4', 30, 1, 1, '2025-11-21 13:45:30', '2025-11-21 13:45:30');
INSERT INTO `sections` VALUES (2, 1, 'HTML5文档结构', '/videos/html5-structure.mp4', 25, 1, 2, '2025-11-21 13:45:30', '2025-11-21 13:45:30');
INSERT INTO `sections` VALUES (3, 1, 'HTML5常用标签', '/videos/html5-tags.mp4', 45, 0, 3, '2025-11-21 13:45:30', '2025-11-21 13:45:30');
INSERT INTO `sections` VALUES (4, 1, 'HTML5表单元素', '/videos/html5-forms.mp4', 40, 0, 4, '2025-11-21 13:45:30', '2025-11-21 13:45:30');
INSERT INTO `sections` VALUES (5, 1, 'HTML5多媒体元素', '/videos/html5-media.mp4', 35, 0, 5, '2025-11-21 13:45:30', '2025-11-21 13:45:30');
INSERT INTO `sections` VALUES (6, 2, 'CSS3选择器', '/videos/css3-selectors.mp4', 30, 1, 1, '2025-11-21 13:45:30', '2025-11-21 13:45:30');
INSERT INTO `sections` VALUES (7, 2, 'CSS3盒模型', '/videos/css3-box.mp4', 25, 0, 2, '2025-11-21 13:45:30', '2025-11-21 13:45:30');
INSERT INTO `sections` VALUES (8, 2, 'CSS3布局技术', '/videos/css3-layout.mp4', 45, 0, 3, '2025-11-21 13:45:30', '2025-11-21 13:45:30');
INSERT INTO `sections` VALUES (9, 2, 'CSS3动画与过渡', '/videos/css3-animation.mp4', 40, 0, 4, '2025-11-21 13:45:30', '2025-11-21 13:45:30');
INSERT INTO `sections` VALUES (10, 2, 'CSS3媒体查询', '/videos/css3-media.mp4', 35, 0, 5, '2025-11-21 13:45:30', '2025-11-21 13:45:30');
INSERT INTO `sections` VALUES (11, 3, '响应式设计原则', '/videos/responsive-principles.mp4', 30, 0, 1, '2025-11-21 13:45:30', '2025-11-21 13:45:30');
INSERT INTO `sections` VALUES (12, 3, 'Flexbox布局详解', '/videos/flexbox.mp4', 40, 0, 2, '2025-11-21 13:45:30', '2025-11-21 13:45:30');
INSERT INTO `sections` VALUES (13, 3, 'Grid布局详解', '/videos/grid.mp4', 45, 0, 3, '2025-11-21 13:45:30', '2025-11-21 13:45:30');
INSERT INTO `sections` VALUES (14, 3, '移动端适配技巧', '/videos/mobile-adaptation.mp4', 35, 0, 4, '2025-11-21 13:45:30', '2025-11-21 13:45:30');
INSERT INTO `sections` VALUES (15, 4, '个人简历项目开发', '/videos/resume-project.mp4', 60, 0, 1, '2025-11-21 13:45:30', '2025-11-21 13:45:30');
INSERT INTO `sections` VALUES (16, 4, '企业官网项目开发', '/videos/company-website.mp4', 90, 0, 2, '2025-11-21 13:45:30', '2025-11-21 13:45:30');
INSERT INTO `sections` VALUES (17, 4, '电商网站项目开发', '/videos/ecommerce-project.mp4', 120, 0, 3, '2025-11-21 13:45:30', '2025-11-21 13:45:30');
INSERT INTO `sections` VALUES (18, 5, 'JavaScript语言特性', '/videos/js-features.mp4', 35, 1, 1, '2025-11-21 13:45:30', '2025-11-21 13:45:30');
INSERT INTO `sections` VALUES (19, 5, '变量、数据类型与运算符', '/videos/js-variables.mp4', 40, 1, 2, '2025-11-21 13:45:30', '2025-11-21 13:45:30');
INSERT INTO `sections` VALUES (20, 5, '流程控制与循环', '/videos/js-control.mp4', 30, 0, 3, '2025-11-21 13:45:30', '2025-11-21 13:45:30');
INSERT INTO `sections` VALUES (21, 5, '函数与作用域', '/videos/js-functions.mp4', 45, 0, 4, '2025-11-21 13:45:30', '2025-11-21 13:45:30');
INSERT INTO `sections` VALUES (22, 5, '对象与原型链', '/videos/js-objects.mp4', 50, 0, 5, '2025-11-21 13:45:30', '2025-11-21 13:45:30');

-- ----------------------------
-- Table structure for statistics
-- ----------------------------
DROP TABLE IF EXISTS `statistics`;
CREATE TABLE `statistics`  (
  `id` bigint NOT NULL AUTO_INCREMENT COMMENT '统计ID',
  `user_id` bigint NULL DEFAULT NULL COMMENT '用户ID',
  `course_id` bigint NULL DEFAULT NULL COMMENT '课程ID',
  `stat_date` date NOT NULL COMMENT '统计日期',
  `stat_type` varchar(50) CHARACTER SET utf8mb4 COLLATE utf8mb4_0900_ai_ci NOT NULL COMMENT '统计类型(learning_time/income/login)',
  `value` decimal(10, 2) NOT NULL DEFAULT 0.00 COMMENT '统计值',
  `create_time` datetime NOT NULL DEFAULT CURRENT_TIMESTAMP COMMENT '创建时间',
  PRIMARY KEY (`id`) USING BTREE,
  INDEX `idx_user_date`(`user_id` ASC, `stat_date` ASC) USING BTREE,
  INDEX `idx_course_date`(`course_id` ASC, `stat_date` ASC) USING BTREE,
  INDEX `idx_type_date`(`stat_type` ASC, `stat_date` ASC) USING BTREE
) ENGINE = InnoDB CHARACTER SET = utf8mb4 COLLATE = utf8mb4_0900_ai_ci COMMENT = '统计数据表' ROW_FORMAT = Dynamic;

-- ----------------------------
-- Records of statistics
-- ----------------------------

-- ----------------------------
-- Table structure for submission_attachments
-- ----------------------------
DROP TABLE IF EXISTS `submission_attachments`;
CREATE TABLE `submission_attachments`  (
  `id` bigint NOT NULL AUTO_INCREMENT COMMENT '附件ID',
  `submission_id` bigint NOT NULL COMMENT '提交ID',
  `file_url` varchar(255) CHARACTER SET utf8mb4 COLLATE utf8mb4_0900_ai_ci NOT NULL COMMENT '文件URL',
  `file_name` varchar(100) CHARACTER SET utf8mb4 COLLATE utf8mb4_0900_ai_ci NOT NULL COMMENT '文件名',
  `file_size` bigint NULL DEFAULT 0 COMMENT '文件大小',
  PRIMARY KEY (`id`) USING BTREE,
  INDEX `idx_submission_id`(`submission_id` ASC) USING BTREE,
  CONSTRAINT `fk_submission_attachments_submission` FOREIGN KEY (`submission_id`) REFERENCES `assignment_submissions` (`id`) ON DELETE CASCADE ON UPDATE RESTRICT
) ENGINE = InnoDB AUTO_INCREMENT = 15 CHARACTER SET = utf8mb4 COLLATE = utf8mb4_0900_ai_ci COMMENT = '提交附件表' ROW_FORMAT = Dynamic;

-- ----------------------------
-- Records of submission_attachments
-- ----------------------------
INSERT INTO `submission_attachments` VALUES (1, 1, '/submissions/1/index.html', 'index.html', 4567);
INSERT INTO `submission_attachments` VALUES (2, 1, '/submissions/1/screenshot.png', '页面截图.png', 567890);
INSERT INTO `submission_attachments` VALUES (3, 2, '/submissions/2/structure.html', 'structure.html', 5678);
INSERT INTO `submission_attachments` VALUES (4, 2, '/submissions/2/screenshot.jpg', '页面截图.jpg', 678901);
INSERT INTO `submission_attachments` VALUES (5, 3, '/submissions/3/responsive.html', 'responsive.html', 6789);
INSERT INTO `submission_attachments` VALUES (6, 3, '/submissions/3/styles.css', 'styles.css', 3456);
INSERT INTO `submission_attachments` VALUES (7, 3, '/submissions/3/screenshots.zip', '多设备截图.zip', 1234567);
INSERT INTO `submission_attachments` VALUES (8, 4, '/submissions/4/counter.js', 'counter.js', 2345);
INSERT INTO `submission_attachments` VALUES (9, 4, '/submissions/4/test.js', 'test.js', 3456);
INSERT INTO `submission_attachments` VALUES (10, 5, '/submissions/5/ShoppingCart.vue', 'ShoppingCart.vue', 7890);
INSERT INTO `submission_attachments` VALUES (11, 5, '/submissions/5/ProductList.vue', 'ProductList.vue', 5678);
INSERT INTO `submission_attachments` VALUES (12, 5, '/submissions/5/CartList.vue', 'CartList.vue', 6789);
INSERT INTO `submission_attachments` VALUES (13, 5, '/submissions/5/CartSummary.vue', 'CartSummary.vue', 4567);
INSERT INTO `submission_attachments` VALUES (14, 5, '/submissions/5/demo.gif', '功能演示.gif', 2345678);

-- ----------------------------
-- Table structure for sys_menu
-- ----------------------------
DROP TABLE IF EXISTS `sys_menu`;
CREATE TABLE `sys_menu`  (
  `id` bigint NOT NULL AUTO_INCREMENT COMMENT '菜单ID',
  `parent_id` bigint NULL DEFAULT 0 COMMENT '父菜单ID，0表示根菜单',
  `menu_name` varchar(50) CHARACTER SET utf8mb4 COLLATE utf8mb4_0900_ai_ci NOT NULL COMMENT '菜单名称',
  `menu_type` enum('DIR','MENU','BUTTON') CHARACTER SET utf8mb4 COLLATE utf8mb4_0900_ai_ci NOT NULL COMMENT '菜单类型：DIR-目录，MENU-菜单，BUTTON-按钮',
  `permission` varchar(100) CHARACTER SET utf8mb4 COLLATE utf8mb4_0900_ai_ci NULL DEFAULT NULL COMMENT '权限标识，如：system:menu:edit',
  `icon` varchar(50) CHARACTER SET utf8mb4 COLLATE utf8mb4_0900_ai_ci NULL DEFAULT NULL COMMENT '菜单图标',
  `path` varchar(200) CHARACTER SET utf8mb4 COLLATE utf8mb4_0900_ai_ci NULL DEFAULT NULL COMMENT '路由路径',
  `component` varchar(200) CHARACTER SET utf8mb4 COLLATE utf8mb4_0900_ai_ci NULL DEFAULT NULL COMMENT '组件路径',
  `sort` int NULL DEFAULT 0 COMMENT '排序',
  `status` tinyint(1) NOT NULL DEFAULT 1 COMMENT '状态：1-正常，0-禁用',
  `create_time` datetime NOT NULL DEFAULT CURRENT_TIMESTAMP COMMENT '创建时间',
  `update_time` datetime NOT NULL DEFAULT CURRENT_TIMESTAMP ON UPDATE CURRENT_TIMESTAMP COMMENT '更新时间',
  PRIMARY KEY (`id`) USING BTREE,
  UNIQUE INDEX `uk_permission`(`permission` ASC) USING BTREE COMMENT '权限标识唯一索引',
  INDEX `idx_parent_id`(`parent_id` ASC) USING BTREE
) ENGINE = InnoDB AUTO_INCREMENT = 18 CHARACTER SET = utf8mb4 COLLATE = utf8mb4_0900_ai_ci COMMENT = '菜单权限表' ROW_FORMAT = DYNAMIC;

-- ----------------------------
-- Records of sys_menu
-- ----------------------------
INSERT INTO `sys_menu` VALUES (1, 0, '系统管理', 'DIR', NULL, 'system', '/system', NULL, 1, 1, '2026-01-23 23:12:15', '2026-01-23 23:12:15');
INSERT INTO `sys_menu` VALUES (2, 1, '用户管理', 'MENU', 'system:user:view', 'user', 'user', 'system/user/index', 1, 1, '2026-01-23 23:12:15', '2026-01-23 23:12:15');
INSERT INTO `sys_menu` VALUES (3, 2, '用户新增', 'BUTTON', 'system:user:add', NULL, NULL, NULL, 1, 1, '2026-01-23 23:12:15', '2026-01-23 23:12:15');
INSERT INTO `sys_menu` VALUES (4, 2, '用户编辑', 'BUTTON', 'system:user:edit', NULL, NULL, NULL, 2, 1, '2026-01-23 23:12:15', '2026-01-23 23:12:15');
INSERT INTO `sys_menu` VALUES (5, 2, '用户删除', 'BUTTON', 'system:user:delete', NULL, NULL, NULL, 3, 1, '2026-01-23 23:12:15', '2026-01-23 23:12:15');
INSERT INTO `sys_menu` VALUES (6, 1, '角色管理', 'MENU', 'system:role:view', 'role', 'role', 'system/role/index', 2, 1, '2026-01-23 23:12:15', '2026-01-23 23:12:15');
INSERT INTO `sys_menu` VALUES (7, 6, '角色新增', 'BUTTON', 'system:role:add', NULL, NULL, NULL, 1, 1, '2026-01-23 23:12:15', '2026-01-23 23:12:15');
INSERT INTO `sys_menu` VALUES (8, 6, '角色编辑', 'BUTTON', 'system:role:edit', NULL, NULL, NULL, 2, 1, '2026-01-23 23:12:15', '2026-01-23 23:12:15');
INSERT INTO `sys_menu` VALUES (9, 1, '菜单管理', 'MENU', 'system:menu:view', 'menu', 'menu', 'system/menu/index', 3, 1, '2026-01-23 23:12:15', '2026-01-23 23:12:15');
INSERT INTO `sys_menu` VALUES (10, 9, '菜单新增', 'BUTTON', 'system:menu:add', NULL, NULL, NULL, 1, 1, '2026-01-23 23:12:15', '2026-01-23 23:12:15');
INSERT INTO `sys_menu` VALUES (11, 9, '菜单编辑', 'BUTTON', 'system:menu:edit', NULL, NULL, NULL, 2, 1, '2026-01-23 23:12:15', '2026-01-23 23:12:15');
INSERT INTO `sys_menu` VALUES (12, 9, '菜单删除', 'BUTTON', 'system:menu:delete', NULL, NULL, NULL, 3, 1, '2026-01-23 23:12:15', '2026-01-23 23:12:15');
INSERT INTO `sys_menu` VALUES (13, 0, '课程管理', 'DIR', NULL, 'book', '/course', NULL, 2, 1, '2026-01-23 23:12:15', '2026-01-23 23:12:15');
INSERT INTO `sys_menu` VALUES (14, 14, '课程列表', 'MENU', 'course:view', 'list', 'list', 'course/index', 1, 1, '2026-01-23 23:12:15', '2026-01-24 22:24:26');
INSERT INTO `sys_menu` VALUES (15, 14, '课程新增', 'BUTTON', 'course:add', NULL, NULL, NULL, 1, 1, '2026-01-23 23:12:15', '2026-01-23 23:12:15');
INSERT INTO `sys_menu` VALUES (16, 14, '课程编辑', 'BUTTON', 'course:edit', NULL, NULL, NULL, 2, 1, '2026-01-23 23:12:15', '2026-01-23 23:12:15');
INSERT INTO `sys_menu` VALUES (17, 14, '课程删除', 'BUTTON', 'course:delete', NULL, NULL, NULL, 3, 1, '2026-01-23 23:12:15', '2026-01-23 23:12:15');

-- ----------------------------
-- Table structure for sys_role
-- ----------------------------
DROP TABLE IF EXISTS `sys_role`;
CREATE TABLE `sys_role`  (
  `id` bigint NOT NULL AUTO_INCREMENT COMMENT '角色ID',
  `role_name` varchar(50) CHARACTER SET utf8mb4 COLLATE utf8mb4_0900_ai_ci NOT NULL COMMENT '角色名称（如\"ROLE_USER\"、\"ROLE_ADMIN\"）',
  `role_desc` varchar(200) CHARACTER SET utf8mb4 COLLATE utf8mb4_0900_ai_ci NULL DEFAULT NULL COMMENT '角色描述',
  PRIMARY KEY (`id`) USING BTREE,
  UNIQUE INDEX `uk_role_name`(`role_name` ASC) USING BTREE
) ENGINE = InnoDB AUTO_INCREMENT = 4 CHARACTER SET = utf8mb4 COLLATE = utf8mb4_0900_ai_ci COMMENT = '角色表' ROW_FORMAT = Dynamic;

-- ----------------------------
-- Records of sys_role
-- ----------------------------
INSERT INTO `sys_role` VALUES (1, 'ROLE_ADMIN', '系统管理员（拥有全部权限）');
INSERT INTO `sys_role` VALUES (2, 'ROLE_TEACHER', '教师（基础操作权限）');
INSERT INTO `sys_role` VALUES (3, 'ROLE_STUDENT', '学生（基础操作权限）');

-- ----------------------------
-- Table structure for sys_role_menu
-- ----------------------------
DROP TABLE IF EXISTS `sys_role_menu`;
CREATE TABLE `sys_role_menu`  (
  `role_id` bigint NOT NULL COMMENT '角色ID',
  `menu_id` bigint NOT NULL COMMENT '菜单ID',
  PRIMARY KEY (`role_id`, `menu_id`) USING BTREE,
  INDEX `idx_menu_id`(`menu_id` ASC) USING BTREE,
  CONSTRAINT `fk_role_menu_menu` FOREIGN KEY (`menu_id`) REFERENCES `sys_menu` (`id`) ON DELETE CASCADE ON UPDATE RESTRICT,
  CONSTRAINT `fk_role_menu_role` FOREIGN KEY (`role_id`) REFERENCES `sys_role` (`id`) ON DELETE CASCADE ON UPDATE RESTRICT
) ENGINE = InnoDB CHARACTER SET = utf8mb4 COLLATE = utf8mb4_0900_ai_ci COMMENT = '角色菜单关联表' ROW_FORMAT = DYNAMIC;

-- ----------------------------
-- Records of sys_role_menu
-- ----------------------------
INSERT INTO `sys_role_menu` VALUES (1, 1);
INSERT INTO `sys_role_menu` VALUES (1, 2);
INSERT INTO `sys_role_menu` VALUES (1, 3);
INSERT INTO `sys_role_menu` VALUES (1, 4);
INSERT INTO `sys_role_menu` VALUES (1, 5);
INSERT INTO `sys_role_menu` VALUES (1, 6);
INSERT INTO `sys_role_menu` VALUES (1, 7);
INSERT INTO `sys_role_menu` VALUES (1, 8);
INSERT INTO `sys_role_menu` VALUES (1, 9);
INSERT INTO `sys_role_menu` VALUES (1, 10);
INSERT INTO `sys_role_menu` VALUES (1, 11);
INSERT INTO `sys_role_menu` VALUES (1, 12);
INSERT INTO `sys_role_menu` VALUES (1, 13);
INSERT INTO `sys_role_menu` VALUES (2, 13);
INSERT INTO `sys_role_menu` VALUES (3, 13);
INSERT INTO `sys_role_menu` VALUES (1, 14);
INSERT INTO `sys_role_menu` VALUES (2, 14);
INSERT INTO `sys_role_menu` VALUES (3, 14);
INSERT INTO `sys_role_menu` VALUES (1, 15);
INSERT INTO `sys_role_menu` VALUES (2, 15);
INSERT INTO `sys_role_menu` VALUES (1, 16);
INSERT INTO `sys_role_menu` VALUES (2, 16);
INSERT INTO `sys_role_menu` VALUES (1, 17);
INSERT INTO `sys_role_menu` VALUES (2, 17);

-- ----------------------------
-- Table structure for sys_user_role
-- ----------------------------
DROP TABLE IF EXISTS `sys_user_role`;
CREATE TABLE `sys_user_role`  (
  `user_id` bigint NOT NULL COMMENT '用户ID（关联sys_user.id）',
  `role_id` bigint NOT NULL COMMENT '角色ID（关联sys_role.id）',
  PRIMARY KEY (`user_id`, `role_id`) USING BTREE,
  INDEX `idx_role_id`(`role_id` ASC) USING BTREE
) ENGINE = InnoDB CHARACTER SET = utf8mb4 COLLATE = utf8mb4_0900_ai_ci COMMENT = '用户角色关联表' ROW_FORMAT = Dynamic;

-- ----------------------------
-- Records of sys_user_role
-- ----------------------------
INSERT INTO `sys_user_role` VALUES (10, 1);
INSERT INTO `sys_user_role` VALUES (16, 1);
INSERT INTO `sys_user_role` VALUES (3, 2);
INSERT INTO `sys_user_role` VALUES (4, 2);
INSERT INTO `sys_user_role` VALUES (7, 2);
INSERT INTO `sys_user_role` VALUES (12, 2);
INSERT INTO `sys_user_role` VALUES (1, 3);
INSERT INTO `sys_user_role` VALUES (2, 3);
INSERT INTO `sys_user_role` VALUES (5, 3);
INSERT INTO `sys_user_role` VALUES (6, 3);
INSERT INTO `sys_user_role` VALUES (8, 3);
INSERT INTO `sys_user_role` VALUES (9, 3);
INSERT INTO `sys_user_role` VALUES (11, 3);
INSERT INTO `sys_user_role` VALUES (13, 3);
INSERT INTO `sys_user_role` VALUES (14, 3);
INSERT INTO `sys_user_role` VALUES (17, 3);
INSERT INTO `sys_user_role` VALUES (18, 3);

-- ----------------------------
-- Table structure for uploaded_files
-- ----------------------------
DROP TABLE IF EXISTS `uploaded_files`;
CREATE TABLE `uploaded_files`  (
  `id` bigint NOT NULL AUTO_INCREMENT COMMENT '文件ID',
  `user_id` bigint NOT NULL COMMENT '上传用户ID',
  `file_name` varchar(100) CHARACTER SET utf8mb4 COLLATE utf8mb4_0900_ai_ci NOT NULL COMMENT '文件名',
  `file_url` varchar(255) CHARACTER SET utf8mb4 COLLATE utf8mb4_0900_ai_ci NOT NULL COMMENT '文件URL',
  `file_size` bigint NULL DEFAULT 0 COMMENT '文件大小(字节)',
  `file_type` enum('image','video') CHARACTER SET utf8mb4 COLLATE utf8mb4_0900_ai_ci NOT NULL COMMENT '文件类型(image/video)',
  `duration` int NULL DEFAULT NULL COMMENT '视频时长(秒)',
  `create_time` datetime NOT NULL DEFAULT CURRENT_TIMESTAMP COMMENT '创建时间',
  PRIMARY KEY (`id`) USING BTREE,
  INDEX `idx_user_id`(`user_id` ASC) USING BTREE,
  INDEX `idx_file_type`(`file_type` ASC) USING BTREE,
  CONSTRAINT `fk_uploaded_files_user` FOREIGN KEY (`user_id`) REFERENCES `users` (`id`) ON DELETE CASCADE ON UPDATE RESTRICT
) ENGINE = InnoDB AUTO_INCREMENT = 1 CHARACTER SET = utf8mb4 COLLATE = utf8mb4_0900_ai_ci COMMENT = '文件上传记录表' ROW_FORMAT = Dynamic;

-- ----------------------------
-- Records of uploaded_files
-- ----------------------------

-- ----------------------------
-- Table structure for user_action_logs
-- ----------------------------
DROP TABLE IF EXISTS `user_action_logs`;
CREATE TABLE `user_action_logs`  (
  `id` bigint NOT NULL AUTO_INCREMENT COMMENT '日志ID',
  `user_id` bigint NOT NULL COMMENT '用户ID',
  `login_status` tinyint NOT NULL COMMENT '登录状态：1-成功，0-失败',
  `fail_reason` varchar(200) CHARACTER SET utf8mb4 COLLATE utf8mb4_0900_ai_ci NULL DEFAULT NULL COMMENT '失败原因（如\"密码错误\"、\"账号锁定\"）',
  `action_type` varchar(50) CHARACTER SET utf8mb4 COLLATE utf8mb4_0900_ai_ci NOT NULL COMMENT '操作类型',
  `action_desc` varchar(255) CHARACTER SET utf8mb4 COLLATE utf8mb4_0900_ai_ci NULL DEFAULT NULL COMMENT '操作描述',
  `resource_type` varchar(50) CHARACTER SET utf8mb4 COLLATE utf8mb4_0900_ai_ci NULL DEFAULT NULL COMMENT '资源类型',
  `resource_id` bigint NULL DEFAULT NULL COMMENT '资源ID',
  `ip_address` varchar(50) CHARACTER SET utf8mb4 COLLATE utf8mb4_0900_ai_ci NULL DEFAULT NULL COMMENT 'IP地址',
  `user_agent` varchar(255) CHARACTER SET utf8mb4 COLLATE utf8mb4_0900_ai_ci NULL DEFAULT NULL COMMENT '用户代理',
  `request_url` varchar(255) CHARACTER SET utf8mb4 COLLATE utf8mb4_0900_ai_ci NULL DEFAULT NULL COMMENT '请求URL',
  `request_method` varchar(10) CHARACTER SET utf8mb4 COLLATE utf8mb4_0900_ai_ci NULL DEFAULT NULL COMMENT '请求方法',
  `request_params` text CHARACTER SET utf8mb4 COLLATE utf8mb4_0900_ai_ci NULL COMMENT '请求参数',
  `response_code` int NULL DEFAULT NULL COMMENT '响应状态码',
  `duration` int NULL DEFAULT NULL COMMENT '操作耗时(毫秒)',
  `create_time` datetime NOT NULL DEFAULT CURRENT_TIMESTAMP COMMENT '创建时间',
  PRIMARY KEY (`id`) USING BTREE,
  INDEX `idx_user_id`(`user_id` ASC) USING BTREE,
  INDEX `idx_action_type`(`action_type` ASC) USING BTREE,
  INDEX `idx_create_time`(`create_time` ASC) USING BTREE
) ENGINE = InnoDB AUTO_INCREMENT = 74 CHARACTER SET = utf8mb4 COLLATE = utf8mb4_0900_ai_ci COMMENT = '用户操作日志表' ROW_FORMAT = Dynamic;

-- ----------------------------
-- Records of user_action_logs
-- ----------------------------
INSERT INTO `user_action_logs` VALUES (1, 1, 1, NULL, 'login', '用户登录', NULL, NULL, '192.168.1.101', 'Chrome 95.0.4638.69 / Windows 10', NULL, NULL, NULL, NULL, NULL, '2023-06-01 08:30:15');
INSERT INTO `user_action_logs` VALUES (2, 1, 1, NULL, 'view_course', '查看课程: HTML5+CSS3零基础入门到精通', NULL, NULL, '192.168.1.101', 'Chrome 95.0.4638.69 / Windows 10', NULL, NULL, NULL, NULL, NULL, '2023-06-01 08:35:22');
INSERT INTO `user_action_logs` VALUES (3, 1, 1, NULL, 'study_lesson', '学习课时: HTML5基础语法', NULL, NULL, '192.168.1.101', 'Chrome 95.0.4638.69 / Windows 10', NULL, NULL, NULL, NULL, NULL, '2023-06-01 08:40:35');
INSERT INTO `user_action_logs` VALUES (4, 1, 1, NULL, 'submit_assignment', '提交作业: HTML5页面结构设计', NULL, NULL, '192.168.1.101', 'Chrome 95.0.4638.69 / Windows 10', NULL, NULL, NULL, NULL, NULL, '2023-06-28 15:30:45');
INSERT INTO `user_action_logs` VALUES (5, 1, 1, NULL, 'post_question', '发布问题: Vue组件之间如何进行通信？', NULL, NULL, '192.168.1.101', 'Chrome 95.0.4638.69 / Windows 10', NULL, NULL, NULL, NULL, NULL, '2023-06-05 14:25:18');
INSERT INTO `user_action_logs` VALUES (6, 1, 1, NULL, 'logout', '用户退出', NULL, NULL, '192.168.1.101', 'Chrome 95.0.4638.69 / Windows 10', NULL, NULL, NULL, NULL, NULL, '2023-06-01 10:15:42');
INSERT INTO `user_action_logs` VALUES (7, 1, 1, NULL, 'login', '用户登录', NULL, NULL, '192.168.1.101', 'Chrome 95.0.4638.69 / Windows 10', NULL, NULL, NULL, NULL, NULL, '2023-06-02 09:10:25');
INSERT INTO `user_action_logs` VALUES (8, 1, 1, NULL, 'view_course', '查看课程: JavaScript高级程序设计', NULL, NULL, '192.168.1.101', 'Chrome 95.0.4638.69 / Windows 10', NULL, NULL, NULL, NULL, NULL, '2023-06-02 09:15:33');
INSERT INTO `user_action_logs` VALUES (9, 1, 1, NULL, 'favorite_course', '收藏课程: JavaScript高级程序设计', NULL, NULL, '192.168.1.101', 'Chrome 95.0.4638.69 / Windows 10', NULL, NULL, NULL, NULL, NULL, '2023-06-02 09:20:12');
INSERT INTO `user_action_logs` VALUES (10, 1, 1, NULL, 'post_comment', '发表评论: JavaScript高级程序设计', NULL, NULL, '192.168.1.101', 'Chrome 95.0.4638.69 / Windows 10', NULL, NULL, NULL, NULL, NULL, '2023-06-02 09:45:28');
INSERT INTO `user_action_logs` VALUES (11, 2, 1, NULL, 'login', '用户登录', NULL, NULL, '192.168.2.205', 'Safari 15.1 / macOS 12.0.1', NULL, NULL, NULL, NULL, NULL, '2023-06-01 10:20:35');
INSERT INTO `user_action_logs` VALUES (12, 2, 1, NULL, 'view_course', '查看课程: JavaScript高级程序设计', NULL, NULL, '192.168.2.205', 'Safari 15.1 / macOS 12.0.1', NULL, NULL, NULL, NULL, NULL, '2023-06-01 10:25:42');
INSERT INTO `user_action_logs` VALUES (13, 2, 1, NULL, 'study_lesson', '学习课时: JavaScript基本语法', NULL, NULL, '192.168.2.205', 'Safari 15.1 / macOS 12.0.1', NULL, NULL, NULL, NULL, NULL, '2023-06-01 10:30:18');
INSERT INTO `user_action_logs` VALUES (14, 2, 1, NULL, 'post_question', '发布问题: JavaScript中的闭包是什么？', NULL, NULL, '192.168.2.205', 'Safari 15.1 / macOS 12.0.1', NULL, NULL, NULL, NULL, NULL, '2023-06-03 16:45:22');
INSERT INTO `user_action_logs` VALUES (15, 2, 1, NULL, 'submit_assignment', '提交作业: JavaScript闭包与模块模式', NULL, NULL, '192.168.2.205', 'Safari 15.1 / macOS 12.0.1', NULL, NULL, NULL, NULL, NULL, '2023-06-24 11:25:38');
INSERT INTO `user_action_logs` VALUES (16, 2, 1, NULL, 'logout', '用户退出', NULL, NULL, '192.168.2.205', 'Safari 15.1 / macOS 12.0.1', NULL, NULL, NULL, NULL, NULL, '2023-06-01 12:05:33');
INSERT INTO `user_action_logs` VALUES (17, 3, 1, NULL, 'login', '用户登录', NULL, NULL, '10.0.0.15', 'Firefox 94.0 / Ubuntu 20.04', NULL, NULL, NULL, NULL, NULL, '2023-06-01 07:50:12');
INSERT INTO `user_action_logs` VALUES (18, 3, 1, NULL, 'update_course', '更新课程: HTML5+CSS3零基础入门到精通', NULL, NULL, '10.0.0.15', 'Firefox 94.0 / Ubuntu 20.04', NULL, NULL, NULL, NULL, NULL, '2023-06-01 08:15:33');
INSERT INTO `user_action_logs` VALUES (19, 3, 1, NULL, 'reply_comment', '回复评论: JavaScript高级程序设计', NULL, NULL, '10.0.0.15', 'Firefox 94.0 / Ubuntu 20.04', NULL, NULL, NULL, NULL, NULL, '2023-06-02 10:30:45');
INSERT INTO `user_action_logs` VALUES (20, 3, 1, NULL, 'grade_assignment', '评分作业: HTML5页面结构设计', NULL, NULL, '10.0.0.15', 'Firefox 94.0 / Ubuntu 20.04', NULL, NULL, NULL, NULL, NULL, '2023-07-01 10:15:22');
INSERT INTO `user_action_logs` VALUES (21, 3, 1, NULL, 'answer_question', '回答问题: JavaScript中的闭包是什么？', NULL, NULL, '10.0.0.15', 'Firefox 94.0 / Ubuntu 20.04', NULL, NULL, NULL, NULL, NULL, '2023-06-04 09:25:18');
INSERT INTO `user_action_logs` VALUES (22, 3, 1, NULL, 'logout', '用户退出', NULL, NULL, '10.0.0.15', 'Firefox 94.0 / Ubuntu 20.04', NULL, NULL, NULL, NULL, NULL, '2023-06-01 16:45:22');
INSERT INTO `user_action_logs` VALUES (23, 5, 1, NULL, 'login', '用户登录', NULL, NULL, '172.16.10.25', 'Edge 95.0.1020.40 / Windows 11', NULL, NULL, NULL, NULL, NULL, '2023-06-02 14:20:15');
INSERT INTO `user_action_logs` VALUES (24, 5, 1, NULL, 'view_course', '查看课程: Vue.js实战项目开发', NULL, NULL, '172.16.10.25', 'Edge 95.0.1020.40 / Windows 11', NULL, NULL, NULL, NULL, NULL, '2023-06-02 14:25:33');
INSERT INTO `user_action_logs` VALUES (25, 5, 1, NULL, 'study_lesson', '学习课时: Vue.js组件基础', NULL, NULL, '172.16.10.25', 'Edge 95.0.1020.40 / Windows 11', NULL, NULL, NULL, NULL, NULL, '2023-06-02 14:35:42');
INSERT INTO `user_action_logs` VALUES (26, 5, 1, NULL, 'post_question', '发布问题: CSS Grid和Flexbox有什么区别？', NULL, NULL, '172.16.10.25', 'Edge 95.0.1020.40 / Windows 11', NULL, NULL, NULL, NULL, NULL, '2023-06-04 11:30:18');
INSERT INTO `user_action_logs` VALUES (27, 5, 1, NULL, 'submit_assignment', '提交作业: Vue.js组件开发', NULL, NULL, '172.16.10.25', 'Edge 95.0.1020.40 / Windows 11', NULL, NULL, NULL, NULL, NULL, '2023-07-09 20:15:33');
INSERT INTO `user_action_logs` VALUES (28, 5, 1, NULL, 'logout', '用户退出', NULL, NULL, '172.16.10.25', 'Edge 95.0.1020.40 / Windows 11', NULL, NULL, NULL, NULL, NULL, '2023-06-02 16:50:22');
INSERT INTO `user_action_logs` VALUES (29, 6, 1, NULL, 'login', '用户登录', NULL, NULL, '192.168.5.78', 'Chrome 95.0.4638.69 / Android 12', NULL, NULL, NULL, NULL, NULL, '2023-06-03 19:15:33');
INSERT INTO `user_action_logs` VALUES (30, 6, 1, NULL, 'view_course', '查看课程: Python数据分析与可视化', NULL, NULL, '192.168.5.78', 'Chrome 95.0.4638.69 / Android 12', NULL, NULL, NULL, NULL, NULL, '2023-06-03 19:20:45');
INSERT INTO `user_action_logs` VALUES (31, 6, 1, NULL, 'study_lesson', '学习课时: Pandas基础', NULL, NULL, '192.168.5.78', 'Chrome 95.0.4638.69 / Android 12', NULL, NULL, NULL, NULL, NULL, '2023-06-03 19:30:22');
INSERT INTO `user_action_logs` VALUES (32, 6, 1, NULL, 'post_question', '发布问题: Python数据分析中如何处理缺失值？', NULL, NULL, '192.168.5.78', 'Chrome 95.0.4638.69 / Android 12', NULL, NULL, NULL, NULL, NULL, '2023-06-05 20:45:18');
INSERT INTO `user_action_logs` VALUES (33, 6, 1, NULL, 'logout', '用户退出', NULL, NULL, '192.168.5.78', 'Chrome 95.0.4638.69 / Android 12', NULL, NULL, NULL, NULL, NULL, '2023-06-03 21:10:33');
INSERT INTO `user_action_logs` VALUES (34, 7, 1, NULL, 'login', '用户登录', NULL, NULL, '10.0.0.28', 'Chrome 95.0.4638.69 / macOS 12.0.1', NULL, NULL, NULL, NULL, NULL, '2023-06-01 09:30:15');
INSERT INTO `user_action_logs` VALUES (35, 7, 1, NULL, 'update_course', '更新课程: Vue.js实战项目开发', NULL, NULL, '10.0.0.28', 'Chrome 95.0.4638.69 / macOS 12.0.1', NULL, NULL, NULL, NULL, NULL, '2023-06-01 10:15:33');
INSERT INTO `user_action_logs` VALUES (36, 7, 1, NULL, 'answer_question', '回答问题: Vue组件之间如何进行通信？', NULL, NULL, '10.0.0.28', 'Chrome 95.0.4638.69 / macOS 12.0.1', NULL, NULL, NULL, NULL, NULL, '2023-06-05 15:20:18');
INSERT INTO `user_action_logs` VALUES (37, 1, 1, NULL, 'login', '用户登录', NULL, NULL, '192.168.1.101', 'Chrome 120.0 / Windows 11', '/auth/api/login', 'POST', '{\"username\":\"张明\"}', 200, 85, '2026-03-21 09:00:00');
INSERT INTO `user_action_logs` VALUES (38, 1, 1, NULL, 'view_course', '查看课程: HTML5+CSS3零基础入门到精通', 'course', 1, '192.168.1.101', 'Chrome 120.0 / Windows 11', NULL, NULL, NULL, 200, 120, '2026-03-21 09:05:00');
INSERT INTO `user_action_logs` VALUES (39, 1, 1, NULL, 'study_lesson', '学习课时: HTML5常用标签', 'section', 3, '192.168.1.101', 'Chrome 120.0 / Windows 11', NULL, NULL, NULL, 200, 2700, '2026-03-21 14:00:00');
INSERT INTO `user_action_logs` VALUES (40, 1, 1, NULL, 'submit_assignment', '提交作业: HTML5页面结构设计', 'assignment', 1, '192.168.1.101', 'Chrome 120.0 / Windows 11', NULL, NULL, NULL, 200, 350, '2026-03-21 18:00:00');
INSERT INTO `user_action_logs` VALUES (41, 1, 1, NULL, 'post_question', '发布问题: Vue3中ref和reactive有什么区别？', 'question', 6, '192.168.1.101', 'Chrome 120.0 / Windows 11', NULL, NULL, NULL, 200, 180, '2026-03-21 19:00:00');
INSERT INTO `user_action_logs` VALUES (42, 1, 1, NULL, 'post_comment', '发表评论: JavaScript高级程序设计', 'course', 2, '192.168.1.101', 'Chrome 120.0 / Windows 11', NULL, NULL, NULL, 200, 90, '2026-03-21 20:00:00');
INSERT INTO `user_action_logs` VALUES (43, 1, 1, NULL, 'logout', '用户退出', NULL, NULL, '192.168.1.101', 'Chrome 120.0 / Windows 11', NULL, NULL, NULL, 200, 20, '2026-03-21 23:00:00');
INSERT INTO `user_action_logs` VALUES (44, 2, 1, NULL, 'login', '用户登录', NULL, NULL, '192.168.1.102', 'Safari 17.2 / macOS 14.0', '/auth/api/login', 'POST', '{\"username\":\"李娜\"}', 200, 92, '2026-03-21 10:00:00');
INSERT INTO `user_action_logs` VALUES (45, 2, 1, NULL, 'study_lesson', '学习课时: JavaScript语言特性', 'section', 18, '192.168.1.102', 'Safari 17.2 / macOS 14.0', NULL, NULL, NULL, 200, 2700, '2026-03-21 15:30:00');
INSERT INTO `user_action_logs` VALUES (46, 2, 1, NULL, 'post_comment', '发表评论: Vue.js实战项目开发', 'course', 3, '192.168.1.102', 'Safari 17.2 / macOS 14.0', NULL, NULL, NULL, 200, 75, '2026-03-21 17:00:00');
INSERT INTO `user_action_logs` VALUES (47, 2, 1, NULL, 'answer_question', '回答问题: Vue3中ref和reactive有什么区别？', 'question', 6, '192.168.1.102', 'Safari 17.2 / macOS 14.0', NULL, NULL, NULL, 200, 250, '2026-03-21 18:00:00');
INSERT INTO `user_action_logs` VALUES (48, 2, 1, NULL, 'logout', '用户退出', NULL, NULL, '192.168.1.102', 'Safari 17.2 / macOS 14.0', NULL, NULL, NULL, 200, 15, '2026-03-21 22:00:00');
INSERT INTO `user_action_logs` VALUES (49, 5, 1, NULL, 'login', '用户登录', NULL, NULL, '172.16.10.25', 'Edge 120.0 / Windows 11', '/auth/api/login', 'POST', '{\"username\":\"陈伟\"}', 200, 88, '2026-03-21 11:00:00');
INSERT INTO `user_action_logs` VALUES (50, 5, 1, NULL, 'study_lesson', '学习课时: Vue.js组件基础', 'section', 10, '172.16.10.25', 'Edge 120.0 / Windows 11', NULL, NULL, NULL, 200, 2400, '2026-03-21 14:00:00');
INSERT INTO `user_action_logs` VALUES (51, 5, 1, NULL, 'view_course', '查看课程: Python数据分析与可视化', 'course', 4, '172.16.10.25', 'Edge 120.0 / Windows 11', NULL, NULL, NULL, 200, 100, '2026-03-21 16:00:00');
INSERT INTO `user_action_logs` VALUES (52, 5, 1, NULL, 'post_question', '发布问题: Python中如何优化Pandas读取大文件的性能？', 'question', 7, '172.16.10.25', 'Edge 120.0 / Windows 11', NULL, NULL, NULL, 200, 200, '2026-03-21 18:00:00');
INSERT INTO `user_action_logs` VALUES (53, 5, 1, NULL, 'logout', '用户退出', NULL, NULL, '172.16.10.25', 'Edge 120.0 / Windows 11', NULL, NULL, NULL, 200, 18, '2026-03-21 22:00:00');
INSERT INTO `user_action_logs` VALUES (54, 6, 1, NULL, 'login', '用户登录', NULL, NULL, '192.168.5.78', 'Chrome 120.0 / Android 14', '/auth/api/login', 'POST', '{\"username\":\"刘芳\"}', 200, 95, '2026-03-21 12:00:00');
INSERT INTO `user_action_logs` VALUES (55, 6, 1, NULL, 'study_lesson', '学习课时: 个人简历项目开发', 'section', 15, '192.168.5.78', 'Chrome 120.0 / Android 14', NULL, NULL, NULL, 200, 3600, '2026-03-21 15:00:00');
INSERT INTO `user_action_logs` VALUES (56, 6, 1, NULL, 'submit_assignment', '提交作业: Python数据分析报告', 'assignment', 5, '192.168.5.78', 'Chrome 120.0 / Android 14', NULL, NULL, NULL, 200, 420, '2026-03-21 19:30:00');
INSERT INTO `user_action_logs` VALUES (57, 6, 1, NULL, 'logout', '用户退出', NULL, NULL, '192.168.5.78', 'Chrome 120.0 / Android 14', NULL, NULL, NULL, 200, 22, '2026-03-21 21:00:00');
INSERT INTO `user_action_logs` VALUES (58, 9, 1, NULL, 'login', '用户登录', NULL, NULL, '10.0.0.15', 'Firefox 121.0 / Ubuntu 22.04', '/auth/api/login', 'POST', '{\"username\":\"吴刚\"}', 200, 80, '2026-03-21 13:00:00');
INSERT INTO `user_action_logs` VALUES (59, 9, 1, NULL, 'study_lesson', '学习课时: 流程控制与循环', 'section', 20, '10.0.0.15', 'Firefox 121.0 / Ubuntu 22.04', NULL, NULL, NULL, 200, 2700, '2026-03-21 15:00:00');
INSERT INTO `user_action_logs` VALUES (60, 9, 1, NULL, 'view_course', '查看课程: Java企业级应用开发', 'course', 5, '10.0.0.15', 'Firefox 121.0 / Ubuntu 22.04', NULL, NULL, NULL, 200, 110, '2026-03-21 17:00:00');
INSERT INTO `user_action_logs` VALUES (61, 9, 1, NULL, 'logout', '用户退出', NULL, NULL, '10.0.0.15', 'Firefox 121.0 / Ubuntu 22.04', NULL, NULL, NULL, 200, 12, '2026-03-21 19:00:00');
INSERT INTO `user_action_logs` VALUES (62, 13, 1, NULL, 'login', '用户登录', NULL, NULL, '127.0.0.1', 'Chrome 120.0 / Windows 11', '/auth/api/login', 'POST', '{\"username\":\"张伟\"}', 200, 100, '2026-03-21 15:00:00');
INSERT INTO `user_action_logs` VALUES (63, 13, 1, NULL, 'study_lesson', '学习课时: HTML5简介与环境搭建', 'section', 1, '127.0.0.1', 'Chrome 120.0 / Windows 11', NULL, NULL, NULL, 200, 1800, '2026-03-21 16:00:00');
INSERT INTO `user_action_logs` VALUES (64, 13, 1, NULL, 'logout', '用户退出', NULL, NULL, '127.0.0.1', 'Chrome 120.0 / Windows 11', NULL, NULL, NULL, 200, 15, '2026-03-21 18:00:00');
INSERT INTO `user_action_logs` VALUES (65, 14, 1, NULL, 'login', '用户登录', NULL, NULL, '127.0.0.1', 'Chrome 120.0 / Windows 11', '/auth/api/login', 'POST', '{\"username\":\"王小强\"}', 200, 95, '2026-03-21 16:00:00');
INSERT INTO `user_action_logs` VALUES (66, 14, 1, NULL, 'study_lesson', '学习课时: JavaScript语言特性', 'section', 18, '127.0.0.1', 'Chrome 120.0 / Windows 11', NULL, NULL, NULL, 200, 2100, '2026-03-21 17:00:00');
INSERT INTO `user_action_logs` VALUES (67, 14, 1, NULL, 'logout', '用户退出', NULL, NULL, '127.0.0.1', 'Chrome 120.0 / Windows 11', NULL, NULL, NULL, 200, 10, '2026-03-21 19:00:00');
INSERT INTO `user_action_logs` VALUES (68, 17, 1, NULL, 'login', '用户登录', NULL, NULL, '127.0.0.1', 'Safari 17.2 / macOS 14.0', '/auth/api/login', 'POST', '{\"username\":\"陈佳豪\"}', 200, 90, '2026-03-21 17:00:00');
INSERT INTO `user_action_logs` VALUES (69, 17, 1, NULL, 'study_lesson', '学习课时: Vue.js组件基础', 'section', 10, '127.0.0.1', 'Safari 17.2 / macOS 14.0', NULL, NULL, NULL, 200, 1800, '2026-03-21 18:00:00');
INSERT INTO `user_action_logs` VALUES (70, 17, 1, NULL, 'logout', '用户退出', NULL, NULL, '127.0.0.1', 'Safari 17.2 / macOS 14.0', NULL, NULL, NULL, 200, 12, '2026-03-21 20:00:00');
INSERT INTO `user_action_logs` VALUES (71, 18, 1, NULL, 'login', '用户登录', NULL, NULL, '127.0.0.1', 'Chrome 120.0 / Windows 11', '/auth/api/login', 'POST', '{\"username\":\"不知道\"}', 200, 110, '2026-03-21 18:00:00');
INSERT INTO `user_action_logs` VALUES (72, 18, 1, NULL, 'view_course', '查看课程: HTML5+CSS3零基础入门到精通', 'course', 1, '127.0.0.1', 'Chrome 120.0 / Windows 11', NULL, NULL, NULL, 200, 130, '2026-03-21 18:30:00');
INSERT INTO `user_action_logs` VALUES (73, 18, 1, NULL, 'logout', '用户退出', NULL, NULL, '127.0.0.1', 'Chrome 120.0 / Windows 11', NULL, NULL, NULL, 200, 15, '2026-03-21 20:00:00');

-- ----------------------------
-- Table structure for user_courses
-- ----------------------------
DROP TABLE IF EXISTS `user_courses`;
CREATE TABLE `user_courses`  (
  `id` bigint NOT NULL AUTO_INCREMENT COMMENT 'ID',
  `user_id` bigint NOT NULL COMMENT '用户ID',
  `course_id` bigint NOT NULL COMMENT '课程ID',
  `join_time` datetime NOT NULL DEFAULT CURRENT_TIMESTAMP COMMENT '加入时间',
  `expire_time` datetime NULL DEFAULT NULL COMMENT '过期时间',
  `status` varchar(20) CHARACTER SET utf8mb4 COLLATE utf8mb4_0900_ai_ci NULL DEFAULT 'active' COMMENT '状态(active/expired)',
  PRIMARY KEY (`id`) USING BTREE,
  UNIQUE INDEX `uk_user_course`(`user_id` ASC, `course_id` ASC) USING BTREE,
  INDEX `idx_course_id`(`course_id` ASC) USING BTREE,
  CONSTRAINT `fk_user_courses_course` FOREIGN KEY (`course_id`) REFERENCES `courses` (`id`) ON DELETE RESTRICT ON UPDATE RESTRICT,
  CONSTRAINT `fk_user_courses_user` FOREIGN KEY (`user_id`) REFERENCES `users` (`id`) ON DELETE RESTRICT ON UPDATE RESTRICT
) ENGINE = InnoDB AUTO_INCREMENT = 16 CHARACTER SET = utf8mb4 COLLATE = utf8mb4_0900_ai_ci COMMENT = '学生课程关联表' ROW_FORMAT = Dynamic;

-- ----------------------------
-- Records of user_courses
-- ----------------------------
INSERT INTO `user_courses` VALUES (1, 1, 1, '2023-01-15 10:30:00', '2024-01-15 10:30:00', 'active');
INSERT INTO `user_courses` VALUES (2, 1, 2, '2023-02-20 14:15:00', '2024-02-20 14:15:00', 'active');
INSERT INTO `user_courses` VALUES (3, 1, 3, '2023-03-10 09:45:00', '2024-03-10 09:45:00', 'active');
INSERT INTO `user_courses` VALUES (4, 1, 5, '2023-04-05 16:20:00', '2024-04-05 16:20:00', 'active');
INSERT INTO `user_courses` VALUES (5, 2, 1, '2023-01-18 11:20:00', '2024-01-18 11:20:00', 'active');
INSERT INTO `user_courses` VALUES (6, 2, 2, '2023-02-25 15:30:00', '2024-02-25 15:30:00', 'active');
INSERT INTO `user_courses` VALUES (7, 2, 4, '2023-03-15 10:45:00', '2024-03-15 10:45:00', 'active');
INSERT INTO `user_courses` VALUES (8, 5, 3, '2023-02-10 14:00:00', '2024-02-10 14:00:00', 'active');
INSERT INTO `user_courses` VALUES (9, 5, 6, '2023-03-20 09:30:00', '2024-03-20 09:30:00', 'active');
INSERT INTO `user_courses` VALUES (10, 6, 4, '2023-01-25 13:15:00', '2024-01-25 13:15:00', 'active');
INSERT INTO `user_courses` VALUES (11, 6, 7, '2023-02-28 16:45:00', '2024-02-28 16:45:00', 'active');
INSERT INTO `user_courses` VALUES (12, 8, 2, '2023-03-05 11:30:00', '2024-03-05 11:30:00', 'active');
INSERT INTO `user_courses` VALUES (13, 8, 8, '2023-04-10 14:45:00', '2024-04-10 14:45:00', 'active');
INSERT INTO `user_courses` VALUES (14, 9, 5, '2023-02-15 10:00:00', '2024-02-15 10:00:00', 'active');
INSERT INTO `user_courses` VALUES (15, 9, 10, '2023-03-25 15:15:00', '2024-03-25 15:15:00', 'active');

-- ----------------------------
-- Table structure for user_learning_records
-- ----------------------------
DROP TABLE IF EXISTS `user_learning_records`;
CREATE TABLE `user_learning_records`  (
  `id` bigint NOT NULL AUTO_INCREMENT,
  `user_id` bigint NOT NULL,
  `course_id` bigint NOT NULL,
  `section_id` bigint NOT NULL,
  `start_time` datetime NOT NULL COMMENT '学习开始时间',
  `end_time` datetime NOT NULL COMMENT '学习结束时间',
  `duration` int NOT NULL COMMENT '学习时长（秒）',
  `create_time` datetime NULL DEFAULT CURRENT_TIMESTAMP,
  PRIMARY KEY (`id`) USING BTREE,
  INDEX `idx_user_date`(`user_id` ASC, (cast(`start_time` as date)) ASC) USING BTREE
) ENGINE = InnoDB AUTO_INCREMENT = 32 CHARACTER SET = utf8mb4 COLLATE = utf8mb4_0900_ai_ci COMMENT = '用户学习记录明细表' ROW_FORMAT = Dynamic;

-- ----------------------------
-- Records of user_learning_records
-- ----------------------------
INSERT INTO `user_learning_records` VALUES (1, 1, 1, 3, '2026-03-21 14:00:00', '2026-03-21 14:45:00', 2700, '2026-03-21 14:45:00');
INSERT INTO `user_learning_records` VALUES (2, 1, 1, 4, '2026-03-21 15:00:00', '2026-03-21 15:40:00', 2400, '2026-03-21 15:40:00');
INSERT INTO `user_learning_records` VALUES (3, 1, 2, 18, '2026-03-21 16:00:00', '2026-03-21 16:35:00', 2100, '2026-03-21 16:35:00');
INSERT INTO `user_learning_records` VALUES (4, 1, 3, 10, '2026-03-21 17:00:00', '2026-03-21 17:30:00', 1800, '2026-03-21 17:30:00');
INSERT INTO `user_learning_records` VALUES (5, 1, 3, 11, '2026-03-21 17:35:00', '2026-03-21 18:20:00', 2700, '2026-03-21 18:20:00');
INSERT INTO `user_learning_records` VALUES (6, 1, 1, 5, '2026-03-21 19:00:00', '2026-03-21 19:35:00', 2100, '2026-03-21 19:35:00');
INSERT INTO `user_learning_records` VALUES (7, 1, 2, 19, '2026-03-21 20:00:00', '2026-03-21 20:40:00', 2400, '2026-03-21 20:40:00');
INSERT INTO `user_learning_records` VALUES (8, 1, 4, 15, '2026-03-21 21:00:00', '2026-03-21 22:00:00', 3600, '2026-03-21 22:00:00');
INSERT INTO `user_learning_records` VALUES (9, 2, 1, 3, '2026-03-21 14:30:00', '2026-03-21 15:10:00', 2400, '2026-03-21 15:10:00');
INSERT INTO `user_learning_records` VALUES (10, 2, 2, 18, '2026-03-21 15:30:00', '2026-03-21 16:15:00', 2700, '2026-03-21 16:15:00');
INSERT INTO `user_learning_records` VALUES (11, 2, 3, 10, '2026-03-21 16:30:00', '2026-03-21 17:05:00', 2100, '2026-03-21 17:05:00');
INSERT INTO `user_learning_records` VALUES (12, 2, 4, 15, '2026-03-21 17:30:00', '2026-03-21 18:30:00', 3600, '2026-03-21 18:30:00');
INSERT INTO `user_learning_records` VALUES (13, 2, 1, 6, '2026-03-21 19:00:00', '2026-03-21 19:25:00', 1500, '2026-03-21 19:25:00');
INSERT INTO `user_learning_records` VALUES (14, 2, 2, 20, '2026-03-21 20:00:00', '2026-03-21 20:30:00', 1800, '2026-03-21 20:30:00');
INSERT INTO `user_learning_records` VALUES (15, 5, 3, 10, '2026-03-21 14:00:00', '2026-03-21 14:40:00', 2400, '2026-03-21 14:40:00');
INSERT INTO `user_learning_records` VALUES (16, 5, 3, 11, '2026-03-21 14:45:00', '2026-03-21 15:30:00', 2700, '2026-03-21 15:30:00');
INSERT INTO `user_learning_records` VALUES (17, 5, 1, 3, '2026-03-21 16:00:00', '2026-03-21 16:45:00', 2700, '2026-03-21 16:45:00');
INSERT INTO `user_learning_records` VALUES (18, 5, 2, 18, '2026-03-21 17:00:00', '2026-03-21 17:35:00', 2100, '2026-03-21 17:35:00');
INSERT INTO `user_learning_records` VALUES (19, 5, 3, 12, '2026-03-21 18:00:00', '2026-03-21 18:40:00', 2400, '2026-03-21 18:40:00');
INSERT INTO `user_learning_records` VALUES (20, 6, 4, 15, '2026-03-21 15:00:00', '2026-03-21 16:00:00', 3600, '2026-03-21 16:00:00');
INSERT INTO `user_learning_records` VALUES (21, 6, 4, 16, '2026-03-21 16:10:00', '2026-03-21 16:50:00', 2400, '2026-03-21 16:50:00');
INSERT INTO `user_learning_records` VALUES (22, 6, 1, 3, '2026-03-21 17:00:00', '2026-03-21 17:30:00', 1800, '2026-03-21 17:30:00');
INSERT INTO `user_learning_records` VALUES (23, 6, 4, 17, '2026-03-21 18:00:00', '2026-03-21 19:00:00', 3600, '2026-03-21 19:00:00');
INSERT INTO `user_learning_records` VALUES (24, 9, 5, 20, '2026-03-21 15:00:00', '2026-03-21 15:45:00', 2700, '2026-03-21 15:45:00');
INSERT INTO `user_learning_records` VALUES (25, 9, 5, 21, '2026-03-21 16:00:00', '2026-03-21 16:50:00', 3000, '2026-03-21 16:50:00');
INSERT INTO `user_learning_records` VALUES (26, 9, 5, 22, '2026-03-21 17:00:00', '2026-03-21 17:30:00', 1800, '2026-03-21 17:30:00');
INSERT INTO `user_learning_records` VALUES (27, 13, 1, 1, '2026-03-21 16:00:00', '2026-03-21 16:30:00', 1800, '2026-03-21 16:30:00');
INSERT INTO `user_learning_records` VALUES (28, 13, 1, 2, '2026-03-21 16:35:00', '2026-03-21 17:00:00', 1500, '2026-03-21 17:00:00');
INSERT INTO `user_learning_records` VALUES (29, 14, 2, 18, '2026-03-21 17:00:00', '2026-03-21 17:35:00', 2100, '2026-03-21 17:35:00');
INSERT INTO `user_learning_records` VALUES (30, 17, 3, 10, '2026-03-21 18:00:00', '2026-03-21 18:30:00', 1800, '2026-03-21 18:30:00');
INSERT INTO `user_learning_records` VALUES (31, 18, 1, 1, '2026-03-21 19:00:00', '2026-03-21 19:20:00', 1200, '2026-03-21 19:20:00');

-- ----------------------------
-- Table structure for user_study_statistics
-- ----------------------------
DROP TABLE IF EXISTS `user_study_statistics`;
CREATE TABLE `user_study_statistics`  (
  `id` bigint NOT NULL AUTO_INCREMENT COMMENT 'ID',
  `user_id` bigint NOT NULL COMMENT '用户ID',
  `stat_date` date NOT NULL COMMENT '统计日期',
  `total_study_time` int NOT NULL DEFAULT 0 COMMENT '总学习时长(分钟)',
  `course_count` int NOT NULL DEFAULT 0 COMMENT '学习课程数',
  `lesson_count` int NOT NULL DEFAULT 0 COMMENT '学习课时数',
  `create_time` datetime NOT NULL DEFAULT CURRENT_TIMESTAMP COMMENT '创建时间',
  PRIMARY KEY (`id`) USING BTREE,
  INDEX `idx_user_date`(`user_id` ASC, `stat_date` ASC) USING BTREE
) ENGINE = InnoDB AUTO_INCREMENT = 86 CHARACTER SET = utf8mb4 COLLATE = utf8mb4_0900_ai_ci COMMENT = '用户每日学习统计表' ROW_FORMAT = Dynamic;

-- ----------------------------
-- Records of user_study_statistics
-- ----------------------------
INSERT INTO `user_study_statistics` VALUES (1, 1, '2023-06-01', 120, 2, 3, '2025-11-21 13:45:30');
INSERT INTO `user_study_statistics` VALUES (2, 1, '2023-06-02', 135, 2, 4, '2025-11-21 13:45:30');
INSERT INTO `user_study_statistics` VALUES (3, 1, '2023-06-03', 0, 0, 0, '2025-11-21 13:45:30');
INSERT INTO `user_study_statistics` VALUES (4, 1, '2023-06-04', 90, 1, 2, '2025-11-21 13:45:30');
INSERT INTO `user_study_statistics` VALUES (5, 1, '2023-06-05', 150, 2, 5, '2025-11-21 13:45:30');
INSERT INTO `user_study_statistics` VALUES (6, 2, '2023-06-01', 180, 1, 3, '2025-11-21 13:45:30');
INSERT INTO `user_study_statistics` VALUES (7, 2, '2023-06-02', 0, 0, 0, '2025-11-21 13:45:30');
INSERT INTO `user_study_statistics` VALUES (8, 2, '2023-06-03', 165, 1, 3, '2025-11-21 13:45:30');
INSERT INTO `user_study_statistics` VALUES (9, 2, '2023-06-04', 195, 2, 4, '2025-11-21 13:45:30');
INSERT INTO `user_study_statistics` VALUES (10, 2, '2023-06-05', 120, 1, 2, '2025-11-21 13:45:30');
INSERT INTO `user_study_statistics` VALUES (11, 5, '2023-06-01', 0, 0, 0, '2025-11-21 13:45:30');
INSERT INTO `user_study_statistics` VALUES (12, 5, '2023-06-02', 150, 1, 3, '2025-11-21 13:45:30');
INSERT INTO `user_study_statistics` VALUES (13, 5, '2023-06-03', 135, 1, 2, '2025-11-21 13:45:30');
INSERT INTO `user_study_statistics` VALUES (14, 5, '2023-06-04', 165, 2, 4, '2025-11-21 13:45:30');
INSERT INTO `user_study_statistics` VALUES (15, 5, '2023-06-05', 180, 2, 3, '2025-11-21 13:45:30');
INSERT INTO `user_study_statistics` VALUES (16, 6, '2023-06-01', 0, 0, 0, '2025-11-21 13:45:30');
INSERT INTO `user_study_statistics` VALUES (17, 6, '2023-06-02', 0, 0, 0, '2025-11-21 13:45:30');
INSERT INTO `user_study_statistics` VALUES (18, 6, '2023-06-03', 120, 1, 2, '2025-11-21 13:45:30');
INSERT INTO `user_study_statistics` VALUES (19, 6, '2023-06-04', 0, 0, 0, '2025-11-21 13:45:30');
INSERT INTO `user_study_statistics` VALUES (20, 6, '2023-06-05', 135, 1, 3, '2025-11-21 13:45:30');
INSERT INTO `user_study_statistics` VALUES (21, 9, '2023-06-01', 0, 0, 0, '2025-11-21 13:45:30');
INSERT INTO `user_study_statistics` VALUES (22, 9, '2023-06-02', 0, 0, 0, '2025-11-21 13:45:30');
INSERT INTO `user_study_statistics` VALUES (23, 9, '2023-06-03', 0, 0, 0, '2025-11-21 13:45:30');
INSERT INTO `user_study_statistics` VALUES (24, 9, '2023-06-04', 165, 1, 3, '2025-11-21 13:45:30');
INSERT INTO `user_study_statistics` VALUES (25, 9, '2023-06-05', 0, 0, 0, '2025-11-21 13:45:30');
INSERT INTO `user_study_statistics` VALUES (26, 1, '2026-03-12', 120, 2, 4, '2026-03-12 22:00:00');
INSERT INTO `user_study_statistics` VALUES (27, 1, '2026-03-13', 90, 1, 3, '2026-03-13 21:30:00');
INSERT INTO `user_study_statistics` VALUES (28, 1, '2026-03-14', 150, 2, 5, '2026-03-14 22:00:00');
INSERT INTO `user_study_statistics` VALUES (29, 1, '2026-03-15', 180, 2, 6, '2026-03-15 23:00:00');
INSERT INTO `user_study_statistics` VALUES (30, 1, '2026-03-16', 60, 1, 2, '2026-03-16 20:00:00');
INSERT INTO `user_study_statistics` VALUES (31, 1, '2026-03-17', 200, 3, 7, '2026-03-17 23:30:00');
INSERT INTO `user_study_statistics` VALUES (32, 1, '2026-03-18', 135, 2, 4, '2026-03-18 22:15:00');
INSERT INTO `user_study_statistics` VALUES (33, 1, '2026-03-19', 100, 1, 3, '2026-03-19 21:00:00');
INSERT INTO `user_study_statistics` VALUES (34, 1, '2026-03-20', 160, 2, 5, '2026-03-20 22:45:00');
INSERT INTO `user_study_statistics` VALUES (35, 1, '2026-03-21', 210, 3, 8, '2026-03-21 23:50:00');
INSERT INTO `user_study_statistics` VALUES (36, 2, '2026-03-12', 80, 1, 3, '2026-03-12 20:30:00');
INSERT INTO `user_study_statistics` VALUES (37, 2, '2026-03-13', 110, 2, 4, '2026-03-13 21:00:00');
INSERT INTO `user_study_statistics` VALUES (38, 2, '2026-03-14', 95, 1, 3, '2026-03-14 20:45:00');
INSERT INTO `user_study_statistics` VALUES (39, 2, '2026-03-15', 130, 2, 5, '2026-03-15 22:00:00');
INSERT INTO `user_study_statistics` VALUES (40, 2, '2026-03-16', 75, 1, 2, '2026-03-16 19:30:00');
INSERT INTO `user_study_statistics` VALUES (41, 2, '2026-03-17', 140, 2, 5, '2026-03-17 21:30:00');
INSERT INTO `user_study_statistics` VALUES (42, 2, '2026-03-18', 105, 1, 4, '2026-03-18 20:15:00');
INSERT INTO `user_study_statistics` VALUES (43, 2, '2026-03-19', 90, 1, 3, '2026-03-19 20:00:00');
INSERT INTO `user_study_statistics` VALUES (44, 2, '2026-03-20', 125, 2, 4, '2026-03-20 21:30:00');
INSERT INTO `user_study_statistics` VALUES (45, 2, '2026-03-21', 155, 2, 6, '2026-03-21 22:30:00');
INSERT INTO `user_study_statistics` VALUES (46, 5, '2026-03-12', 60, 1, 2, '2026-03-12 19:00:00');
INSERT INTO `user_study_statistics` VALUES (47, 5, '2026-03-13', 120, 2, 4, '2026-03-13 21:00:00');
INSERT INTO `user_study_statistics` VALUES (48, 5, '2026-03-14', 80, 1, 3, '2026-03-14 20:00:00');
INSERT INTO `user_study_statistics` VALUES (49, 5, '2026-03-15', 150, 2, 5, '2026-03-15 22:00:00');
INSERT INTO `user_study_statistics` VALUES (50, 5, '2026-03-16', 100, 1, 3, '2026-03-16 20:30:00');
INSERT INTO `user_study_statistics` VALUES (51, 5, '2026-03-17', 90, 1, 3, '2026-03-17 21:00:00');
INSERT INTO `user_study_statistics` VALUES (52, 5, '2026-03-18', 130, 2, 4, '2026-03-18 22:00:00');
INSERT INTO `user_study_statistics` VALUES (53, 5, '2026-03-19', 110, 1, 4, '2026-03-19 21:30:00');
INSERT INTO `user_study_statistics` VALUES (54, 5, '2026-03-20', 140, 2, 5, '2026-03-20 22:00:00');
INSERT INTO `user_study_statistics` VALUES (55, 5, '2026-03-21', 95, 1, 3, '2026-03-21 21:00:00');
INSERT INTO `user_study_statistics` VALUES (56, 6, '2026-03-12', 45, 1, 2, '2026-03-12 19:30:00');
INSERT INTO `user_study_statistics` VALUES (57, 6, '2026-03-13', 60, 1, 2, '2026-03-13 20:00:00');
INSERT INTO `user_study_statistics` VALUES (58, 6, '2026-03-14', 30, 1, 1, '2026-03-14 18:30:00');
INSERT INTO `user_study_statistics` VALUES (59, 6, '2026-03-15', 90, 1, 3, '2026-03-15 21:00:00');
INSERT INTO `user_study_statistics` VALUES (60, 6, '2026-03-16', 0, 0, 0, '2026-03-16 00:00:00');
INSERT INTO `user_study_statistics` VALUES (61, 6, '2026-03-17', 75, 1, 3, '2026-03-17 20:30:00');
INSERT INTO `user_study_statistics` VALUES (62, 6, '2026-03-18', 50, 1, 2, '2026-03-18 19:00:00');
INSERT INTO `user_study_statistics` VALUES (63, 6, '2026-03-19', 80, 1, 3, '2026-03-19 21:00:00');
INSERT INTO `user_study_statistics` VALUES (64, 6, '2026-03-20', 65, 1, 2, '2026-03-20 20:00:00');
INSERT INTO `user_study_statistics` VALUES (65, 6, '2026-03-21', 100, 1, 4, '2026-03-21 22:00:00');
INSERT INTO `user_study_statistics` VALUES (66, 9, '2026-03-12', 0, 0, 0, '2026-03-12 00:00:00');
INSERT INTO `user_study_statistics` VALUES (67, 9, '2026-03-13', 30, 1, 1, '2026-03-13 18:00:00');
INSERT INTO `user_study_statistics` VALUES (68, 9, '2026-03-14', 0, 0, 0, '2026-03-14 00:00:00');
INSERT INTO `user_study_statistics` VALUES (69, 9, '2026-03-15', 45, 1, 2, '2026-03-15 19:30:00');
INSERT INTO `user_study_statistics` VALUES (70, 9, '2026-03-16', 60, 1, 2, '2026-03-16 20:00:00');
INSERT INTO `user_study_statistics` VALUES (71, 9, '2026-03-17', 0, 0, 0, '2026-03-17 00:00:00');
INSERT INTO `user_study_statistics` VALUES (72, 9, '2026-03-18', 90, 1, 3, '2026-03-18 21:30:00');
INSERT INTO `user_study_statistics` VALUES (73, 9, '2026-03-19', 0, 0, 0, '2026-03-19 00:00:00');
INSERT INTO `user_study_statistics` VALUES (74, 9, '2026-03-20', 40, 1, 1, '2026-03-20 19:00:00');
INSERT INTO `user_study_statistics` VALUES (75, 9, '2026-03-21', 75, 1, 3, '2026-03-21 21:00:00');
INSERT INTO `user_study_statistics` VALUES (76, 13, '2026-03-18', 45, 1, 2, '2026-03-18 20:00:00');
INSERT INTO `user_study_statistics` VALUES (77, 13, '2026-03-19', 60, 1, 2, '2026-03-19 21:00:00');
INSERT INTO `user_study_statistics` VALUES (78, 13, '2026-03-20', 30, 1, 1, '2026-03-20 19:30:00');
INSERT INTO `user_study_statistics` VALUES (79, 13, '2026-03-21', 50, 1, 2, '2026-03-21 20:00:00');
INSERT INTO `user_study_statistics` VALUES (80, 14, '2026-03-19', 40, 1, 1, '2026-03-19 20:30:00');
INSERT INTO `user_study_statistics` VALUES (81, 14, '2026-03-20', 55, 1, 2, '2026-03-20 21:00:00');
INSERT INTO `user_study_statistics` VALUES (82, 14, '2026-03-21', 35, 1, 1, '2026-03-21 19:00:00');
INSERT INTO `user_study_statistics` VALUES (83, 17, '2026-03-20', 30, 1, 1, '2026-03-20 20:00:00');
INSERT INTO `user_study_statistics` VALUES (84, 17, '2026-03-21', 45, 1, 2, '2026-03-21 21:30:00');
INSERT INTO `user_study_statistics` VALUES (85, 18, '2026-03-21', 20, 1, 1, '2026-03-21 19:00:00');

-- ----------------------------
-- Table structure for users
-- ----------------------------
DROP TABLE IF EXISTS `users`;
CREATE TABLE `users`  (
  `id` bigint NOT NULL AUTO_INCREMENT COMMENT '用户ID',
  `username` varchar(50) CHARACTER SET utf8mb4 COLLATE utf8mb4_0900_ai_ci NOT NULL COMMENT '用户名',
  `real_name` varchar(50) CHARACTER SET utf8mb4 COLLATE utf8mb4_0900_ai_ci NOT NULL COMMENT '用户真实姓名',
  `password` varchar(100) CHARACTER SET utf8mb4 COLLATE utf8mb4_0900_ai_ci NOT NULL COMMENT '密码(加密)',
  `email` varchar(100) CHARACTER SET utf8mb4 COLLATE utf8mb4_0900_ai_ci NULL DEFAULT NULL COMMENT '邮箱',
  `phone` varchar(20) CHARACTER SET utf8mb4 COLLATE utf8mb4_0900_ai_ci NULL DEFAULT NULL COMMENT '手机号',
  `status` tinyint NOT NULL DEFAULT 1 COMMENT '账号状态：1-正常，0-禁用，2-锁定（登录失败次数过多时）',
  `gender` tinyint NOT NULL COMMENT '性别：性别状态：1-男，0-女',
  `avatar` varchar(255) CHARACTER SET utf8mb4 COLLATE utf8mb4_0900_ai_ci NULL DEFAULT NULL COMMENT '头像URL',
  `create_time` datetime NOT NULL DEFAULT CURRENT_TIMESTAMP COMMENT '创建时间',
  `update_time` datetime NOT NULL DEFAULT CURRENT_TIMESTAMP ON UPDATE CURRENT_TIMESTAMP COMMENT '更新时间',
  `password_expire_time` datetime NULL DEFAULT NULL COMMENT '密码过期时间（配合密码有效期策略）',
  `last_login_ip` varchar(50) CHARACTER SET utf8mb4 COLLATE utf8mb4_0900_ai_ci NULL DEFAULT NULL COMMENT '最后登录IP',
  `last_login_time` datetime NULL DEFAULT NULL COMMENT '最后登录时间',
  PRIMARY KEY (`id`) USING BTREE,
  UNIQUE INDEX `uk_username`(`username` ASC) USING BTREE,
  UNIQUE INDEX `uk_email`(`email` ASC) USING BTREE
) ENGINE = InnoDB AUTO_INCREMENT = 19 CHARACTER SET = utf8mb4 COLLATE = utf8mb4_0900_ai_ci COMMENT = '用户表' ROW_FORMAT = Dynamic;

-- ----------------------------
-- Records of users
-- ----------------------------
INSERT INTO `users` VALUES (1, '张明', '张明', '{MD5}e10adc3949ba59abbe56e057f20f883e', 'zhangming@example.com', '13812345678', 1, 1, '/avatars/zhangming.jpg', '2025-11-21 13:45:30', '2026-03-24 21:28:10', '2025-11-29 18:49:15', '192.168.1.101', '2026-03-21 23:00:00');
INSERT INTO `users` VALUES (2, '李娜', '李娜', '{MD5}e10adc3949ba59abbe56e057f20f883e', 'lina@example.com', '13912345678', 1, 0, '/avatars/lina.jpg', '2025-11-21 13:45:30', '2026-03-24 21:28:10', NULL, '192.168.1.102', '2026-03-21 22:00:00');
INSERT INTO `users` VALUES (3, '王强', '王强', '{MD5}e10adc3949ba59abbe56e057f20f883e', 'wangqiang@example.com', '13712345678', 1, 1, '/avatars/wangqiang.jpg', '2025-11-21 13:45:30', '2026-01-31 13:10:19', NULL, NULL, NULL);
INSERT INTO `users` VALUES (4, '赵婷', '赵婷', '{MD5}e10adc3949ba59abbe56e057f20f883e', 'zhaoting@example.com', '13612345678', 1, 0, '/avatars/zhaoting.jpg', '2025-11-21 13:45:30', '2026-01-31 13:10:19', NULL, NULL, NULL);
INSERT INTO `users` VALUES (5, '陈伟', '陈伟', '{MD5}e10adc3949ba59abbe56e057f20f883e', 'chenwei@example.com', '13512345678', 1, 1, '/avatars/chenwei.jpg', '2025-11-21 13:45:30', '2026-03-24 21:28:10', NULL, '172.16.10.25', '2026-03-21 22:00:00');
INSERT INTO `users` VALUES (6, '刘芳', '刘芳', '{MD5}e10adc3949ba59abbe56e057f20f883e', 'liufang@example.com', '13412345678', 1, 0, '/avatars/liufang.jpg', '2025-11-21 13:45:30', '2026-03-24 21:28:10', NULL, '192.168.5.78', '2026-03-21 21:00:00');
INSERT INTO `users` VALUES (7, '杨涛', '杨涛', '{MD5}e10adc3949ba59abbe56e057f20f883e', 'yangtao@example.com', '13312345678', 1, 1, '/avatars/yangtao.jpg', '2025-11-21 13:45:30', '2026-01-31 13:10:19', NULL, NULL, NULL);
INSERT INTO `users` VALUES (8, '周红', '周红', '{MD5}e10adc3949ba59abbe56e057f20f883e', 'zhouhong@example.com', '13212345678', 1, 0, '/avatars/zhouhong.jpg', '2025-11-21 13:45:30', '2026-01-31 13:10:19', NULL, NULL, NULL);
INSERT INTO `users` VALUES (9, '吴刚', '吴刚', '{MD5}e10adc3949ba59abbe56e057f20f883e', 'wugang@example.com', '13112345678', 1, 1, '/avatars/wugang.jpg', '2025-11-21 13:45:30', '2026-03-24 21:28:10', NULL, '10.0.0.15', '2026-03-21 19:00:00');
INSERT INTO `users` VALUES (10, '郑静', '郑静', '{bcrypt}$2a$10$IabdDxiiexD1R/mhJB2L/.wM6SOwDLcdVtjGDjSkxOVPph/K/UHGO', 'zhengjing@example.com', '13012345678', 1, 0, 'https://spring-tian.oss-cn-beijing.aliyuncs.com/头像/2026/01/18/3e00b48a67234486a72e23da56d0ef6e.jpg', '2025-11-21 13:45:30', '2026-03-29 13:27:35', '2026-01-25 21:02:24', '127.0.0.1', '2026-03-29 13:27:35');
INSERT INTO `users` VALUES (11, '小张', '小张', '{MD5}e10adc3949ba59abbe56e057f20f883e', NULL, NULL, 1, 1, 'https://spring-tian.oss-cn-beijing.aliyuncs.com/头像/2026/01/18/3e00b48a67234486a72e23da56d0ef6e.jpg', '2025-12-14 13:14:13', '2026-02-07 16:53:16', NULL, '127.0.0.1', '2026-02-07 16:53:16');
INSERT INTO `users` VALUES (12, '张教授', '张教授', '{bcrypt}$2a$10$zlVKq9/58PhJHbHgk8xPPOMZbkB.XUCqeEJczDFEORS49eL.9EGEy', NULL, NULL, 1, 1, NULL, '2026-02-01 19:44:13', '2026-02-01 19:44:13', NULL, NULL, NULL);
INSERT INTO `users` VALUES (13, '张伟', '张伟', '{bcrypt}$2a$10$KuK0qnsI0tr8gC0vpAaLVe4dkK9MFahZFMF1JsTEcWqnrkXAqg7t2', NULL, NULL, 1, 1, NULL, '2026-02-01 19:55:43', '2026-03-24 21:28:10', NULL, '127.0.0.1', '2026-03-21 18:00:00');
INSERT INTO `users` VALUES (14, '王小强', '王小强', '{bcrypt}$2a$10$dASQP68icMR0t4ERFpb/nOKFra3ScGsstqtkq/G5n7.6DFdbge5YK', 'wangxiaoqiang@example.com', NULL, 0, 1, NULL, '2026-02-02 21:29:18', '2026-03-24 21:28:10', NULL, '127.0.0.1', '2026-03-21 19:00:00');
INSERT INTO `users` VALUES (16, '张佳豪', '张佳豪', '{bcrypt}$2a$10$bI4I8P2S8iGoH9ytLblameaKIVav2PTK9J2bDFOGEpVSUprsfCxni', 'zhangjiahao@example.com', NULL, 0, 1, NULL, '2026-02-02 21:31:58', '2026-03-07 15:20:37', NULL, NULL, NULL);
INSERT INTO `users` VALUES (17, '陈佳豪', '陈佳豪', '{bcrypt}$2a$10$JhOAMFG1vUqLhUZO4izxVuOD4Uw9NItPmDf544WRrSqZXSsb.c34e', 'chenjiahao@example.com', '13911111111', 0, 1, NULL, '2026-02-02 21:44:35', '2026-03-24 21:28:10', NULL, '127.0.0.1', '2026-03-21 20:00:00');
INSERT INTO `users` VALUES (18, '不知道', '不知道', '{bcrypt}$2a$10$uaW3VUPNDtk2L0LShtCyfeRv6PTxRDIdXouULeO2ifzgkDf06wVxi', '不知道@example.com', NULL, 1, 1, NULL, '2026-02-02 22:04:17', '2026-03-24 21:28:10', NULL, '127.0.0.1', '2026-03-21 20:00:00');

SET FOREIGN_KEY_CHECKS = 1;
